Workbook

Sheet 개요
B2: SCK 분석시스템 구축 POC - Common 테이블 명세서
B4: 대상 시스템 | C4: DACrux DMS / YMS (SCK 분석시스템 구축 POC)
B5: 영역 | C5: Common - DMS / YMS 가 함께 쓰는 공통 테이블 (사용자 / 권한 / 화면 기능 / 설정 / 설비 / 공정 / Lot 상태 / 서비스 로그)
B6: 기준 DB | C6: 로컬 개발 DB (Oracle 19c, 스키마 DMSMGR, 문자셋 AL32UTF8)
B7: 조회 일자 | C7: 2026-10-15
B8: 작성 근거 | C8: DB 메타데이터 (컬럼 / 주석 / 제약 / 인덱스 / 시퀀스) + Query XML (DMS/08_DBQuery/ORACLE) / C# 소스 + 같은 제품을 쓴 다른 프로젝트의 테이블 정의서 + 이 프로젝트 설계 문서
B9: 대상 범위 | C9: 테이블 17개 (이름 접두어 TQC_). POC 신규 테이블(TQP_GDS_*)은 POC 테이블 명세서에 따로 있다.
B10: 제외 | C10: 소스(Query XML / C#)에서 쓰지 않는 테이블: TQC_SEC_GROUP
B12: 집계 | C12: 값
B13: 테이블 수 | C13: =COUNTA('테이블 목록'!B4:B20) -> 17
B14: 컬럼 수 | C14: ='테이블 목록'!E21 -> 254
B15: 근거: DB 주석 | C15: ='테이블 목록'!I21 -> 12
B16: 근거: 원본 정의서 | C16: ='테이블 목록'!J21 -> 16
B17: 근거: 설계 문서 | C17: ='테이블 목록'!K21 -> 1
B18: 근거: 소스 | C18: ='테이블 목록'!L21 -> 132
B19: 근거: 이름 추정 | C19: ='테이블 목록'!M21 -> 21
B21: 시트 | C21: 내용
B22: 테이블 목록 | C22: 테이블 요약 (테이블명을 누르면 해당 시트로 이동, 근거별 행 수)
B23: 테이블별 시트 | C23: 컬럼 / 제약 조건 / 인덱스
B24: 관계(논리) | C24: Query XML / 소스의 조인으로 확인한 테이블 관계 (DB FK 없음)
B25: 시퀀스 | C25: 이 영역 테이블이 쓰는 시퀀스
B27: 표기 기준 | C27: 설명
B28: 데이터 타입 | C28: VARCHAR2(n CHAR) = 글자 수 기준, VARCHAR2(n) = byte 기준
B29: NULL / PK | C29: NULL: N = NOT NULL (필수), Y = NULL 허용. PK: 기본 키 안 순서 (노란 행)
B30: 반복 컬럼 | C30: 같은 접두어 + 번호가 이어지는 컬럼은 한 줄로 묶었다 (회색 행, 예: BIN001 ~ BIN151). No 는 첫 ~ 끝 컬럼 순번
B31: 참조 (논리) | C31: 조인으로 확인한 부모 테이블. DB FK 는 없다
B32: 근거 | C32: DB 주석 = DB 컬럼 주석 / 원본 정의서 = 같은 제품을 쓴 다른 프로젝트의 테이블 정의서 (컬럼이 같은 것만) / 설계 문서 = 이 프로젝트 설계 문서 (문서/설계) / 소스 = Query XML / C# 소스에서 쓰임을 확인 / 이름 추정 = 근거 자료 없이 컬럼 이름과 값으로 추정 - 확인 필요
B34: 참고 | C34: 내용
... B40: 참고 6 | C40: 쓰지 않는 시퀀스 12개(CMP_BALL_SEQ, CMP_SEQ, CONFIRM_SEQ, DATA_SEQ, HIST_SEQ, RECIPE_SEQ, REPEATER_SEQ, REPEAT_SEQ, REPEAT_SPEC_SEQ, RES_RECIPE_SEQ, SIZE_SEQ, SPEC_SEQ)는 시퀀스 시트에서 뺐다.

Sheet 테이블 목록
A1: Common 테이블 목록
A3: No | B3: 테이블명 | C3: 테이블 설명 | D3: 기본 키 (PK) | E3: 컬럼 수 | F3: 사용 기능 | G3: 관련 테이블 (논리) | H3: Query XML | I3: 근거: DB 주석 | J3: 근거: 원본 정의서 | K3: 근거: 설계 문서 | L3: 근거: 소스 | M3: 근거: 이름 추정
A4: 1 | B4: TQC_CONFIG | C4: 공통 설정값 (범주 + 이름별 값, FTP 접속 / 화면 옵션 기본값 등) | E4: =TQC_CONFIG!E5 -> 5 | F4: Configuration Common 화면(F02101) / 사용자 설정 기본값 / Defect Map 이미지 FTP(DEFECT_FTP) / AVI FTP / Defect Alarm 메일 설정 | G4: TQC_CONFIG_USER | H4: TQC_CONFIG.xml | I4: =COUNTIF(TQC_CONFIG!I9:I13,"DB 주석") -> 0 | J4: =COUNTIF(TQC_CONFIG!I9:I13,"원본 정의서") -> 3 | K4: =COUNTIF(TQC_CONFIG!I9:I13,"설계 문서") -> 0 | L4: =COUNTIF(TQC_CONFIG!I9:I13,"소스") -> 2 | M4: =COUNTIF(TQC_CONFIG!I9:I13,"이름 추정") -> 0
A5: 2 | B5: TQC_CONFIG_USER | C5: 사용자별 설정값 (TQC_CONFIG 항목을 공장 / 사용자별로 덮어씀, 표시 항목 / 색상 등) | E5: =TQC_CONFIG_USER!E5 -> 10 | F5: Configuration User 화면(F02105) / Defect Map / Map Gallery / Test Map View 표시 옵션 | G5: TQC_CONFIG | H5: TQC_CONFIG_USER.xml | I5: =COUNTIF(TQC_CONFIG_USER!I9:I18,"DB 주석") -> 0 | J5: =COUNTIF(TQC_CONFIG_USER!I9:I18,"원본 정의서") -> 0 | K5: =COUNTIF(TQC_CONFIG_USER!I9:I18,"설계 문서") -> 0 | L5: =COUNTIF(TQC_CONFIG_USER!I9:I18,"소스") -> 10 | M5: =COUNTIF(TQC_CONFIG_USER!I9:I18,"이름 추정") -> 0
A6: 3 | B6: TQC_EQUIP | C6: 설비 기준정보 (Area / 공정 / 모델 / 데이터 수집 Handler / 설비별 옵션 / 현재 상태) | D6: FACTORY, EQUIP_ID | E6: =TQC_EQUIP!E5 -> 46 | F6: 설비 정의 화면(F02103) / 각 Data Service 의 Handler 생성 / PCM Equip Status(F04202) / PCM Status Service | G6: TQC_EQUIP_MODEL, TQC_LOT_STS, TQC_OPER, TQP_WAFER_SUM | H6: TQC_EQUIP.xml | I6: =COUNTIF(TQC_EQUIP!I9:I22,"DB 주석") -> 4 | J6: =COUNTIF(TQC_EQUIP!I9:I22,"원본 정의서") -> 0 | K6: =COUNTIF(TQC_EQUIP!I9:I22,"설계 문서") -> 0 | L6: =COUNTIF(TQC_EQUIP!I9:I22,"소스") -> 9 | M6: =COUNTIF(TQC_EQUIP!I9:I22,"이름 추정") -> 1
A7: 4 | B7: TQC_EQUIP_MODEL | C7: 설비 모델 기준정보 | D7: FACTORY, EQUIP_MODEL | E7: =TQC_EQUIP_MODEL!E5 -> 17 | F7: 설비 모델 정의 화면(F02102) / 설비 정의 화면 모델 선택 | G7: TQC_EQUIP | H7: TQC_EQUIP_MODEL.xml | I7: =COUNTIF(TQC_EQUIP_MODEL!I9:I16,"DB 주석") -> 4 | J7: =COUNTIF(TQC_EQUIP_MODEL!I9:I16,"원본 정의서") -> 0 | K7: =COUNTIF(TQC_EQUIP_MODEL!I9:I16,"설계 문서") -> 0 | L7: =COUNTIF(TQC_EQUIP_MODEL!I9:I16,"소스") -> 4 | M7: =COUNTIF(TQC_EQUIP_MODEL!I9:I16,"이름 추정") -> 0
A8: 5 | B8: TQC_FUNCTION_LIST | C8: 화면(기능) 목록 (권한 부여 단위, 메뉴 FUNCTION_CODE 와 같은 코드) | D8: FUNC_CODE | E8: =TQC_FUNCTION_LIST!E5 -> 3 | F8: 기능 관리 화면(F01103) / 보안 그룹 관리(F01102) / 사용자 모니터링(F01104) | G8: TQC_GROUP_FUNCTION, TQC_USER_HITLOG | H8: TQC_FUNCTION_LIST.xml | I8: =COUNTIF(TQC_FUNCTION_LIST!I9:I11,"DB 주석") -> 0 | J8: =COUNTIF(TQC_FUNCTION_LIST!I9:I11,"원본 정의서") -> 3 | K8: =COUNTIF(TQC_FUNCTION_LIST!I9:I11,"설계 문서") -> 0 | L8: =COUNTIF(TQC_FUNCTION_LIST!I9:I11,"소스") -> 0 | M8: =COUNTIF(TQC_FUNCTION_LIST!I9:I11,"이름 추정") -> 0
A9: 6 | B9: TQC_GROUP_FUNCTION | C9: 권한 그룹별 허용 화면(기능) 목록 | D9: SEC_GRP_ID, FUNC_CODE | E9: =TQC_GROUP_FUNCTION!E5 -> 2 | F9: 보안 그룹 관리(F01102) / 메뉴 실행 시 권한 체크(UXUtil.AccessCheck) | G9: TQC_FUNCTION_LIST, TQC_SECURITY_GROUP | H9: TQC_GROUP_FUNCTION.xml | I9: =COUNTIF(TQC_GROUP_FUNCTION!I9:I10,"DB 주석") -> 0 | J9: =COUNTIF(TQC_GROUP_FUNCTION!I9:I10,"원본 정의서") -> 2 | K9: =COUNTIF(TQC_GROUP_FUNCTION!I9:I10,"설계 문서") -> 0 | L9: =COUNTIF(TQC_GROUP_FUNCTION!I9:I10,"소스") -> 0 | M9: =COUNTIF(TQC_GROUP_FUNCTION!I9:I10,"이름 추정") -> 0
A10: 7 | B10: TQC_GROUP_USER | C10: 권한 그룹별 소속 사용자 (사용자 1명이 여러 그룹 가능) | E10: =TQC_GROUP_USER!E5 -> 2 | F10: 사용자 관리(F01101) / 보안 그룹 관리(F01102) / 내 정보 / 메뉴 권한 체크 | G10: TQC_SECURITY_GROUP, TQC_USER | H10: TQC_GROUP_USER.xml | I10: =COUNTIF(TQC_GROUP_USER!I9:I10,"DB 주석") -> 0 | J10: =COUNTIF(TQC_GROUP_USER!I9:I10,"원본 정의서") -> 2 | K10: =COUNTIF(TQC_GROUP_USER!I9:I10,"설계 문서") -> 0 | L10: =COUNTIF(TQC_GROUP_USER!I9:I10,"소스") -> 0 | M10: =COUNTIF(TQC_GROUP_USER!I9:I10,"이름 추정") -> 0
A11: 8 | B11: TQC_LOSS_YIELD_SUM | C11: CP-Defect 매칭 결과 일 집계 (일자 / Device / Test Area / Step 별 Loss Yield) | E11: =TQC_LOSS_YIELD_SUM!E5 -> 22 | F11: Prediction Yield Report(F06005) 의 최근 30일 Step 별 평균 Loss Yield | G11: TQC_MATCH_SUM | H11: TQC_LOSS_YIELD_SUM.xml | I11: =COUNTIF(TQC_LOSS_YIELD_SUM!I9:I30,"DB 주석") -> 0 | J11: =COUNTIF(TQC_LOSS_YIELD_SUM!I9:I30,"원본 정의서") -> 0 | K11: =COUNTIF(TQC_LOSS_YIELD_SUM!I9:I30,"설계 문서") -> 0 | L11: =COUNTIF(TQC_LOSS_YIELD_SUM!I9:I30,"소스") -> 22 | M11: =COUNTIF(TQC_LOSS_YIELD_SUM!I9:I30,"이름 추정") -> 0
A12: 9 | B12: TQC_LOT_HIS | C12: MES Lot 공정 진행 이력 (Flow / 공정 / Recipe / 설비) | D12: LOT_ID, TRAN_TIME | E12: =TQC_LOT_HIS!E5 -> 16 | F12: Commonality Study(F06003) / Commonality Lot List (양품 / 불량 Lot 공정 이력 비교) | H12: TQC_LOT_HIS.xml | I12: =COUNTIF(TQC_LOT_HIS!I9:I24,"DB 주석") -> 0 | J12: =COUNTIF(TQC_LOT_HIS!I9:I24,"원본 정의서") -> 0 | K12: =COUNTIF(TQC_LOT_HIS!I9:I24,"설계 문서") -> 0 | L12: =COUNTIF(TQC_LOT_HIS!I9:I24,"소스") -> 8 | M12: =COUNTIF(TQC_LOT_HIS!I9:I24,"이름 추정") -> 8
A13: 10 | B13: TQC_LOT_STS | C13: MES Lot 상태 (Lot 별 고객 / Device / Device Alias(MASK_ID) / 투입 일자) | D13: LOT_NO | E13: =TQC_LOT_STS!E5 -> 20 | F13: CP / AVI Data Service 의 Device 정보 조회 / CP-Defect Die 매칭 / Defect Map Map ID 조회 / PCM Equip Status | G13: TQC_EQUIP, TQP_LOT, TQP_MAPDEF | H13: TQC_LOT_STS.xml | I13: =COUNTIF(TQC_LOT_STS!I9:I24,"DB 주석") -> 0 | J13: =COUNTIF(TQC_LOT_STS!I9:I24,"원본 정의서") -> 0 | K13: =COUNTIF(TQC_LOT_STS!I9:I24,"설계 문서") -> 1 | L13: =COUNTIF(TQC_LOT_STS!I9:I24,"소스") -> 4 | M13: =COUNTIF(TQC_LOT_STS!I9:I24,"이름 추정") -> 11
A14: 11 | B14: TQC_MATCH_SUM | C14: Wafer 별 CP 테스트 결과와 DM Defect 매칭 요약 (Kill Ratio / Loss Yield) | E14: =TQC_MATCH_SUM!E5 -> 27 | F14: CP Data Service 업로드 시 생성(InsertMatchSum) / Prediction Yield Report(F06005) | G14: TQC_LOSS_YIELD_SUM, TQD_DEFECT_DIE, TQD_INSP_INFO, TQP_MAPDEF, TQP_WAFER_SUM | I14: =COUNTIF(TQC_MATCH_SUM!I9:I35,"DB 주석") -> 0 | J14: =COUNTIF(TQC_MATCH_SUM!I9:I35,"원본 정의서") -> 0 | K14: =COUNTIF(TQC_MATCH_SUM!I9:I35,"설계 문서") -> 0 | L14: =COUNTIF(TQC_MATCH_SUM!I9:I35,"소스") -> 27 | M14: =COUNTIF(TQC_MATCH_SUM!I9:I35,"이름 추정") -> 0
A15: 12 | B15: TQC_NOTICE_BOARD | C15: 공지사항 (한국어 / 영어 / 중국어 제목과 본문, 게시 기간) | D15: NOTICE_SEQ | E15: =TQC_NOTICE_BOARD!E5 -> 14 | F15: 클라이언트 시작 시 오늘 공지 팝업(DACruxMain.CheckNoticePopup) | H15: TQC_NOTICE_BOARD.xml | I15: =COUNTIF(TQC_NOTICE_BOARD!I9:I22,"DB 주석") -> 0 | J15: =COUNTIF(TQC_NOTICE_BOARD!I9:I22,"원본 정의서") -> 0 | K15: =COUNTIF(TQC_NOTICE_BOARD!I9:I22,"설계 문서") -> 0 | L15: =COUNTIF(TQC_NOTICE_BOARD!I9:I22,"소스") -> 14 | M15: =COUNTIF(TQC_NOTICE_BOARD!I9:I22,"이름 추정") -> 0
A16: 13 | B16: TQC_OPER | C16: Area / 공정 기준정보 | D16: FACTORY, AREA, OPER | E16: =TQC_OPER!E5 -> 18 | F16: 공정 정의 화면(F02104) / 설비 정의 화면의 Area / Oper 선택 목록 | G16: TQC_EQUIP | H16: TQC_OPER.xml | I16: =COUNTIF(TQC_OPER!I9:I17,"DB 주석") -> 4 | J16: =COUNTIF(TQC_OPER!I9:I17,"원본 정의서") -> 0 | K16: =COUNTIF(TQC_OPER!I9:I17,"설계 문서") -> 0 | L16: =COUNTIF(TQC_OPER!I9:I17,"소스") -> 5 | M16: =COUNTIF(TQC_OPER!I9:I17,"이름 추정") -> 0
A17: 14 | B17: TQC_SECURITY_GROUP | C17: 권한(보안) 그룹 정의 | D17: SEC_GRP_ID | E17: =TQC_SECURITY_GROUP!E5 -> 3 | F17: 보안 그룹 관리(F01102) / 사용자 관리(F01101) / 내 정보 | G17: TQC_GROUP_FUNCTION, TQC_GROUP_USER | H17: TQC_SECURITY_GROUP.xml | I17: =COUNTIF(TQC_SECURITY_GROUP!I9:I11,"DB 주석") -> 0 | J17: =COUNTIF(TQC_SECURITY_GROUP!I9:I11,"원본 정의서") -> 0 | K17: =COUNTIF(TQC_SECURITY_GROUP!I9:I11,"설계 문서") -> 0 | L17: =COUNTIF(TQC_SECURITY_GROUP!I9:I11,"소스") -> 3 | M17: =COUNTIF(TQC_SECURITY_GROUP!I9:I11,"이름 추정") -> 0
A18: 15 | B18: TQC_SERVICE_LOG | C18: Data Service 처리 로그 (파일별 성공 / 오류 / 경고, 처리 시간) | D18: FACTORY, SERVICE_NAME, TRAN_KEY | E18: =TQC_SERVICE_LOG!E5 -> 13 | F18: Inspection / Review / CP / PCM / AVI Data Service 기록(USE_TQC_SERVICE_LOG) / Data Service Log 화면(F06002) | H18: TQC_SERVICE_LOG.xml | I18: =COUNTIF(TQC_SERVICE_LOG!I9:I21,"DB 주석") -> 0 | J18: =COUNTIF(TQC_SERVICE_LOG!I9:I21,"원본 정의서") -> 0 | K18: =COUNTIF(TQC_SERVICE_LOG!I9:I21,"설계 문서") -> 0 | L18: =COUNTIF(TQC_SERVICE_LOG!I9:I21,"소스") -> 13 | M18: =COUNTIF(TQC_SERVICE_LOG!I9:I21,"이름 추정") -> 0
A19: 16 | B19: TQC_USER | C19: 사용자 정보 (로그인 ID / 이름 / 암호 / 연락처 / 부서) | E19: =TQC_USER!E5 -> 29 | F19: 로그인 / 사용자 관리(F01101) / 내 정보 / 사용자 모니터링(F01104) | G19: TQC_GROUP_USER, TQC_USER_HITLOG | H19: TQC_USER.xml | I19: =COUNTIF(TQC_USER!I9:I19,"DB 주석") -> 0 | J19: =COUNTIF(TQC_USER!I9:I19,"원본 정의서") -> 4 | K19: =COUNTIF(TQC_USER!I9:I19,"설계 문서") -> 0 | L19: =COUNTIF(TQC_USER!I9:I19,"소스") -> 6 | M19: =COUNTIF(TQC_USER!I9:I19,"이름 추정") -> 1
A20: 17 | B20: TQC_USER_HITLOG | C20: 화면 사용 기록 (사용자 / 화면 / IP / 시작 / 종료 시각) | E20: =TQC_USER_HITLOG!E5 -> 7 | F20: 모든 화면 열기 / 닫기 시 기록(DACruxUXBasic01) / 사용자 모니터링(F01104) | G20: TQC_FUNCTION_LIST, TQC_USER | H20: TQC_USER_HITLOG.xml | I20: =COUNTIF(TQC_USER_HITLOG!I9:I15,"DB 주석") -> 0 | J20: =COUNTIF(TQC_USER_HITLOG!I9:I15,"원본 정의서") -> 2 | K20: =COUNTIF(TQC_USER_HITLOG!I9:I15,"설계 문서") -> 0 | L20: =COUNTIF(TQC_USER_HITLOG!I9:I15,"소스") -> 5 | M20: =COUNTIF(TQC_USER_HITLOG!I9:I15,"이름 추정") -> 0
D21: 합계 | E21: =SUM(E4:E20) -> 254 | I21: =SUM(I4:I20) -> 12 | J21: =SUM(J4:J20) -> 16 | K21: =SUM(K4:K20) -> 1 | L21: =SUM(L4:L20) -> 132 | M21: =SUM(M4:M20) -> 21

Sheet TQC_CONFIG
A1: 테이블 명세서
I2: <- 테이블 목록
A3: 테이블명 | C3: TQC_CONFIG | D3: 영역 | E3: Common | G3: 스키마 | H3: DMSMGR
A4: 테이블 설명 | C4: 공통 설정값 (범주 + 이름별 값, FTP 접속 / 화면 옵션 기본값 등)
A5: 기본 키 (PK) | C5: (없음) | D5: 컬럼 수 | E5: =SUM(J9:J13) -> 5 | G5: Query XML | H5: TQC_CONFIG.xml
A6: 사용 기능 | C6: Configuration Common 화면(F02101) / 사용자 설정 기본값 / Defect Map 이미지 FTP(DEFECT_FTP) / AVI FTP / Defect Alarm 메일 설정
A8: No | B8: 컬럼명 | C8: 컬럼 설명 | D8: 데이터 타입 | E8: NULL | F8: PK | G8: 참조 (논리) | H8: 기본값 | I8: 근거
A9: 1 | B9: CATEGORY | C9: 설정 범주 (예: DEFECT_FTP / AVI_FTP / INTERFACE / WAFER_OPTION) | D9: VARCHAR2(40) | E9: N | I9: 원본 정의서 | J9: 1
A10: 2 | B10: NAME | C10: 설정 항목 이름 (범주 안에서 구분) | D10: VARCHAR2(40) | E10: N | I10: 원본 정의서 | J10: 1
A11: 3 | B11: VALUE | C11: 설정값 | D11: VARCHAR2(256) | E11: N | I11: 원본 정의서 | J11: 1
A12: 4 | B12: TYPE | C12: 값 유형 (STRING / NUMBER / INTEGER / HEXA) | D12: VARCHAR2(40) | E12: N | I12: 소스 | J12: 1
A13: 5 | B13: COMMENT | C13: 설정 항목 설명 | D13: VARCHAR2(128) | E13: Y | I13: 소스 | J13: 1
A15: 제약 조건
A16: No | B16: 구분 | C16: 제약 이름 | D16: 컬럼 | G16: 내용
A17: - | B17: - | C17: (없음)
A19: 인덱스
A20: No | B20: 유일 | C20: 인덱스 이름 | D20: 컬럼 | G20: 용도
A21: - | B21: - | C21: (없음)

Sheet TQC_CONFIG_USER
A1: 테이블 명세서
I2: <- 테이블 목록
A3: 테이블명 | C3: TQC_CONFIG_USER | D3: 영역 | E3: Common | G3: 스키마 | H3: DMSMGR
A4: 테이블 설명 | C4: 사용자별 설정값 (TQC_CONFIG 항목을 공장 / 사용자별로 덮어씀, 표시 항목 / 색상 등)
A5: 기본 키 (PK) | C5: (없음) | D5: 컬럼 수 | E5: =SUM(J9:J18) -> 10 | G5: Query XML | H5: TQC_CONFIG_USER.xml
A6: 사용 기능 | C6: Configuration User 화면(F02105) / Defect Map / Map Gallery / Test Map View 표시 옵션
A8: No | B8: 컬럼명 | C8: 컬럼 설명 | D8: 데이터 타입 | E8: NULL | F8: PK | G8: 참조 (논리) | H8: 기본값 | I8: 근거
A9: 1 | B9: FACTORY | C9: 공장 코드 (로그인 Factory, 예: SCK) | D9: VARCHAR2(40) | E9: N | I9: 소스 | J9: 1
A10: 2 | B10: CATEGORY | C10: 설정 범주 (TQC_CONFIG.CATEGORY) | D10: VARCHAR2(40) | E10: N | G10: TQC_CONFIG | I10: 소스 | J10: 1
A11: 3 | B11: NAME | C11: 설정 항목 이름 (TQC_CONFIG.NAME) | D11: VARCHAR2(40) | E11: N | G11: TQC_CONFIG | I11: 소스 | J11: 1
A12: 4 | B12: VALUE | C12: 사용자 설정값 (있으면 TQC_CONFIG.VALUE 대신 사용) | D12: VARCHAR2(256) | E12: N | I12: 소스 | J12: 1
A13: 5 | B13: TYPE | C13: 값 유형 (STRING / NUMBER / INTEGER / HEXA) | D13: VARCHAR2(40) | E13: N | I13: 소스 | J13: 1
A14: 6 | B14: USERID | C14: 사용자 ID (설정 소유자) | D14: VARCHAR2(40) | E14: N | I14: 소스 | J14: 1
A15: 7 | B15: ORDERED | C15: 표시 순서 (선택 항목은 1부터, 순서 없는 항목은 0) | D15: NUMBER | E15: N | I15: 소스 | J15: 1
A16: 8 | B16: CREATE_TIME | C16: 생성 일시 | D16: DATE | E16: Y | I16: 소스 | J16: 1
A17: 9 | B17: CREATE_USER | C17: 생성 사용자 ID | D17: VARCHAR2(40) | E17: Y | I17: 소스 | J17: 1
A18: 10 | B18: COMMENT | C18: 설정 항목 설명 | D18: VARCHAR2(128) | E18: Y | I18: 소스 | J18: 1
A20: 제약 조건
A21: No | B21: 구분 | C21: 제약 이름 | D21: 컬럼 | G21: 내용
A22: - | B22: - | C22: (없음)
A24: 인덱스
A25: No | B25: 유일 | C25: 인덱스 이름 | D25: 컬럼 | G25: 용도
A26: - | B26: - | C26: (없음)

Sheet TQC_EQUIP
A1: 테이블 명세서
I2: <- 테이블 목록
A3: 테이블명 | C3: TQC_EQUIP | D3: 영역 | E3: Common | G3: 스키마 | H3: DMSMGR
A4: 테이블 설명 | C4: 설비 기준정보 (Area / 공정 / 모델 / 데이터 수집 Handler / 설비별 옵션 / 현재 상태)
A5: 기본 키 (PK) | C5: PK_TQC_EQUIP (FACTORY, EQUIP_ID) | D5: 컬럼 수 | E5: =SUM(J9:J22) -> 46 | G5: Query XML | H5: TQC_EQUIP.xml
A6: 사용 기능 | C6: 설비 정의 화면(F02103) / 각 Data Service 의 Handler 생성 / PCM Equip Status(F04202) / PCM Status Service
A8: No | B8: 컬럼명 | C8: 컬럼 설명 | D8: 데이터 타입 | E8: NULL | F8: PK | G8: 참조 (논리) | H8: 기본값 | I8: 근거
A9: 1 | B9: FACTORY | C9: 공장 코드 (로그인 Factory, 예: SCK) | D9: VARCHAR2(40) | E9: N | F9: 1 | G9: TQC_EQUIP_MODEL, TQC_OPER | I9: 소스 | J9: 1
A10: 2 | B10: EQUIP_ID | C10: 설비 ID (예: IPS201 / PTT001 / DTA001) | D10: VARCHAR2(40) | E10: N | F10: 2 | I10: 소스 | J10: 1
A11: 3 | B11: HANDLER | C11: 데이터 수집 Handler 이름 (HandlerInsp / HandlerCp / HandlerPcm_* 등) | D11: VARCHAR2(40) | E11: Y | I11: 소스 | J11: 1
A12: 4 | B12: EQUIP_MODEL | C12: 설비 모델 (TQC_EQUIP_MODEL.EQUIP_MODEL) | D12: VARCHAR2(40) | E12: Y | G12: TQC_EQUIP_MODEL | I12: 소스 | J12: 1
A13: 5 | B13: AREA | C13: 공정 Area (DM / TEST / FOI / PVD, TQC_OPER.AREA) | D13: VARCHAR2(40) | E13: Y | G13: TQC_OPER | I13: 소스 | J13: 1
A14: 6 | B14: OPER | C14: 공정 (Inspection / Review / PARAMETRIC / MULTIPROBE 등) | D14: VARCHAR2(40) | E14: Y | G14: TQC_OPER | I14: 소스 | J14: 1
A15: 7 | B15: CREATE_USER_ID | C15: 생성 사용자 ID | D15: VARCHAR2(20) | E15: Y | I15: DB 주석 | J15: 1
A16: 8 | B16: CREATE_TIME | C16: 생성 일시 | D16: DATE | E16: Y | I16: DB 주석 | J16: 1
A17: 9 | B17: UPDATE_USER_ID | C17: 수정 사용자 ID | D17: VARCHAR2(20) | E17: Y | I17: DB 주석 | J17: 1
A18: 10 | B18: UPDATE_TIME | C18: 수정 일시 | D18: DATE | E18: Y | I18: DB 주석 | J18: 1
A19: 11 ~ 19 | B19: QTY_1 ~ QTY_9 (9개) | C19: 수량 예비 필드 1~9 (설비 정의 화면 저장만, 로직 사용 없음) | D19: NUMBER(10) | E19: Y | I19: 이름 추정 | J19: 9
A20: 20 ~ 28 | B20: EQUIP_GRP_1 ~ EQUIP_GRP_9 (9개) | C20: 설비 그룹 / 경로 1~9 (1 = DM 원본 파일 추가 복사 경로, 2~9 미사용) | D20: VARCHAR2(500) | E20: Y | I20: 소스 | J20: 9
A21: 29 ~ 37 | B21: EQUIP_STS_1 ~ EQUIP_STS_9 (9개) | C21: PCM 설비 상태 (1 상태, 2 상태시각, 3 Lot, 4 Wafer, 5 P-Card, 6 작업자, 7 PGM, 8 WAFER_SEQ, 9 파싱완료) | D21: VARCHAR2(50) | E21: Y | I21: 소스 | J21: 9
A22: 38 ~ 46 | B22: EQUIP_CMF_1 ~ EQUIP_CMF_9 (9개) | C22: 설비 옵션 (1 회전각 / Map 보정 / Probe 수 증가, 2 Review 폴더, 3~6 Cluster / New Defect 기준, 7 LotEnd Review) | D22: VARCHAR2(50) | E22: Y | I22: 소스 | J22: 9
A24: 제약 조건
A25: No | B25: 구분 | C25: 제약 이름 | D25: 컬럼 | G25: 내용
A26: 1 | B26: PK | C26: PK_TQC_EQUIP | D26: FACTORY, EQUIP_ID | G26: 기본 키
A28: 인덱스
A29: No | B29: 유일 | C29: 인덱스 이름 | D29: 컬럼 | G29: 용도
A30: 1 | B30: UNIQUE | C30: PK_TQC_EQUIP | D30: FACTORY, EQUIP_ID | G30: 기본 키

Sheet TQC_EQUIP_MODEL
A1: 테이블 명세서
I2: <- 테이블 목록
A3: 테이블명 | C3: TQC_EQUIP_MODEL | D3: 영역 | E3: Common | G3: 스키마 | H3: DMSMGR
A4: 테이블 설명 | C4: 설비 모델 기준정보
A5: 기본 키 (PK) | C5: PK_TQC_EQUIP_MODEL (FACTORY, EQUIP_MODEL) | D5: 컬럼 수 | E5: =SUM(J9:J16) -> 17 | G5: Query XML | H5: TQC_EQUIP_MODEL.xml
A6: 사용 기능 | C6: 설비 모델 정의 화면(F02102) / 설비 정의 화면 모델 선택
A8: No | B8: 컬럼명 | C8: 컬럼 설명 | D8: 데이터 타입 | E8: NULL | F8: PK | G8: 참조 (논리) | H8: 기본값 | I8: 근거
A9: 1 | B9: FACTORY | C9: 공장 코드 (로그인 Factory, 예: SCK) | D9: VARCHAR2(40) | E9: N | F9: 1 | I9: 소스 | J9: 1
A10: 2 | B10: EQUIP_MODEL | C10: 설비 모델 이름 (예: KLA2139 / IP750) | D10: VARCHAR2(40) | E10: N | F10: 2 | I10: 소스 | J10: 1
A11: 3 | B11: EQUIP_MODEL_DESC | C11: 설비 모델 설명 | D11: VARCHAR2(200) | E11: Y | I11: 소스 | J11: 1
A12: 4 ~ 13 | B12: CMF_FIELD01 ~ CMF_FIELD10 (10개) | C12: 사용자 정의 필드 1~10 (화면 저장만, 로직 사용 없음) | D12: VARCHAR2(50) | E12: Y | I12: 소스 | J12: 10
A13: 14 | B13: CREATE_USER_ID | C13: 생성 사용자 ID | D13: VARCHAR2(20) | E13: Y | I13: DB 주석 | J13: 1
A14: 15 | B14: CREATE_TIME | C14: 생성 일시 | D14: DATE | E14: Y | I14: DB 주석 | J14: 1
A15: 16 | B15: UPDATE_USER_ID | C15: 수정 사용자 ID | D15: VARCHAR2(20) | E15: Y | I15: DB 주석 | J15: 1
A16: 17 | B16: UPDATE_TIME | C16: 수정 일시 | D16: DATE | E16: Y | I16: DB 주석 | J16: 1
A18: 제약 조건
A19: No | B19: 구분 | C19: 제약 이름 | D19: 컬럼 | G19: 내용
A20: 1 | B20: PK | C20: PK_TQC_EQUIP_MODEL | D20: FACTORY, EQUIP_MODEL | G20: 기본 키
A22: 인덱스
A23: No | B23: 유일 | C23: 인덱스 이름 | D23: 컬럼 | G23: 용도
A24: 1 | B24: UNIQUE | C24: PK_TQC_EQUIP_MODEL | D24: FACTORY, EQUIP_MODEL | G24: 기본 키

Sheet TQC_FUNCTION_LIST
A1: 테이블 명세서
I2: <- 테이블 목록
A3: 테이블명 | C3: TQC_FUNCTION_LIST | D3: 영역 | E3: Common | G3: 스키마 | H3: DMSMGR
A4: 테이블 설명 | C4: 화면(기능) 목록 (권한 부여 단위, 메뉴 FUNCTION_CODE 와 같은 코드)
A5: 기본 키 (PK) | C5: PK_TQC_FUNCTION_LIST (FUNC_CODE) | D5: 컬럼 수 | E5: =SUM(J9:J11) -> 3 | G5: Query XML | H5: TQC_FUNCTION_LIST.xml
A6: 사용 기능 | C6: 기능 관리 화면(F01103) / 보안 그룹 관리(F01102) / 사용자 모니터링(F01104)
A8: No | B8: 컬럼명 | C8: 컬럼 설명 | D8: 데이터 타입 | E8: NULL | F8: PK | G8: 참조 (논리) | H8: 기본값 | I8: 근거
A9: 1 | B9: FUNC_CODE | C9: 화면(기능) 코드 (메뉴 FUNCTION_CODE, 예: F01101) | D9: VARCHAR2(20) | E9: N | F9: 1 | I9: 원본 정의서 | J9: 1
A10: 2 | B10: FUNC_NAME | C10: 화면(기능) 이름 | D10: VARCHAR2(80) | E10: Y | I10: 원본 정의서 | J10: 1
A11: 3 | B11: HELP_URL | C11: 도움말 주소 (기능 관리 화면에서 입력) | D11: VARCHAR2(128) | E11: Y | I11: 원본 정의서 | J11: 1
A13: 제약 조건
A14: No | B14: 구분 | C14: 제약 이름 | D14: 컬럼 | G14: 내용
A15: 1 | B15: PK | C15: PK_TQC_FUNCTION_LIST | D15: FUNC_CODE | G15: 기본 키
A17: 인덱스
A18: No | B18: 유일 | C18: 인덱스 이름 | D18: 컬럼 | G18: 용도
A19: 1 | B19: UNIQUE | C19: PK_TQC_FUNCTION_LIST | D19: FUNC_CODE | G19: 기본 키

Sheet TQC_GROUP_FUNCTION
A1: 테이블 명세서
I2: <- 테이블 목록
A3: 테이블명 | C3: TQC_GROUP_FUNCTION | D3: 영역 | E3: Common | G3: 스키마 | H3: DMSMGR
A4: 테이블 설명 | C4: 권한 그룹별 허용 화면(기능) 목록
A5: 기본 키 (PK) | C5: PK_TQC_GROUP_FUNCTION (SEC_GRP_ID, FUNC_CODE) | D5: 컬럼 수 | E5: =SUM(J9:J10) -> 2 | G5: Query XML | H5: TQC_GROUP_FUNCTION.xml
A6: 사용 기능 | C6: 보안 그룹 관리(F01102) / 메뉴 실행 시 권한 체크(UXUtil.AccessCheck)
A8: No | B8: 컬럼명 | C8: 컬럼 설명 | D8: 데이터 타입 | E8: NULL | F8: PK | G8: 참조 (논리) | H8: 기본값 | I8: 근거
A9: 1 | B9: SEC_GRP_ID | C9: 권한 그룹 ID (TQC_SECURITY_GROUP.SEC_GRP_ID) | D9: VARCHAR2(10) | E9: N | F9: 1 | G9: TQC_SECURITY_GROUP | I9: 원본 정의서 | J9: 1
A10: 2 | B10: FUNC_CODE | C10: 허용 화면(기능) 코드 (TQC_FUNCTION_LIST.FUNC_CODE) | D10: VARCHAR2(20) | E10: N | F10: 2 | G10: TQC_FUNCTION_LIST | I10: 원본 정의서 | J10: 1
A12: 제약 조건
A13: No | B13: 구분 | C13: 제약 이름 | D13: 컬럼 | G13: 내용
A14: 1 | B14: PK | C14: PK_TQC_GROUP_FUNCTION | D14: SEC_GRP_ID, FUNC_CODE | G14: 기본 키
A16: 인덱스
A17: No | B17: 유일 | C17: 인덱스 이름 | D17: 컬럼 | G17: 용도
A18: 1 | B18: UNIQUE | C18: PK_TQC_GROUP_FUNCTION | D18: SEC_GRP_ID, FUNC_CODE | G18: 기본 키

Sheet TQC_GROUP_USER
A1: 테이블 명세서
I2: <- 테이블 목록
A3: 테이블명 | C3: TQC_GROUP_USER | D3: 영역 | E3: Common | G3: 스키마 | H3: DMSMGR
A4: 테이블 설명 | C4: 권한 그룹별 소속 사용자 (사용자 1명이 여러 그룹 가능)
A5: 기본 키 (PK) | C5: (없음) | D5: 컬럼 수 | E5: =SUM(J9:J10) -> 2 | G5: Query XML | H5: TQC_GROUP_USER.xml
A6: 사용 기능 | C6: 사용자 관리(F01101) / 보안 그룹 관리(F01102) / 내 정보 / 메뉴 권한 체크
A8: No | B8: 컬럼명 | C8: 컬럼 설명 | D8: 데이터 타입 | E8: NULL | F8: PK | G8: 참조 (논리) | H8: 기본값 | I8: 근거
A9: 1 | B9: SEC_GRP_ID | C9: 권한 그룹 ID (TQC_SECURITY_GROUP.SEC_GRP_ID) | D9: VARCHAR2(20) | E9: N | G9: TQC_SECURITY_GROUP | I9: 원본 정의서 | J9: 1
A10: 2 | B10: USER_ID | C10: 사용자 ID (TQC_USER.USER_ID) | D10: VARCHAR2(40) | E10: N | G10: TQC_USER | I10: 원본 정의서 | J10: 1
A12: 제약 조건
A13: No | B13: 구분 | C13: 제약 이름 | D13: 컬럼 | G13: 내용
A14: - | B14: - | C14: (없음)
A16: 인덱스
A17: No | B17: 유일 | C17: 인덱스 이름 | D17: 컬럼 | G17: 용도
A18: - | B18: - | C18: (없음)

Sheet TQC_LOSS_YIELD_SUM
A1: 테이블 명세서
I2: <- 테이블 목록
A3: 테이블명 | C3: TQC_LOSS_YIELD_SUM | D3: 영역 | E3: Common | G3: 스키마 | H3: DMSMGR
A4: 테이블 설명 | C4: CP-Defect 매칭 결과 일 집계 (일자 / Device / Test Area / Step 별 Loss Yield)
A5: 기본 키 (PK) | C5: (없음) | D5: 컬럼 수 | E5: =SUM(J9:J30) -> 22 | G5: Query XML | H5: TQC_LOSS_YIELD_SUM.xml
A6: 사용 기능 | C6: Prediction Yield Report(F06005) 의 최근 30일 Step 별 평균 Loss Yield
A8: No | B8: 컬럼명 | C8: 컬럼 설명 | D8: 데이터 타입 | E8: NULL | F8: PK | G8: 참조 (논리) | H8: 기본값 | I8: 근거
A9: 1 | B9: YEAR | C9: 연도 (yyyy) | D9: VARCHAR2(4) | E9: N | I9: 소스 | J9: 1
A10: 2 | B10: MONTH | C10: 월 (MM) | D10: VARCHAR2(2) | E10: N | I10: 소스 | J10: 1
A11: 3 | B11: DAY | C11: 일 (dd) | D11: VARCHAR2(2) | E11: N | I11: 소스 | J11: 1
A12: 4 | B12: WEEK | C12: 연중 주차 (Oracle WW, 01~53) | D12: VARCHAR2(2) | E12: N | I12: 소스 | J12: 1
A13: 5 | B13: TRAN_DAY | C13: 집계 일자 (yyyyMMdd, TQC_MATCH_SUM.TRAN_DAY) | D13: VARCHAR2(8) | E13: N | G13: TQC_MATCH_SUM | I13: 소스 | J13: 1
A14: 6 | B14: CUSTOMER | C14: 고객사 | D14: VARCHAR2(50) | E14: Y | G14: TQC_MATCH_SUM | I14: 소스 | J14: 1
A15: 7 | B15: DEVICE_ALIAS | C15: Device Alias (Map ID, 예: CX26) | D15: VARCHAR2(50) | E15: N | G15: TQC_MATCH_SUM | I15: 소스 | J15: 1
A16: 8 | B16: PRODUCT | C16: 제품(Device) 코드 | D16: VARCHAR2(50) | E16: Y | G16: TQC_MATCH_SUM | I16: 소스 | J16: 1
A17: 9 | B17: TESTAREA | C17: Test Area (MULTIPROBE / POSTLASER 등) | D17: VARCHAR2(50) | E17: N | G17: TQC_MATCH_SUM | I17: 소스 | J17: 1
A18: 10 | B18: PROGRAM | C18: 테스트 프로그램 | D18: VARCHAR2(50) | E18: Y | G18: TQC_MATCH_SUM | I18: 소스 | J18: 1
A19: 11 | B19: TESTER | C19: 테스터 ID | D19: VARCHAR2(50) | E19: Y | G19: TQC_MATCH_SUM | I19: 소스 | J19: 1
A20: 12 | B20: PROBE_CARD | C20: Probe Card ID | D20: VARCHAR2(50) | E20: Y | G20: TQC_MATCH_SUM | I20: 소스 | J20: 1
A21: 13 | B21: STEP_ID | C21: DM 검사 Step(Layer) ID | D21: VARCHAR2(50) | E21: N | G21: TQC_MATCH_SUM | I21: 소스 | J21: 1
A22: 14 | B22: INSPECTION_EQ | C22: DM 검사 설비 ID | D22: VARCHAR2(50) | E22: Y | G22: TQC_MATCH_SUM | I22: 소스 | J22: 1
A23: 15 | B23: TESTED_DIE | C23: 테스트 Die 수 합계 | D23: NUMBER | E23: Y | I23: 소스 | J23: 1
A24: 16 | B24: DEFECTIVE_DIE | C24: DM Defect 가 있는 Die 수 합계 | D24: NUMBER | E24: Y | I24: 소스 | J24: 1
A25: 17 | B25: BAD_DIE_CNT | C25: Defect Die 중 CP 불량 Die 수 합계 | D25: NUMBER | E25: Y | I25: 소스 | J25: 1
A26: 18 | B26: KILL_RATIO | C26: Kill Ratio % (BAD_DIE_CNT / DEFECTIVE_DIE x 100) | D26: NUMBER | E26: Y | I26: 소스 | J26: 1
A27: 19 | B27: NETDIE | C27: Net Die 수 합계 | D27: NUMBER | E27: Y | I27: 소스 | J27: 1
A28: 20 | B28: GOOD_CNT | C28: CP 양품 Die 수 합계 | D28: NUMBER | E28: Y | I28: 소스 | J28: 1
A29: 21 | B29: BAD_CNT | C29: CP 불량 Die 수 합계 | D29: NUMBER | E29: Y | I29: 소스 | J29: 1
A30: 22 | B30: LOSS_YIELD | C30: Loss Yield % (BAD_CNT / NETDIE x 100) | D30: NUMBER | E30: Y | I30: 소스 | J30: 1
A32: 제약 조건
A33: No | B33: 구분 | C33: 제약 이름 | D33: 컬럼 | G33: 내용
A34: - | B34: - | C34: (없음)
A36: 인덱스
A37: No | B37: 유일 | C37: 인덱스 이름 | D37: 컬럼 | G37: 용도
A38: 1 | B38: - | C38: IDX_TQC_LOSS_YIELD_SUM_01 | D38: TRAN_DAY, TESTAREA, DEVICE_ALIAS

Sheet TQC_LOT_HIS
A1: 테이블 명세서
I2: <- 테이블 목록
A3: 테이블명 | C3: TQC_LOT_HIS | D3: 영역 | E3: Common | G3: 스키마 | H3: DMSMGR
A4: 테이블 설명 | C4: MES Lot 공정 진행 이력 (Flow / 공정 / Recipe / 설비)
A5: 기본 키 (PK) | C5: TQC_LOT_HIS_PK (LOT_ID, TRAN_TIME) | D5: 컬럼 수 | E5: =SUM(J9:J24) -> 16 | G5: Query XML | H5: TQC_LOT_HIS.xml
A6: 사용 기능 | C6: Commonality Study(F06003) / Commonality Lot List (양품 / 불량 Lot 공정 이력 비교)
A8: No | B8: 컬럼명 | C8: 컬럼 설명 | D8: 데이터 타입 | E8: NULL | F8: PK | G8: 참조 (논리) | H8: 기본값 | I8: 근거
A9: 1 | B9: FACTORY | C9: 공장 코드 (예: SCK) | D9: VARCHAR2(10) | E9: Y | I9: 소스 | J9: 1
A10: 2 | B10: LOT_ID | C10: Lot ID | D10: VARCHAR2(25) | E10: N | F10: 1 | I10: 소스 | J10: 1
A11: 3 | B11: LOT_TYPE | C11: Lot 유형 (PROD / ENPR / TEST) | D11: VARCHAR2(10) | E11: Y | I11: 이름 추정 | J11: 1
A12: 4 | B12: TRAN_TIME | C12: 이력 발생 일시 (yyyyMMddHHmmss 문자열) | D12: VARCHAR2(14) | E12: N | F12: 2 | I12: 소스 | J12: 1
A13: 5 | B13: RECIPE | C13: Recipe (Commonality 비교 항목) | D13: VARCHAR2(25) | E13: Y | I13: 소스 | J13: 1
A14: 6 | B14: FLOW | C14: Flow 코드 (Commonality 비교 항목) | D14: VARCHAR2(20) | E14: Y | I14: 소스 | J14: 1
A15: 7 | B15: FLOW_DESC | C15: Flow 설명 | D15: VARCHAR2(30) | E15: Y | I15: 이름 추정 | J15: 1
A16: 8 | B16: FLOW_NO | C16: Flow 구분 (예: Metal) | D16: VARCHAR2(30) | E16: Y | I16: 이름 추정 | J16: 1
A17: 9 | B17: OPER | C17: 공정 코드 (Commonality 비교 항목) | D17: VARCHAR2(10) | E17: Y | I17: 소스 | J17: 1
A18: 10 | B18: OPER_DESC | C18: 공정 설명 | D18: VARCHAR2(50) | E18: Y | I18: 이름 추정 | J18: 1
A19: 11 | B19: OPER_LONG_DESC | C19: 공정 상세 설명 | D19: VARCHAR2(50) | E19: Y | I19: 이름 추정 | J19: 1
A20: 12 | B20: FLOW_OPER_SEQ | C20: Flow 안 공정 순번 | D20: NUMBER(6) | E20: Y | I20: 이름 추정 | J20: 1
A21: 13 | B21: FLOW_AREA | C21: 공정 Area (예: PHOTO / T/F / C/C) | D21: VARCHAR2(30) | E21: Y | I21: 이름 추정 | J21: 1
A22: 14 | B22: RES_ID | C22: 진행 설비 ID (Commonality 비교 항목) | D22: VARCHAR2(20) | E22: Y | I22: 소스 | J22: 1
A23: 15 | B23: RES_MODEL | C23: 진행 설비 모델 (Commonality 비교 항목) | D23: VARCHAR2(30) | E23: Y | I23: 소스 | J23: 1
A24: 16 | B24: RES_AREA | C24: 설비 Area (예: CVD / METRO) | D24: VARCHAR2(20) | E24: Y | I24: 이름 추정 | J24: 1
A26: 제약 조건
A27: No | B27: 구분 | C27: 제약 이름 | D27: 컬럼 | G27: 내용
A28: 1 | B28: PK | C28: TQC_LOT_HIS_PK | D28: LOT_ID, TRAN_TIME | G28: 기본 키
A30: 인덱스
A31: No | B31: 유일 | C31: 인덱스 이름 | D31: 컬럼 | G31: 용도
A32: 1 | B32: - | C32: IDX_TQC_LOT_HIS_01 | D32: LOT_ID
A33: 2 | B33: - | C33: IDX_TQC_LOT_HIS_02 | D33: TRAN_TIME
A34: 3 | B34: UNIQUE | C34: TQC_LOT_HIS_PK | D34: LOT_ID, TRAN_TIME | G34: 기본 키

Sheet TQC_LOT_STS
A1: 테이블 명세서
I2: <- 테이블 목록
A3: 테이블명 | C3: TQC_LOT_STS | D3: 영역 | E3: Common | G3: 스키마 | H3: DMSMGR
A4: 테이블 설명 | C4: MES Lot 상태 (Lot 별 고객 / Device / Device Alias(MASK_ID) / 투입 일자)
A5: 기본 키 (PK) | C5: TQC_LOT_STS_PK (LOT_NO) | D5: 컬럼 수 | E5: =SUM(J9:J24) -> 20 | G5: Query XML | H5: TQC_LOT_STS.xml
A6: 사용 기능 | C6: CP / AVI Data Service 의 Device 정보 조회 / CP-Defect Die 매칭 / Defect Map Map ID 조회 / PCM Equip Status
A8: No | B8: 컬럼명 | C8: 컬럼 설명 | D8: 데이터 타입 | E8: NULL | F8: PK | G8: 참조 (논리) | H8: 기본값 | I8: 근거
A9: 1 | B9: FACILITY | C9: 공장 코드 (FACTORY 와 같은 의미, 예: SCK) | D9: VARCHAR2(20) | E9: Y | I9: 설계 문서 | J9: 1
A10: 2 | B10: LOT_NO | C10: Lot 번호 (앞 6자리로 조회 후 7자리 / 6자리 순으로 일치 확인) | D10: VARCHAR2(30) | E10: N | F10: 1 | I10: 소스 | J10: 1
A11: 3 | B11: QTY | C11: Lot 수량 (Wafer 매수) | D11: NUMBER | E11: Y | I11: 이름 추정 | J11: 1
A12: 4 | B12: CREATE_CODE | C12: Lot 생성 코드 (예: NL / RL) | D12: VARCHAR2(30) | E12: Y | I12: 이름 추정 | J12: 1
A13: 5 | B13: CUSTOMER | C13: 고객사 (TQP_LOT_SUM / TQP_WAFER_SUM.CUSTOMER 갱신에 사용) | D13: VARCHAR2(30) | E13: Y | I13: 소스 | J13: 1
A14: 6 | B14: PROCESS | C14: 공정(기술) 코드 | D14: VARCHAR2(30) | E14: Y | I14: 이름 추정 | J14: 1
A15: 7 | B15: MAT_ID | C15: 제품(Device) 코드 (예: D113IP11A01U) | D15: VARCHAR2(30) | E15: Y | I15: 소스 | J15: 1
A16: 8 | B16: MASK_ID | C16: Device Alias (Map ID, 4자리, TQP_MAPDEF.MAPID) | D16: VARCHAR2(30) | E16: Y | G16: TQP_MAPDEF | I16: 소스 | J16: 1
A17: 9 | B17: FLOW | C17: 현재 Flow | D17: VARCHAR2(20) | E17: Y | I17: 이름 추정 | J17: 1
A18: 10 | B18: FLOW_DESC | C18: 현재 Flow 설명 | D18: VARCHAR2(50) | E18: Y | I18: 이름 추정 | J18: 1
A19: 11 | B19: OPER | C19: 현재 공정 | D19: VARCHAR2(20) | E19: Y | I19: 이름 추정 | J19: 1
A20: 12 | B20: OPER_LONG_DESC | C20: 현재 공정 상세 설명 | D20: VARCHAR2(50) | E20: Y | I20: 이름 추정 | J20: 1
A21: 13 | B21: INPUT_DATE | C21: Lot 투입 일시 | D21: DATE | E21: Y | I21: 이름 추정 | J21: 1
A22: 14 | B22: FAB_DATE | C22: Fab 완료 일시 | D22: DATE | E22: Y | I22: 이름 추정 | J22: 1
A23: 15 | B23: SHIP_DATE | C23: 출하 일시 | D23: DATE | E23: Y | I23: 이름 추정 | J23: 1
A24: 16 ~ 20 | B24: CMF_1 ~ CMF_5 (5개) | C24: 사용자 정의 필드 1~5 | D24: VARCHAR2(30) | E24: Y | I24: 이름 추정 | J24: 5
A26: 제약 조건
A27: No | B27: 구분 | C27: 제약 이름 | D27: 컬럼 | G27: 내용
A28: 1 | B28: PK | C28: TQC_LOT_STS_PK | D28: LOT_NO | G28: 기본 키
A30: 인덱스
A31: No | B31: 유일 | C31: 인덱스 이름 | D31: 컬럼 | G31: 용도
A32: 1 | B32: - | C32: IDX_TQC_LOT_STS_01 | D32: SYS_NC00021$
A33: 2 | B33: UNIQUE | C33: TQC_LOT_STS_PK | D33: LOT_NO | G33: 기본 키

Sheet TQC_MATCH_SUM
A1: 테이블 명세서
I2: <- 테이블 목록
A3: 테이블명 | C3: TQC_MATCH_SUM | D3: 영역 | E3: Common | G3: 스키마 | H3: DMSMGR
A4: 테이블 설명 | C4: Wafer 별 CP 테스트 결과와 DM Defect 매칭 요약 (Kill Ratio / Loss Yield)
A5: 기본 키 (PK) | C5: (없음) | D5: 컬럼 수 | E5: =SUM(J9:J35) -> 27 | G5: Query XML
A6: 사용 기능 | C6: CP Data Service 업로드 시 생성(InsertMatchSum) / Prediction Yield Report(F06005)
A8: No | B8: 컬럼명 | C8: 컬럼 설명 | D8: 데이터 타입 | E8: NULL | F8: PK | G8: 참조 (논리) | H8: 기본값 | I8: 근거
A9: 1 | B9: YEAR | C9: 테스트 종료 연도 (yyyy) | D9: VARCHAR2(4) | E9: Y | I9: 소스 | J9: 1
A10: 2 | B10: MONTH | C10: 테스트 종료 월 (MM) | D10: VARCHAR2(2) | E10: Y | I10: 소스 | J10: 1
A11: 3 | B11: DAY | C11: 테스트 종료 일 (dd) | D11: VARCHAR2(2) | E11: Y | I11: 소스 | J11: 1
A12: 4 | B12: WEEK | C12: 연중 주차 (Oracle WW, 01~53) | D12: VARCHAR2(2) | E12: Y | I12: 소스 | J12: 1
A13: 5 | B13: TRAN_DAY | C13: 테스트 종료 일자 (yyyyMMdd) | D13: VARCHAR2(8) | E13: Y | I13: 소스 | J13: 1
A14: 6 | B14: WAFER_SEQ | C14: CP 테스트 Wafer 순번 (TQP_WAFER_SUM.WAFER_SEQ) | D14: NUMBER | E14: Y | G14: TQP_WAFER_SUM, TQD_DEFECT_DIE | I14: 소스 | J14: 1
A15: 7 | B15: STEP_SEQ | C15: 매칭된 DM 검사 Step 순번 (TQD_INSP_INFO.STEP_SEQ) | D15: NUMBER | E15: Y | G15: TQD_INSP_INFO, TQD_DEFECT_DIE | I15: 소스 | J15: 1
A16: 8 | B16: LOT_ID | C16: Lot ID | D16: VARCHAR2(50) | E16: Y | I16: 소스 | J16: 1
A17: 9 | B17: WAFER_ID | C17: Wafer ID | D17: VARCHAR2(50) | E17: Y | I17: 소스 | J17: 1
A18: 10 | B18: TEST_TRAN_TIME | C18: 테스트 종료 일시 (TQP_WAFER_SUM.END_TIME) | D18: DATE | E18: Y | I18: 소스 | J18: 1
A19: 11 | B19: CUSTOMER | C19: 고객사 | D19: VARCHAR2(50) | E19: Y | I19: 소스 | J19: 1
A20: 12 | B20: DEVICE_ALIAS | C20: Device Alias (Map ID, 예: CX26) | D20: VARCHAR2(50) | E20: Y | G20: TQP_MAPDEF | I20: 소스 | J20: 1
A21: 13 | B21: PRODUCT | C21: 제품(Device) 코드 | D21: VARCHAR2(50) | E21: Y | I21: 소스 | J21: 1
A22: 14 | B22: TESTAREA | C22: Test Area (MULTIPROBE / POSTLASER 등) | D22: VARCHAR2(50) | E22: Y | I22: 소스 | J22: 1
A23: 15 | B23: PROGRAM | C23: 테스트 프로그램 | D23: VARCHAR2(50) | E23: Y | I23: 소스 | J23: 1
A24: 16 | B24: TESTER | C24: 테스터 ID | D24: VARCHAR2(50) | E24: Y | I24: 소스 | J24: 1
A25: 17 | B25: PROBE_CARD | C25: Probe Card ID | D25: VARCHAR2(50) | E25: Y | I25: 소스 | J25: 1
A26: 18 | B26: STEP_ID | C26: DM 검사 Step(Layer) ID | D26: VARCHAR2(50) | E26: Y | I26: 소스 | J26: 1
A27: 19 | B27: INSPECTION_EQ | C27: DM 검사 설비 ID | D27: VARCHAR2(50) | E27: Y | I27: 소스 | J27: 1
A28: 20 | B28: TESTED_DIE | C28: 테스트 Die 수 | D28: NUMBER | E28: Y | I28: 소스 | J28: 1
A29: 21 | B29: DEFECTIVE_DIE | C29: DM Defect 가 있는 Die 수 | D29: NUMBER | E29: Y | I29: 소스 | J29: 1
A30: 22 | B30: BAD_DIE_CNT | C30: Defect Die 중 CP 불량 Die 수 (Bin 정의 HIGH_GEC = N, 없으면 Bin 1 아님) | D30: NUMBER | E30: Y | I30: 소스 | J30: 1
A31: 23 | B31: KILL_RATIO | C31: Kill Ratio % (BAD_DIE_CNT / DEFECTIVE_DIE x 100) | D31: NUMBER | E31: Y | I31: 소스 | J31: 1
A32: 24 | B32: NETDIE | C32: Net Die 수 (TQP_MAPDEF.NETDIE) | D32: NUMBER | E32: Y | I32: 소스 | J32: 1
... A35: 27 | B35: LOSS_YIELD | C35: Loss Yield % (BAD_CNT / NETDIE x 100) | D35: NUMBER | E35: Y | I35: 소스 | J35: 1
A37: 제약 조건
A38: No | B38: 구분 | C38: 제약 이름 | D38: 컬럼 | G38: 내용
A39: - | B39: - | C39: (없음)
A41: 인덱스
A42: No | B42: 유일 | C42: 인덱스 이름 | D42: 컬럼 | G42: 용도
A43: 1 | B43: - | C43: IDX_TQC_MATCH_SUM_01 | D43: TRAN_DAY
A44: 2 | B44: - | C44: IDX_TQC_MATCH_SUM_02 | D44: TEST_TRAN_TIME

Sheet TQC_NOTICE_BOARD
A1: 테이블 명세서
I2: <- 테이블 목록
A3: 테이블명 | C3: TQC_NOTICE_BOARD | D3: 영역 | E3: Common | G3: 스키마 | H3: DMSMGR
A4: 테이블 설명 | C4: 공지사항 (한국어 / 영어 / 중국어 제목과 본문, 게시 기간)
A5: 기본 키 (PK) | C5: SYS_C008108 (NOTICE_SEQ) | D5: 컬럼 수 | E5: =SUM(J9:J22) -> 14 | G5: Query XML | H5: TQC_NOTICE_BOARD.xml
A6: 사용 기능 | C6: 클라이언트 시작 시 오늘 공지 팝업(DACruxMain.CheckNoticePopup)
A8: No | B8: 컬럼명 | C8: 컬럼 설명 | D8: 데이터 타입 | E8: NULL | F8: PK | G8: 참조 (논리) | H8: 기본값 | I8: 근거
A9: 1 | B9: NOTICE_SEQ | C9: 공지 번호 (시퀀스 NOTICE_SEQ) | D9: NUMBER | E9: N | F9: 1 | I9: 소스 | J9: 1
A10: 2 | B10: USE_FLAG | C10: 사용 여부 Y / N (기본 Y, Y 만 팝업) | D10: CHAR(1) | E10: N | H10: 'Y' | I10: 소스 | J10: 1
A11: 3 | B11: TITLE_KOR | C11: 제목 (한국어) | D11: VARCHAR2(500) | E11: Y | I11: 소스 | J11: 1
A12: 4 | B12: TITLE_ENG | C12: 제목 (영어) | D12: VARCHAR2(500) | E12: Y | I12: 소스 | J12: 1
A13: 5 | B13: TITLE_CHN | C13: 제목 (중국어) | D13: VARCHAR2(500) | E13: Y | I13: 소스 | J13: 1
A14: 6 | B14: BODY_KOR | C14: 본문 (한국어) | D14: VARCHAR2(4000) | E14: Y | I14: 소스 | J14: 1
A15: 7 | B15: BODY_ENG | C15: 본문 (영어) | D15: VARCHAR2(4000) | E15: Y | I15: 소스 | J15: 1
A16: 8 | B16: BODY_CHN | C16: 본문 (중국어) | D16: VARCHAR2(4000) | E16: Y | I16: 소스 | J16: 1
A17: 9 | B17: NOTICE_START | C17: 게시 시작 일시 | D17: DATE | E17: Y | I17: 소스 | J17: 1
A18: 10 | B18: NOTICE_END | C18: 게시 종료 일시 (현재 시각이 기간 안이면 팝업) | D18: DATE | E18: Y | I18: 소스 | J18: 1
A19: 11 | B19: CREATE_TIME | C19: 생성 일시 | D19: DATE | E19: Y | I19: 소스 | J19: 1
A20: 12 | B20: CREATE_USER_ID | C20: 생성 사용자 ID | D20: VARCHAR2(20) | E20: Y | I20: 소스 | J20: 1
A21: 13 | B21: UPDATE_TIME | C21: 수정 일시 | D21: DATE | E21: Y | I21: 소스 | J21: 1
A22: 14 | B22: UPDATE_USER_ID | C22: 수정 사용자 ID | D22: VARCHAR2(20) | E22: Y | I22: 소스 | J22: 1
A24: 제약 조건
A25: No | B25: 구분 | C25: 제약 이름 | D25: 컬럼 | G25: 내용
A26: 1 | B26: PK | C26: SYS_C008108 | D26: NOTICE_SEQ | G26: 기본 키
A28: 인덱스
A29: No | B29: 유일 | C29: 인덱스 이름 | D29: 컬럼 | G29: 용도
A30: 1 | B30: UNIQUE | C30: SYS_C008108 | D30: NOTICE_SEQ | G30: 기본 키

Sheet TQC_OPER
A1: 테이블 명세서
I2: <- 테이블 목록
A3: 테이블명 | C3: TQC_OPER | D3: 영역 | E3: Common | G3: 스키마 | H3: DMSMGR
A4: 테이블 설명 | C4: Area / 공정 기준정보
A5: 기본 키 (PK) | C5: PK_TQC_OPER (FACTORY, AREA, OPER) | D5: 컬럼 수 | E5: =SUM(J9:J17) -> 18 | G5: Query XML | H5: TQC_OPER.xml
A6: 사용 기능 | C6: 공정 정의 화면(F02104) / 설비 정의 화면의 Area / Oper 선택 목록
A8: No | B8: 컬럼명 | C8: 컬럼 설명 | D8: 데이터 타입 | E8: NULL | F8: PK | G8: 참조 (논리) | H8: 기본값 | I8: 근거
A9: 1 | B9: FACTORY | C9: 공장 코드 (로그인 Factory, 예: SCK) | D9: VARCHAR2(40) | E9: N | F9: 1 | I9: 소스 | J9: 1
A10: 2 | B10: AREA | C10: 공정 Area (DM / TEST / FOI / PVD) | D10: VARCHAR2(50) | E10: N | F10: 2 | I10: 소스 | J10: 1
A11: 3 | B11: OPER | C11: 공정 (Inspection / Review / PARAMETRIC / MULTIPROBE / AVI 등) | D11: VARCHAR2(40) | E11: N | F11: 3 | I11: 소스 | J11: 1
A12: 4 | B12: OPER_DESC | C12: 공정 설명 | D12: VARCHAR2(200) | E12: Y | I12: 소스 | J12: 1
A13: 5 ~ 14 | B13: CMF_FIELD01 ~ CMF_FIELD10 (10개) | C13: 사용자 정의 필드 1~10 (화면 저장만, 로직 사용 없음) | D13: VARCHAR2(50) | E13: Y | I13: 소스 | J13: 10
A14: 15 | B14: CREATE_USER_ID | C14: 생성 사용자 ID | D14: VARCHAR2(20) | E14: Y | I14: DB 주석 | J14: 1
A15: 16 | B15: CREATE_TIME | C15: 생성 일시 | D15: DATE | E15: Y | I15: DB 주석 | J15: 1
A16: 17 | B16: UPDATE_USER_ID | C16: 수정 사용자 ID | D16: VARCHAR2(20) | E16: Y | I16: DB 주석 | J16: 1
A17: 18 | B17: UPDATE_TIME | C17: 수정 일시 | D17: DATE | E17: Y | I17: DB 주석 | J17: 1
A19: 제약 조건
A20: No | B20: 구분 | C20: 제약 이름 | D20: 컬럼 | G20: 내용
A21: 1 | B21: PK | C21: PK_TQC_OPER | D21: FACTORY, AREA, OPER | G21: 기본 키
A23: 인덱스
A24: No | B24: 유일 | C24: 인덱스 이름 | D24: 컬럼 | G24: 용도
A25: 1 | B25: UNIQUE | C25: PK_TQC_OPER | D25: FACTORY, AREA, OPER | G25: 기본 키

Sheet TQC_SECURITY_GROUP
A1: 테이블 명세서
I2: <- 테이블 목록
A3: 테이블명 | C3: TQC_SECURITY_GROUP | D3: 영역 | E3: Common | G3: 스키마 | H3: DMSMGR
A4: 테이블 설명 | C4: 권한(보안) 그룹 정의
A5: 기본 키 (PK) | C5: PK_TQC_SECURITY_GROUP (SEC_GRP_ID) | D5: 컬럼 수 | E5: =SUM(J9:J11) -> 3 | G5: Query XML | H5: TQC_SECURITY_GROUP.xml
A6: 사용 기능 | C6: 보안 그룹 관리(F01102) / 사용자 관리(F01101) / 내 정보
A8: No | B8: 컬럼명 | C8: 컬럼 설명 | D8: 데이터 타입 | E8: NULL | F8: PK | G8: 참조 (논리) | H8: 기본값 | I8: 근거
A9: 1 | B9: SEC_GRP_ID | C9: 권한 그룹 ID (예: G001, 신규는 최대값 다음 번호) | D9: VARCHAR2(10) | E9: N | F9: 1 | I9: 소스 | J9: 1
A10: 2 | B10: SEC_GRP_DESC | C10: 권한 그룹 이름 (예: SYSTEM_ADMIN / DEFAULT) | D10: VARCHAR2(80) | E10: Y | I10: 소스 | J10: 1
A11: 3 | B11: REMARK | C11: 그룹 설명 (예: 기본 그룹) | D11: VARCHAR2(300) | E11: Y | I11: 소스 | J11: 1
A13: 제약 조건
A14: No | B14: 구분 | C14: 제약 이름 | D14: 컬럼 | G14: 내용
A15: 1 | B15: PK | C15: PK_TQC_SECURITY_GROUP | D15: SEC_GRP_ID | G15: 기본 키
A17: 인덱스
A18: No | B18: 유일 | C18: 인덱스 이름 | D18: 컬럼 | G18: 용도
A19: 1 | B19: UNIQUE | C19: PK_TQC_SECURITY_GROUP | D19: SEC_GRP_ID | G19: 기본 키

Sheet TQC_SERVICE_LOG
A1: 테이블 명세서
I2: <- 테이블 목록
A3: 테이블명 | C3: TQC_SERVICE_LOG | D3: 영역 | E3: Common | G3: 스키마 | H3: DMSMGR
A4: 테이블 설명 | C4: Data Service 처리 로그 (파일별 성공 / 오류 / 경고, 처리 시간)
A5: 기본 키 (PK) | C5: TQC_SERVICE_LOG_PK (FACTORY, SERVICE_NAME, TRAN_KEY) | D5: 컬럼 수 | E5: =SUM(J9:J21) -> 13 | G5: Query XML | H5: TQC_SERVICE_LOG.xml
A6: 사용 기능 | C6: Inspection / Review / CP / PCM / AVI Data Service 기록(USE_TQC_SERVICE_LOG) / Data Service Log 화면(F06002)
A8: No | B8: 컬럼명 | C8: 컬럼 설명 | D8: 데이터 타입 | E8: NULL | F8: PK | G8: 참조 (논리) | H8: 기본값 | I8: 근거
A9: 1 | B9: FACTORY | C9: 공장 코드 (서비스 설정 Factory, 예: SCK) | D9: VARCHAR2(20) | E9: N | F9: 1 | H9: (' ') | I9: 소스 | J9: 1
A10: 2 | B10: SERVICE_NAME | C10: Data Service 이름 (CP.DataService / Inspection.DataService 등) | D10: VARCHAR2(50) | E10: N | F10: 2 | H10: (' ') | I10: 소스 | J10: 1
A11: 3 | B11: TRAN_KEY | C11: 기록 시각 키 (yyyyMMddHHmmssffffff) | D11: VARCHAR2(20) | E11: N | F11: 3 | H11: (' ') | I11: 소스 | J11: 1
A12: 4 | B12: SERVER_NAME | C12: 서비스 실행 서버 이름 (Machine Name) | D12: VARCHAR2(50) | E12: Y | H12: (' ') | I12: 소스 | J12: 1
A13: 5 | B13: ACTION | C13: 처리 결과 (SERVICE_START / SERVICE_STOP / SUCCESS / ERROR / WARNING) | D13: VARCHAR2(50) | E13: Y | I13: 소스 | J13: 1
A14: 6 | B14: FILE_NAME | C14: 처리한 파일 경로 | D14: VARCHAR2(500) | E14: Y | I14: 소스 | J14: 1
A15: 7 | B15: EQUIP_ID | C15: 설비 ID | D15: VARCHAR2(50) | E15: Y | I15: 소스 | J15: 1
A16: 8 | B16: LOT_ID | C16: Lot ID | D16: VARCHAR2(50) | E16: Y | I16: 소스 | J16: 1
A17: 9 | B17: WAFER_ID | C17: Wafer ID (여러 개면 묶어서 기록) | D17: VARCHAR2(500) | E17: Y | I17: 소스 | J17: 1
A18: 10 | B18: HANDLER | C18: 처리 Handler 이름 (예: HandlerInsp) | D18: VARCHAR2(50) | E18: Y | I18: 소스 | J18: 1
A19: 11 | B19: EXECUTE_TIME | C19: 처리 시간 (ms) | D19: NUMBER(10) | E19: Y | I19: 소스 | J19: 1
A20: 12 | B20: MESSAGE | C20: 메시지 (오류 메시지 등) | D20: VARCHAR2(500) | E20: Y | I20: 소스 | J20: 1
A21: 13 | B21: DETAIL_MSG | C21: 상세 메시지 (오류 Stack Trace / 시작 설정 정보) | D21: VARCHAR2(3000) | E21: Y | I21: 소스 | J21: 1
A23: 제약 조건
A24: No | B24: 구분 | C24: 제약 이름 | D24: 컬럼 | G24: 내용
A25: 1 | B25: PK | C25: TQC_SERVICE_LOG_PK | D25: FACTORY, SERVICE_NAME, TRAN_KEY | G25: 기본 키
A27: 인덱스
A28: No | B28: 유일 | C28: 인덱스 이름 | D28: 컬럼 | G28: 용도
A29: 1 | B29: UNIQUE | C29: TQC_SERVICE_LOG_PK | D29: FACTORY, SERVICE_NAME, TRAN_KEY | G29: 기본 키

Sheet TQC_USER
A1: 테이블 명세서
I2: <- 테이블 목록
A3: 테이블명 | C3: TQC_USER | D3: 영역 | E3: Common | G3: 스키마 | H3: DMSMGR
A4: 테이블 설명 | C4: 사용자 정보 (로그인 ID / 이름 / 암호 / 연락처 / 부서)
A5: 기본 키 (PK) | C5: (없음) | D5: 컬럼 수 | E5: =SUM(J9:J19) -> 29 | G5: Query XML | H5: TQC_USER.xml
A6: 사용 기능 | C6: 로그인 / 사용자 관리(F01101) / 내 정보 / 사용자 모니터링(F01104)
A8: No | B8: 컬럼명 | C8: 컬럼 설명 | D8: 데이터 타입 | E8: NULL | F8: PK | G8: 참조 (논리) | H8: 기본값 | I8: 근거
A9: 1 | B9: USER_ID | C9: 사용자 ID (로그인 ID, 대문자) | D9: VARCHAR2(40) | E9: N | I9: 원본 정의서 | J9: 1
A10: 2 | B10: USER_NAME | C10: 사용자 이름 | D10: VARCHAR2(40) | E10: N | I10: 원본 정의서 | J10: 1
A11: 3 | B11: PASSWORD | C11: 로그인 암호 (DES 암호화 후 Base64 문자열) | D11: VARCHAR2(128) | E11: N | I11: 소스 | J11: 1
A12: 4 ~ 13 | B12: USER_CMF_1 ~ USER_CMF_10 (10개) | C12: 사용자 정의 필드 1~10 (1 = 부서, MES 동기화 시 USER_GRP_1~10) | D12: VARCHAR2(80) | E12: Y | I12: 소스 | J12: 10
A13: 14 | B13: SEC_GRP_ID | C13: 대표 권한 그룹 ID (MES 동기화 때만 설정, 권한은 TQC_GROUP_USER 기준) | D13: VARCHAR2(20) | E13: Y | I13: 소스 | J13: 1
A14: 15 | B14: PHONE_OFFICE | C14: 회사 전화번호 | D14: VARCHAR2(50) | E14: N | I14: 원본 정의서 | J14: 1
A15: 16 | B15: PHONE_MOBILE | C15: 휴대 전화번호 | D15: VARCHAR2(50) | E15: N | I15: 원본 정의서 | J15: 1
A16: 17 | B16: PHONE_HOME | C16: 집 전화번호 | D16: VARCHAR2(50) | E16: Y | I16: 소스 | J16: 1
A17: 18 | B17: PHONE_OTHER | C17: 기타 전화번호 | D17: VARCHAR2(50) | E17: Y | I17: 소스 | J17: 1
A18: 19 | B18: EMAIL_ID | C18: 이메일 주소 | D18: VARCHAR2(50) | E18: N | I18: 소스 | J18: 1
A19: 20 ~ 29 | B19: USER_FLAG_1 ~ USER_FLAG_10 (10개) | C19: 사용자 플래그 1~10 (예비, 소스 사용처 없음) | D19: CHAR(1) | E19: Y | I19: 이름 추정 | J19: 10
A21: 제약 조건
A22: No | B22: 구분 | C22: 제약 이름 | D22: 컬럼 | G22: 내용
A23: - | B23: - | C23: (없음)
A25: 인덱스
A26: No | B26: 유일 | C26: 인덱스 이름 | D26: 컬럼 | G26: 용도
A27: - | B27: - | C27: (없음)

Sheet TQC_USER_HITLOG
A1: 테이블 명세서
I2: <- 테이블 목록
A3: 테이블명 | C3: TQC_USER_HITLOG | D3: 영역 | E3: Common | G3: 스키마 | H3: DMSMGR
A4: 테이블 설명 | C4: 화면 사용 기록 (사용자 / 화면 / IP / 시작 / 종료 시각)
A5: 기본 키 (PK) | C5: (없음) | D5: 컬럼 수 | E5: =SUM(J9:J15) -> 7 | G5: Query XML | H5: TQC_USER_HITLOG.xml
A6: 사용 기능 | C6: 모든 화면 열기 / 닫기 시 기록(DACruxUXBasic01) / 사용자 모니터링(F01104)
A8: No | B8: 컬럼명 | C8: 컬럼 설명 | D8: 데이터 타입 | E8: NULL | F8: PK | G8: 참조 (논리) | H8: 기본값 | I8: 근거
A9: 1 | B9: FUNC_CODE | C9: 화면(기능) 코드 (메뉴 FUNCTION_CODE, 없으면 'FUN:' + 화면 제목) | D9: VARCHAR2(10) | E9: N | G9: TQC_FUNCTION_LIST | I9: 소스 | J9: 1
A10: 2 | B10: USER_ID | C10: 사용자 ID | D10: VARCHAR2(40) | E10: N | G10: TQC_USER | I10: 원본 정의서 | J10: 1
A11: 3 | B11: IP_ADDRESS | C11: 사용자 PC IP 주소 | D11: VARCHAR2(20) | E11: N | I11: 원본 정의서 | J11: 1
A12: 4 | B12: START_TIME | C12: 화면 사용 시작 시각 (화면 열 때 SYSTIMESTAMP) | D12: TIMESTAMP(6) | E12: N | I12: 소스 | J12: 1
A13: 5 | B13: END_TIME | C13: 화면 사용 종료 시각 (화면 닫을 때, 미기록 시 NULL) | D13: TIMESTAMP(6) | E13: Y | I13: 소스 | J13: 1
A14: 6 | B14: PARAMETER | C14: 화면 실행 매개 변수 (현재 빈 값으로 기록) | D14: VARCHAR2(128) | E14: Y | I14: 소스 | J14: 1
A15: 7 | B15: REMARK | C15: 비고 (현재 기록하지 않음) | D15: VARCHAR2(128) | E15: Y | I15: 소스 | J15: 1
A17: 제약 조건
A18: No | B18: 구분 | C18: 제약 이름 | D18: 컬럼 | G18: 내용
A19: - | B19: - | C19: (없음)
A21: 인덱스
A22: No | B22: 유일 | C22: 인덱스 이름 | D22: 컬럼 | G22: 용도
A23: - | B23: - | C23: (없음)

Sheet 관계(논리)
A1: 테이블 관계 (논리)
A2: 이 영역의 테이블에는 DB FK 가 없다. Query XML / 소스의 조인 조건으로 확인한 관계만 적는다. [다른 영역] = 부모 또는 자식이 이 명세서 밖의 테이블.
A4: No | B4: 자식 테이블 | C4: 자식 컬럼 | D4: 부모 테이블 | E4: 부모 컬럼 | F4: 근거 / 비고
A5: 1 | B5: TQC_CONFIG_USER | C5: CATEGORY, NAME | D5: TQC_CONFIG | E5: CATEGORY, NAME | F5: 사용자 설정이 없으면 공통값 사용 (TQC_CONFIG_USER.xml SELECT_CONFIG_USER_01 / _04 외부 조인)
A6: 2 | B6: TQC_GROUP_USER | C6: USER_ID | D6: TQC_USER | E6: USER_ID | F6: 그룹 소속 사용자 이름 조회 (TQC_GROUP_USER.xml LOADJOINUSERNAME / SEARCHGROUPUSER)
A7: 3 | B7: TQC_GROUP_USER | C7: SEC_GRP_ID | D7: TQC_SECURITY_GROUP | E7: SEC_GRP_ID | F7: 사용자의 권한 그룹 (TQC_GROUP_USER.xml LOADJOINALLGROUP / TQC_SECURITY_GROUP.xml GETUSERGROUP)
A8: 4 | B8: TQC_GROUP_FUNCTION | C8: SEC_GRP_ID | D8: TQC_SECURITY_GROUP | E8: SEC_GRP_ID | F8: 그룹별 허용 화면 (TQC_FUNCTION_LIST.xml LOADGROUPFUNCTION, 그룹 삭제 시 DELETEGROUPALLFUNCTION 후 DELETEGROUP, 권한 체크는 TQC_GROUP_USER.xml CHECKFUNCTION 에서 TQC_GROUP_USER 와 SEC_GRP_ID 조인)
A9: 5 | B9: TQC_GROUP_FUNCTION | C9: FUNC_CODE | D9: TQC_FUNCTION_LIST | E9: FUNC_CODE | F9: 허용 화면 이름 조회 (TQC_FUNCTION_LIST.xml LOADGROUPFUNCTION / LOADOUTFUNCTION, 기능 삭제 시 DELETEGROUPFUNCTION)
A10: 6 | B10: TQC_USER_HITLOG | C10: FUNC_CODE | D10: TQC_FUNCTION_LIST | E10: FUNC_CODE | F10: 화면별 사용 통계 (TQC_USER_HITLOG.xml HitRateByFunction / HitLogDetail)
A11: 7 | B11: TQC_USER_HITLOG | C11: USER_ID | D11: TQC_USER | E11: USER_ID | F11: 사용자 / 부서별 사용 통계 (TQC_USER_HITLOG.xml HitRateByFunction / HitRateByDepartment)
A12: 8 | B12: TQC_EQUIP | C12: FACTORY, EQUIP_MODEL | D12: TQC_EQUIP_MODEL | E12: FACTORY, EQUIP_MODEL | F12: Area / Oper 별 설비 모델 목록 (TQC_EQUIP_MODEL.xml SELECT_EQUIP_MODEL_03)
A13: 9 | B13: TQC_EQUIP | C13: FACTORY, AREA, OPER | D13: TQC_OPER | E13: FACTORY, AREA, OPER | F13: 설비 정의 화면이 Area / Oper 선택값을 TQC_OPER.xml SELECT_AREA_01 / SELECT_OPER_01 에서 가져옴 (XML JOIN 은 없음)
A14: 10 | B14: TQC_EQUIP | C14: EQUIP_STS_3 | D14: TQC_LOT_STS | E14: LOT_NO | F14: PCM 설비 현재 Lot 의 Device 조회 (TQC_EQUIP.xml SELECT_PCM_EQUIP_STATUS 외부 조인)
A15: 11 | B15: TQC_EQUIP | C15: EQUIP_STS_8 | D15: TQP_WAFER_SUM | E15: WAFER_SEQ | F15: [다른 영역] PCM 최종 파싱 Wafer (TQC_EQUIP.xml SELECT_PCM_EQUIP_STATUS, TO_CHAR(WAFER_SEQ) 외부 조인)
A16: 12 | B16: TQC_LOT_STS | C16: MASK_ID | D16: TQP_MAPDEF | E16: MAPID | F16: [다른 영역] Lot 의 Wafer Map 정의 (TQD_DEFECT_DIE.xml INSERT_DATA)
... A22: 18 | B22: TQC_LOSS_YIELD_SUM | C22: TRAN_DAY, CUSTOMER, DEVICE_ALIAS, PRODUCT, TESTAREA, PROGRAM, TESTER, PROBE_CARD, STEP_ID, INSPECTION_EQ | D22: TQC_MATCH_SUM | E22: TRAN_DAY, CUSTOMER, DEVICE_ALIAS, PRODUCT, TESTAREA, PROGRAM, TESTER, PROBE_CARD, STEP_ID, INSPECTION_EQ | F22: 일 집계 원본 (INSERT_TQC_LOSS_YIELD_SUM, 호출처가 없어 2026-10-08 XML 에서 제거됨)

Sheet 시퀀스
A1: 시퀀스
A3: No | B3: 시퀀스 | C3: 사용 Query XML | D3: 시작 | E3: 증가 | F3: CACHE | G3: 비고
A4: 1 | B4: NOTICE_SEQ | C4: TQC_NOTICE_BOARD.xml | D4: 1 | E4: 1 | F4: 20
