Workbook
Name _APP1: #REF!
Name _APP1: #REF!
Name _APP2: #REF!
Name _APP2: #REF!
Name _APP3: #REF!
Name _APP3: #REF!
Name _APP4: '[1]1-1. Interface list'!$B$1
Name _IRP1: #REF!
Name _IRP1: #REF!
Name _SYS2: '[2]1-3. 참조_애플리케이션'!$F$6:$F$65536
Name _SYS3: '[3]1-3. Reference_Applications'!$F$6:$F$1350
Name APP: #REF!
Name APP: #REF!
Name APP_1: '[4]1-1. Interface list'!$B$1
Name APPGRP: #REF!
Name APPGRP: #REF!
Name APPGRP2: #REF!
Name APPGRP2: #REF!
Name APPSYS: #REF!
Name APPSYS: #REF!
Name b: #REF!
Name b: #REF!
Name csDesignMode: 1
Name d: #REF!
Name d: #REF!
Name EW_withLink_lines: COUNTA(#REF!)
Name GBM: [5]조직코드!$D$3:$D$129
Name GG: [5]조직코드!$C$136:$C$152
Name INFO: [6]참조_정보분류!$E$6:$E$65536
Name INFO2: [5]참조_정보분류!$E$6:$E$320
Name IRP: #REF!
Name IRP: #REF!
Name PKGIN_IN_REV1_List: #REF!
Name PKGIN_IN_REV1_List: #REF!
Name PRINT_AREA_MI: #REF!
Name PRINT_AREA_MI: #REF!
Name s: [7]참조_애플리케이션!$G$6:$G$1350
Name SYS: #REF!
Name SYS: #REF!
Name SYSA: #REF!
Name SYSA: #REF!
Name ㄴㅇㄴ: [8]참조_애플리케이션!$G$6:$G$1350
Name ㅁ: #REF!
Name ㅁ: #REF!
Name 목록: [9]기초코드!$B$4:$E$4
Name 분류: #REF!
Name 분류: #REF!
Name ㅇㅇ: #REF!
Name ㅇㅇ: #REF!
Name 啊啊啊啊啊啊啊啊啊: '[10]1-3. Reference_Applications'!$F$6:$F$1350
Name 전체Checklist_lines: ADDRESS(COUNTA(#REF!),1,2,1)
Name 전체EW_lines: COUNTA(#REF!)
Name 정보분류: #REF!
Name 정보분류: #REF!

Sheet 표지

Sheet 개정이력
A1: 개정이력
A2: 버전 | B2: 날짜 | C2: 개정내용 | D2: 작성자
A3: 1.0 | B3: 2026.09.21 | C3: 최초생성 | D3: 정병주

Sheet 주별 진척률
A1: 날짜 | C1: 주차 | D1: 착수 | G1: 분석 | J1: 설계 | M1: 구축 | P1: 이행 | S1: 종료 | V1: 종합
A2: 시작 | B2: 종료 | D2: 계획 | E2: 실적 | F2: 진척률 | G2: 계획 | H2: 실적 | I2: 진척률 | J2: 계획 | K2: 실적 | L2: 진척률 | M2: 계획 | N2: 실적 | O2: 진척률 | P2: 계획 | Q2: 실적 | R2: 진척률 | S2: 계획 | T2: 실적 | U2: 진척률 | V2: 주차별 | Y2: 누적
V3: 계획 | W3: 실적 | X3: 진척률 | Y3: 계획 | Z3: 실적 | AA3: 진척률
A4: =MIN(A5:A9) -> 46296 | B4: =MAX(B5:B9) -> 46325 | C4: 종합 | D4: =Main!U5 -> 0.066666667 | E4: =SUM(E5:E9) -> 0 | F4: =IF(E4<>"", TEXT((E4/D4)*100, "##0.00") & "%", "") -> 0.00% | G4: =Main!U12 -> 0.066666667 | H4: =SUM(H5:H9) -> 0 | I4: =IF(H4<>"", TEXT((H4/G4)*100, "##0.00") & "%", "") -> 0.00% | J4: =Main!U21 -> 0.1 | K4: =SUM(K5:K9) -> 0 | L4: =IF(K4<>"", TEXT((K4/J4)*100, "##0.00") & "%", "") -> 0.00% | M4: =Main!U30 -> 0.53333333 | N4: =SUM(N5:N9) -> 0 | O4: =IF(N4<>"", TEXT((N4/M4)*100, "##0.00") & "%", "") -> 0.00% | P4: =Main!U50 -> 0.1 | Q4: =SUM(Q5:Q9) -> 0 | R4: =IF(Q4<>"", TEXT((Q4/P4)*100, "##0.00") & "%", "") -> 0.00% | S4: =Main!U60 -> 0.13333333 | T4: =SUM(T5:T9) -> 0 | U4: =IF(T4<>"", TEXT((T4/S4)*100, "##0.00") & "%", "") -> 0.00% | V4: =INDIRECT("V"&MATCH(VLOOKUP(TODAY(), $A11:$B169, 2, 0), $C1:$C9, 0)) -> #N/A | W4: =INDIRECT("W"&MATCH(VLOOKUP(TODAY(), $A11:$B169, 2, 0), $C1:$C9, 0)) -> #N/A | X4: =IF(W4<>"", TEXT((W4/V4)*100, "##0.00") & "%", "") -> #N/A | Y4: =INDIRECT("Y"&MATCH(VLOOKUP(TODAY(), $A11:$B169, 2, 0), $C1:$C9, 0)) -> #N/A | Z4: =INDIRECT("Z"&MATCH(VLOOKUP(TODAY(), $A11:$B169, 2, 0), $C1:$C9, 0)) -> #N/A | AA4: =X4 -> #N/A
A5: 46296 | B5: 46297 | C5: W01 | D5: =SUMIFS(Main!U:U, Main!R:R, '주별 진척률'!C5, Main!Q:Q, '주별 진척률'!D$1) -> 0.26666667 | E5: =SUMIFS(Main!U:U, Main!S:S, '주별 진척률'!C5, Main!Q:Q, '주별 진척률'!D$1) -> 0 | F5: =IF(E5<>"", IF(D5=0, "", E5/D5), "") -> 0 | G5: =SUMIFS(Main!U:U, Main!R:R, '주별 진척률'!C5, Main!Q:Q, '주별 진척률'!G$1) -> 0.26666667 | H5: =SUMIFS(Main!U:U, Main!S:S, '주별 진척률'!C5, Main!Q:Q, '주별 진척률'!G$1) -> 0 | I5: =IF(H5<>"", IF(G5=0, "", H5/G5), "") -> 0 | J5: =SUMIFS(Main!U:U, Main!R:R, '주별 진척률'!C5, Main!Q:Q, '주별 진척률'!J$1) -> 0 | K5: =SUMIFS(Main!U:U, Main!S:S, '주별 진척률'!C5, Main!Q:Q, '주별 진척률'!J$1) -> 0 | L5: =IF(K5<>"", IF(J5=0, "", K5/J5), "") | M5: =SUMIFS(Main!U:U, Main!R:R, '주별 진척률'!C5, Main!Q:Q, '주별 진척률'!M$1) -> 0 | N5: =SUMIFS(Main!U:U, Main!S:S, '주별 진척률'!C5, Main!Q:Q, '주별 진척률'!M$1) -> 0 | O5: =IF(N5<>"", IF(M5=0, "", N5/M5), "") | P5: =SUMIFS(Main!U:U, Main!R:R, '주별 진척률'!C5, Main!Q:Q, '주별 진척률'!P$1) -> 0 | Q5: =SUMIFS(Main!U:U, Main!S:S, '주별 진척률'!C5, Main!Q:Q, '주별 진척률'!P$1) -> 0 | R5: =IF(Q5<>"", IF(P5=0, "", Q5/P5), "") | S5: =SUMIFS(Main!U:U, Main!R:R, '주별 진척률'!C5, Main!Q:Q, '주별 진척률'!S$1) -> 0 | T5: =SUMIFS(Main!U:U, Main!S:S, '주별 진척률'!C5, Main!Q:Q, '주별 진척률'!S$1) -> 0 | U5: =IF(T5<>"", IF(S5=0, "", T5/S5), "") | V5: =SUMIF(Main!R:R, '주별 진척률'!C5, Main!U:U) -> 0.53333333 | W5: =SUMIF(Main!S:S, '주별 진척률'!C5, Main!U:U) -> 0 | X5: =IF(W5<>"", IF(V5=0, "-", TEXT((W5/V5)*100, "###.0") & "%"), "") -> .0% | Y5: =SUM(V5:V5) -> 0.53333333 | Z5: =IF(TODAY()<A5, NA(), SUM(W$5:W5)) -> #N/A | AA5: =IF(Z5<>"", IF(Y5=0, "", TEXT((Z5/Y5)*100, "###.0") & "%"), "") -> #N/A | AB5: =IFERROR(Z5, "X") -> X | AD5: 계획 | AE5: 실적 | AF5: 진척율
A6: 46300 | B6: =B5+7 -> 46304 | C6: W02 | D6: =SUMIFS(Main!U:U, Main!R:R, '주별 진척률'!C6, Main!Q:Q, '주별 진척률'!D$1) -> 0 | E6: =SUMIFS(Main!U:U, Main!S:S, '주별 진척률'!C6, Main!Q:Q, '주별 진척률'!D$1) -> 0 | F6: =IF(E6<>"", IF(D6=0, "", E6/D6), "") | G6: =SUMIFS(Main!U:U, Main!R:R, '주별 진척률'!C6, Main!Q:Q, '주별 진척률'!G$1) -> 0 | H6: =SUMIFS(Main!U:U, Main!S:S, '주별 진척률'!C6, Main!Q:Q, '주별 진척률'!G$1) -> 0 | I6: =IF(H6<>"", IF(G6=0, "", H6/G6), "") | J6: =SUMIFS(Main!U:U, Main!R:R, '주별 진척률'!C6, Main!Q:Q, '주별 진척률'!J$1) -> 0.4 | K6: =SUMIFS(Main!U:U, Main!S:S, '주별 진척률'!C6, Main!Q:Q, '주별 진척률'!J$1) -> 0 | L6: =IF(K6<>"", IF(J6=0, "", K6/J6), "") -> 0 | M6: =SUMIFS(Main!U:U, Main!R:R, '주별 진척률'!C6, Main!Q:Q, '주별 진척률'!M$1) -> 0 | N6: =SUMIFS(Main!U:U, Main!S:S, '주별 진척률'!C6, Main!Q:Q, '주별 진척률'!M$1) -> 0 | O6: =IF(N6<>"", IF(M6=0, "", N6/M6), "") | P6: =SUMIFS(Main!U:U, Main!R:R, '주별 진척률'!C6, Main!Q:Q, '주별 진척률'!P$1) -> 0 | Q6: =SUMIFS(Main!U:U, Main!S:S, '주별 진척률'!C6, Main!Q:Q, '주별 진척률'!P$1) -> 0 | R6: =IF(Q6<>"", IF(P6=0, "", Q6/P6), "") | S6: =SUMIFS(Main!U:U, Main!R:R, '주별 진척률'!C6, Main!Q:Q, '주별 진척률'!S$1) -> 0 | T6: =SUMIFS(Main!U:U, Main!S:S, '주별 진척률'!C6, Main!Q:Q, '주별 진척률'!S$1) -> 0 | U6: =IF(T6<>"", IF(S6=0, "", T6/S6), "") | V6: =SUMIF(Main!R:R, '주별 진척률'!C6, Main!U:U) -> 0.4 | W6: =SUMIF(Main!S:S, '주별 진척률'!C6, Main!U:U) -> 0 | X6: =IF(W6<>"", IF(V6=0, "-", TEXT((W6/V6)*100, "###.0") & "%"), "") -> .0% | Y6: =SUM(V6:V6) -> 0.4 | Z6: =IF(TODAY()<A6, NA(), SUM(W$5:W6)) -> #N/A | AA6: =IF(Z6<>"", IF(Y6=0, "", TEXT((Z6/Y6)*100, "###.0") & "%"), "") -> #N/A | AB6: =IFERROR(Z6, "X") -> X | AC6: 전체 | AD6: =SUM(D4,G4,J4,M4,P4,S4) -> 1 | AE6: =SUM(E4,H4,K4,N4,Q4,T4) -> 0 | AF6: =AE6/AD6 -> 0
A7: =A6+7 -> 46307 | B7: =B6+7 -> 46311 | C7: W03 | D7: =SUMIFS(Main!U:U, Main!R:R, '주별 진척률'!C7, Main!Q:Q, '주별 진척률'!D$1) -> 0 | E7: =SUMIFS(Main!U:U, Main!S:S, '주별 진척률'!C7, Main!Q:Q, '주별 진척률'!D$1) -> 0 | F7: =IF(E7<>"", IF(D7=0, "", E7/D7), "") | G7: =SUMIFS(Main!U:U, Main!R:R, '주별 진척률'!C7, Main!Q:Q, '주별 진척률'!G$1) -> 0 | H7: =SUMIFS(Main!U:U, Main!S:S, '주별 진척률'!C7, Main!Q:Q, '주별 진척률'!G$1) -> 0 | I7: =IF(H7<>"", IF(G7=0, "", H7/G7), "") | J7: =SUMIFS(Main!U:U, Main!R:R, '주별 진척률'!C7, Main!Q:Q, '주별 진척률'!J$1) -> 0 | K7: =SUMIFS(Main!U:U, Main!S:S, '주별 진척률'!C7, Main!Q:Q, '주별 진척률'!J$1) -> 0 | L7: =IF(K7<>"", IF(J7=0, "", K7/J7), "") | M7: =SUMIFS(Main!U:U, Main!R:R, '주별 진척률'!C7, Main!Q:Q, '주별 진척률'!M$1) -> 0 | N7: =SUMIFS(Main!U:U, Main!S:S, '주별 진척률'!C7, Main!Q:Q, '주별 진척률'!M$1) -> 0 | O7: =IF(N7<>"", IF(M7=0, "", N7/M7), "") | P7: =SUMIFS(Main!U:U, Main!R:R, '주별 진척률'!C7, Main!Q:Q, '주별 진척률'!P$1) -> 0 | Q7: =SUMIFS(Main!U:U, Main!S:S, '주별 진척률'!C7, Main!Q:Q, '주별 진척률'!P$1) -> 0 | R7: =IF(Q7<>"", IF(P7=0, "", Q7/P7), "") | S7: =SUMIFS(Main!U:U, Main!R:R, '주별 진척률'!C7, Main!Q:Q, '주별 진척률'!S$1) -> 0 | T7: =SUMIFS(Main!U:U, Main!S:S, '주별 진척률'!C7, Main!Q:Q, '주별 진척률'!S$1) -> 0 | U7: =IF(T7<>"", IF(S7=0, "", T7/S7), "") | V7: =SUMIF(Main!R:R, '주별 진척률'!C7, Main!U:U) -> 0 | W7: =SUMIF(Main!S:S, '주별 진척률'!C7, Main!U:U) -> 0 | X7: =IF(W7<>"", IF(V7=0, "-", TEXT((W7/V7)*100, "###.0") & "%"), "") -> - | Y7: =SUM(V7:V7) -> 0 | Z7: =IF(TODAY()<A7, NA(), SUM(W$5:W7)) -> #N/A | AA7: =IF(Z7<>"", IF(Y7=0, "", TEXT((Z7/Y7)*100, "###.0") & "%"), "") -> #N/A | AB7: =IFERROR(Z7, "X") -> X
A8: =A7+7 -> 46314 | B8: =B7+7 -> 46318 | C8: W04 | D8: =SUMIFS(Main!U:U, Main!R:R, '주별 진척률'!C8, Main!Q:Q, '주별 진척률'!D$1) -> 0 | E8: =SUMIFS(Main!U:U, Main!S:S, '주별 진척률'!C8, Main!Q:Q, '주별 진척률'!D$1) -> 0 | F8: =IF(E8<>"", IF(D8=0, "", E8/D8), "") | G8: =SUMIFS(Main!U:U, Main!R:R, '주별 진척률'!C8, Main!Q:Q, '주별 진척률'!G$1) -> 0 | H8: =SUMIFS(Main!U:U, Main!S:S, '주별 진척률'!C8, Main!Q:Q, '주별 진척률'!G$1) -> 0 | I8: =IF(H8<>"", IF(G8=0, "", H8/G8), "") | J8: =SUMIFS(Main!U:U, Main!R:R, '주별 진척률'!C8, Main!Q:Q, '주별 진척률'!J$1) -> 0 | K8: =SUMIFS(Main!U:U, Main!S:S, '주별 진척률'!C8, Main!Q:Q, '주별 진척률'!J$1) -> 0 | L8: =IF(K8<>"", IF(J8=0, "", K8/J8), "") | M8: =SUMIFS(Main!U:U, Main!R:R, '주별 진척률'!C8, Main!Q:Q, '주별 진척률'!M$1) -> 3.2 | N8: =SUMIFS(Main!U:U, Main!S:S, '주별 진척률'!C8, Main!Q:Q, '주별 진척률'!M$1) -> 0 | O8: =IF(N8<>"", IF(M8=0, "", N8/M8), "") -> 0 | P8: =SUMIFS(Main!U:U, Main!R:R, '주별 진척률'!C8, Main!Q:Q, '주별 진척률'!P$1) -> 0 | Q8: =SUMIFS(Main!U:U, Main!S:S, '주별 진척률'!C8, Main!Q:Q, '주별 진척률'!P$1) -> 0 | R8: =IF(Q8<>"", IF(P8=0, "", Q8/P8), "") | S8: =SUMIFS(Main!U:U, Main!R:R, '주별 진척률'!C8, Main!Q:Q, '주별 진척률'!S$1) -> 0 | T8: =SUMIFS(Main!U:U, Main!S:S, '주별 진척률'!C8, Main!Q:Q, '주별 진척률'!S$1) -> 0 | U8: =IF(T8<>"", IF(S8=0, "", T8/S8), "") | V8: =SUMIF(Main!R:R, '주별 진척률'!C8, Main!U:U) -> 3.2 | W8: =SUMIF(Main!S:S, '주별 진척률'!C8, Main!U:U) -> 0 | X8: =IF(W8<>"", IF(V8=0, "-", TEXT((W8/V8)*100, "###.0") & "%"), "") -> .0% | Y8: =SUM(V8:V8) -> 3.2 | Z8: =IF(TODAY()<A8, NA(), SUM(W$5:W8)) -> #N/A | AA8: =IF(Z8<>"", IF(Y8=0, "", TEXT((Z8/Y8)*100, "###.0") & "%"), "") -> #N/A | AB8: =IFERROR(Z8, "X") -> X
A9: =A8+7 -> 46321 | B9: =B8+7 -> 46325 | C9: W05 | D9: =SUMIFS(Main!U:U, Main!R:R, '주별 진척률'!C9, Main!Q:Q, '주별 진척률'!D$1) -> 0 | E9: =SUMIFS(Main!U:U, Main!S:S, '주별 진척률'!C9, Main!Q:Q, '주별 진척률'!D$1) -> 0 | F9: =IF(E9<>"", IF(D9=0, "", E9/D9), "") | G9: =SUMIFS(Main!U:U, Main!R:R, '주별 진척률'!C9, Main!Q:Q, '주별 진척률'!G$1) -> 0 | H9: =SUMIFS(Main!U:U, Main!S:S, '주별 진척률'!C9, Main!Q:Q, '주별 진척률'!G$1) -> 0 | I9: =IF(H9<>"", IF(G9=0, "", H9/G9), "") | J9: =SUMIFS(Main!U:U, Main!R:R, '주별 진척률'!C9, Main!Q:Q, '주별 진척률'!J$1) -> 0 | K9: =SUMIFS(Main!U:U, Main!S:S, '주별 진척률'!C9, Main!Q:Q, '주별 진척률'!J$1) -> 0 | L9: =IF(K9<>"", IF(J9=0, "", K9/J9), "") | M9: =SUMIFS(Main!U:U, Main!R:R, '주별 진척률'!C9, Main!Q:Q, '주별 진척률'!M$1) -> 0.6 | N9: =SUMIFS(Main!U:U, Main!S:S, '주별 진척률'!C9, Main!Q:Q, '주별 진척률'!M$1) -> 0 | O9: =IF(N9<>"", IF(M9=0, "", N9/M9), "") -> 0 | P9: =SUMIFS(Main!U:U, Main!R:R, '주별 진척률'!C9, Main!Q:Q, '주별 진척률'!P$1) -> 0.2 | Q9: =SUMIFS(Main!U:U, Main!S:S, '주별 진척률'!C9, Main!Q:Q, '주별 진척률'!P$1) -> 0 | R9: =IF(Q9<>"", IF(P9=0, "", Q9/P9), "") -> 0 | S9: =SUMIFS(Main!U:U, Main!R:R, '주별 진척률'!C9, Main!Q:Q, '주별 진척률'!S$1) -> 0.13333333 | T9: =SUMIFS(Main!U:U, Main!S:S, '주별 진척률'!C9, Main!Q:Q, '주별 진척률'!S$1) -> 0 | U9: =IF(T9<>"", IF(S9=0, "", T9/S9), "") -> 0 | V9: =SUMIF(Main!R:R, '주별 진척률'!C9, Main!U:U) -> 0.93333333 | W9: =SUMIF(Main!S:S, '주별 진척률'!C9, Main!U:U) -> 0 | X9: =IF(W9<>"", IF(V9=0, "-", TEXT((W9/V9)*100, "###.0") & "%"), "") -> .0% | Y9: =SUM(V9:V9) -> 0.93333333 | Z9: =IF(TODAY()<A9, NA(), SUM(W$5:W9)) -> #N/A | AA9: =IF(Z9<>"", IF(Y9=0, "", TEXT((Z9/Y9)*100, "###.0") & "%"), "") -> #N/A | AB9: =IFERROR(Z9, "X") -> X
A11: 46282 | B11: =IFERROR(VLOOKUP(A11,A$5:C$9, 3, 0),B10) -> 0
A12: 46283 | B12: =IFERROR(VLOOKUP(A12,A$5:C$9, 3, 0),B11) -> 0
A13: 46284 | B13: =IFERROR(VLOOKUP(A13,A$5:C$9, 3, 0),B12) -> 0
A14: 46285 | B14: =IFERROR(VLOOKUP(A14,A$5:C$9, 3, 0),B13) -> 0
A15: 46286 | B15: =IFERROR(VLOOKUP(A15,A$5:C$9, 3, 0),B14) -> 0
A16: 46287 | B16: =IFERROR(VLOOKUP(A16,A$5:C$9, 3, 0),B15) -> 0
A17: 46288 | B17: =IFERROR(VLOOKUP(A17,A$5:C$9, 3, 0),B16) -> 0
A18: 46289 | B18: =IFERROR(VLOOKUP(A18,A$5:C$9, 3, 0),B17) -> 0
A19: 46290 | B19: =IFERROR(VLOOKUP(A19,A$5:C$9, 3, 0),B18) -> 0
A20: 46291 | B20: =IFERROR(VLOOKUP(A20,A$5:C$9, 3, 0),B19) -> 0
A21: 46292 | B21: =IFERROR(VLOOKUP(A21,A$5:C$9, 3, 0),B20) -> 0
A22: 46293 | B22: =IFERROR(VLOOKUP(A22,A$5:C$9, 3, 0),B21) -> 0
... A232: 46503 | B232: =IFERROR(VLOOKUP(A232,A$5:C$9, 3, 0),B231) -> W05

Sheet Main
B1: ID | C1: Phase | D1: Activities | G1: Remark | H1: Output | J1: 주관 (R&R) | M1: Activity별 대응 매뉴얼 | N1: Plan | Q1: TBD | R1: Plan Week | S1: Actual Week | T1: Level | U1: Ratio | V1: Actual | Y1: 착수단계 | AD1: 분석단계 | AI1: 설계단계 | AS1: 구축단계
Y2: W1 | AD2: W2 | AI2: W3 | AN2: W4 | AS2: W5
Y3: 46293 | AD3: =Y3+7 -> 46300 | AI3: =AD3+7 -> 46307 | AN3: =AI3+7 -> 46314 | AS3: =AN3+7 -> 46321
D4: Activity | E4: Work | F4: Step | H4: 보조산출물 | I4: 공식산출물 | J4: 고객사 | K4: 공통 | L4: 수행사 | N4: Start date | O4: End date | P4: Duration | V4: Start date | W4: End date | X4: Duration | Y4: 46297 | AD4: =Y4+7 -> 46304 | AI4: =AD4+7 -> 46311 | AN4: =AI4+7 -> 46318 | AS4: =AN4+7 -> 46325
B5: 1000 | C5: 착수단계 | N5: =MIN(N6:N11) -> 46296 | O5: =MAX(O6:O11) -> 46297 | P5: =IF(O5<>"", NETWORKDAYS(N5,O5,Calendar!$L$2:$L$43), "") -> 2 | Q5: =IF(C5<=9999, Q4, LEFT(C5, 2)) -> 착수 | R5: =IF(T5=4, VLOOKUP(O5, '주별 진척률'!$A$11:$B$169, 2, 0), "") | S5: =IF(T5=4, IFERROR(VLOOKUP(W5, '주별 진척률'!$A$11:$B$169, 2, 0), ""), "") | T5: =IF(IFERROR(VALUE(E5), 0)>=1000, IF(IFERROR(VALUE(E5), 0)<=9999, 4, IF(RIGHT(D5,1)="0", 3, IF(RIGHT(C5,2)="00", 2, IF(RIGHT(B5,3)="000", 1, 0)))), IF(RIGHT(D5,1)="0", 3, IF(RIGHT(C5,2)="00", 2, IF(RIGHT(B5,3)="000", 1, 0)))) -> 1 | U5: =((1+(O5-N5))/(1+(MAX($O$5:$O$65)-MIN($N$5:$N$65)))) -> 0.066666667 | V5: =MIN(V6:V11) -> 0 | W5: =MAX(W6:W11) -> 0 | X5: =IF(W5<>"", NETWORKDAYS(V5,W5,Calendar!$L$2:$L$43), "") -> 0 | Y5: =IF($N5<=Y$3+MOD(COLUMN()-Calendar!$O$2, 5), IF(Y$3+MOD(COLUMN()-Calendar!$O$2, 5)<=$O5, 1, 0), 0) -> 0 | Z5: =IF($N5<=Y$3+MOD(COLUMN()-Calendar!$O$2, 5), IF(Y$3+MOD(COLUMN()-Calendar!$O$2, 5)<=$O5, 1, 0), 0) -> 0 | AA5: =IF($N5<=Y$3+MOD(COLUMN()-Calendar!$O$2, 5), IF(Y$3+MOD(COLUMN()-Calendar!$O$2, 5)<=$O5, 1, 0), 0) -> 0 | AB5: =IF($N5<=Y$3+MOD(COLUMN()-Calendar!$O$2, 5), IF(Y$3+MOD(COLUMN()-Calendar!$O$2, 5)<=$O5, 1, 0), 0) -> 1 | AC5: =IF($N5<=Y$3+MOD(COLUMN()-Calendar!$O$2, 5), IF(Y$3+MOD(COLUMN()-Calendar!$O$2, 5)<=$O5, 1, 0), 0) -> 1 | AD5: =IF($N5<=AD$3+MOD(COLUMN()-Calendar!$O$2, 5), IF(AD$3+MOD(COLUMN()-Calendar!$O$2, 5)<=$O5, 1, 0), 0) -> 0 | AE5: =IF($N5<=AD$3+MOD(COLUMN()-Calendar!$O$2, 5), IF(AD$3+MOD(COLUMN()-Calendar!$O$2, 5)<=$O5, 1, 0), 0) -> 0 | AF5: =IF($N5<=AD$3+MOD(COLUMN()-Calendar!$O$2, 5), IF(AD$3+MOD(COLUMN()-Calendar!$O$2, 5)<=$O5, 1, 0), 0) -> 0 | AG5: =IF($N5<=AD$3+MOD(COLUMN()-Calendar!$O$2, 5), IF(AD$3+MOD(COLUMN()-Calendar!$O$2, 5)<=$O5, 1, 0), 0) -> 0 | AH5: =IF($N5<=AD$3+MOD(COLUMN()-Calendar!$O$2, 5), IF(AD$3+MOD(COLUMN()-Calendar!$O$2, 5)<=$O5, 1, 0), 0) -> 0 | AI5: =IF($N5<=AI$3+MOD(COLUMN()-Calendar!$O$2, 5), IF(AI$3+MOD(COLUMN()-Calendar!$O$2, 5)<=$O5, 1, 0), 0) -> 0 | AJ5: =IF($N5<=AI$3+MOD(COLUMN()-Calendar!$O$2, 5), IF(AI$3+MOD(COLUMN()-Calendar!$O$2, 5)<=$O5, 1, 0), 0) -> 0 | AK5: =IF($N5<=AI$3+MOD(COLUMN()-Calendar!$O$2, 5), IF(AI$3+MOD(COLUMN()-Calendar!$O$2, 5)<=$O5, 1, 0), 0) -> 0 | AL5: =IF($N5<=AI$3+MOD(COLUMN()-Calendar!$O$2, 5), IF(AI$3+MOD(COLUMN()-Calendar!$O$2, 5)<=$O5, 1, 0), 0) -> 0 | AM5: =IF($N5<=AI$3+MOD(COLUMN()-Calendar!$O$2, 5), IF(AI$3+MOD(COLUMN()-Calendar!$O$2, 5)<=$O5, 1, 0), 0) -> 0 | AN5: =IF($N5<=AN$3+MOD(COLUMN()-Calendar!$O$2, 5), IF(AN$3+MOD(COLUMN()-Calendar!$O$2, 5)<=$O5, 1, 0), 0) -> 0 | AO5: =IF($N5<=AN$3+MOD(COLUMN()-Calendar!$O$2, 5), IF(AN$3+MOD(COLUMN()-Calendar!$O$2, 5)<=$O5, 1, 0), 0) -> 0 | AP5: =IF($N5<=AN$3+MOD(COLUMN()-Calendar!$O$2, 5), IF(AN$3+MOD(COLUMN()-Calendar!$O$2, 5)<=$O5, 1, 0), 0) -> 0 | AQ5: =IF($N5<=AN$3+MOD(COLUMN()-Calendar!$O$2, 5), IF(AN$3+MOD(COLUMN()-Calendar!$O$2, 5)<=$O5, 1, 0), 0) -> 0 | AR5: =IF($N5<=AN$3+MOD(COLUMN()-Calendar!$O$2, 5), IF(AN$3+MOD(COLUMN()-Calendar!$O$2, 5)<=$O5, 1, 0), 0) -> 0 | AS5: =IF($N5<=AS$3+MOD(COLUMN()-Calendar!$O$2, 5), IF(AS$3+MOD(COLUMN()-Calendar!$O$2, 5)<=$O5, 1, 0), 0) -> 0 | AT5: =IF($N5<=AS$3+MOD(COLUMN()-Calendar!$O$2, 5), IF(AS$3+MOD(COLUMN()-Calendar!$O$2, 5)<=$O5, 1, 0), 0) -> 0 | AU5: =IF($N5<=AS$3+MOD(COLUMN()-Calendar!$O$2, 5), IF(AS$3+MOD(COLUMN()-Calendar!$O$2, 5)<=$O5, 1, 0), 0) -> 0 | AV5: =IF($N5<=AS$3+MOD(COLUMN()-Calendar!$O$2, 5), IF(AS$3+MOD(COLUMN()-Calendar!$O$2, 5)<=$O5, 1, 0), 0) -> 0 | AW5: =IF($N5<=AS$3+MOD(COLUMN()-Calendar!$O$2, 5), IF(AS$3+MOD(COLUMN()-Calendar!$O$2, 5)<=$O5, 1, 0), 0) -> 0
B6: 1000 | C6: 1100 | D6: 프로젝트 준비 및 착수보고 | N6: =MIN(N7:N11) -> 46296 | O6: =MAX(O7:O11) -> 46297 | P6: =IF(O6<>"", NETWORKDAYS(N6,O6,Calendar!$L$2:$L$43), "") -> 2 | Q6: =IF(C6<=9999, Q5, LEFT(C6, 2)) -> 착수 | R6: =IF(T6=4, VLOOKUP(O6, '주별 진척률'!$A$11:$B$169, 2, 0), "") | S6: =IF(T6=4, IFERROR(VLOOKUP(W6, '주별 진척률'!$A$11:$B$169, 2, 0), ""), "") | T6: =IF(IFERROR(VALUE(E6), 0)>=1000, IF(IFERROR(VALUE(E6), 0)<=9999, 4, IF(RIGHT(D6,1)="0", 3, IF(RIGHT(C6,2)="00", 2, IF(RIGHT(B6,3)="000", 1, 0)))), IF(RIGHT(D6,1)="0", 3, IF(RIGHT(C6,2)="00", 2, IF(RIGHT(B6,3)="000", 1, 0)))) -> 2 | U6: =((1+(O6-N6))/(1+(MAX($O$5:$O$65)-MIN($N$5:$N$65)))) -> 0.066666667 | V6: =MIN(V7:V11) -> 0 | W6: =MAX(W7:W11) -> 0 | X6: =IF(W6<>"", NETWORKDAYS(V6,W6,Calendar!$L$2:$L$43), "") -> 0 | Y6: =IF($N6<=Y$3+MOD(COLUMN()-Calendar!$O$2, 5), IF(Y$3+MOD(COLUMN()-Calendar!$O$2, 5)<=$O6, 1, 0), 0) -> 0 | Z6: =IF($N6<=Y$3+MOD(COLUMN()-Calendar!$O$2, 5), IF(Y$3+MOD(COLUMN()-Calendar!$O$2, 5)<=$O6, 1, 0), 0) -> 0 | AA6: =IF($N6<=Y$3+MOD(COLUMN()-Calendar!$O$2, 5), IF(Y$3+MOD(COLUMN()-Calendar!$O$2, 5)<=$O6, 1, 0), 0) -> 0 | AB6: =IF($N6<=Y$3+MOD(COLUMN()-Calendar!$O$2, 5), IF(Y$3+MOD(COLUMN()-Calendar!$O$2, 5)<=$O6, 1, 0), 0) -> 1 | AC6: =IF($N6<=Y$3+MOD(COLUMN()-Calendar!$O$2, 5), IF(Y$3+MOD(COLUMN()-Calendar!$O$2, 5)<=$O6, 1, 0), 0) -> 1 | AD6: =IF($N6<=AD$3+MOD(COLUMN()-Calendar!$O$2, 5), IF(AD$3+MOD(COLUMN()-Calendar!$O$2, 5)<=$O6, 1, 0), 0) -> 0 | AE6: =IF($N6<=AD$3+MOD(COLUMN()-Calendar!$O$2, 5), IF(AD$3+MOD(COLUMN()-Calendar!$O$2, 5)<=$O6, 1, 0), 0) -> 0 | AF6: =IF($N6<=AD$3+MOD(COLUMN()-Calendar!$O$2, 5), IF(AD$3+MOD(COLUMN()-Calendar!$O$2, 5)<=$O6, 1, 0), 0) -> 0 | AG6: =IF($N6<=AD$3+MOD(COLUMN()-Calendar!$O$2, 5), IF(AD$3+MOD(COLUMN()-Calendar!$O$2, 5)<=$O6, 1, 0), 0) -> 0 | AH6: =IF($N6<=AD$3+MOD(COLUMN()-Calendar!$O$2, 5), IF(AD$3+MOD(COLUMN()-Calendar!$O$2, 5)<=$O6, 1, 0), 0) -> 0 | AI6: =IF($N6<=AI$3+MOD(COLUMN()-Calendar!$O$2, 5), IF(AI$3+MOD(COLUMN()-Calendar!$O$2, 5)<=$O6, 1, 0), 0) -> 0 | AJ6: =IF($N6<=AI$3+MOD(COLUMN()-Calendar!$O$2, 5), IF(AI$3+MOD(COLUMN()-Calendar!$O$2, 5)<=$O6, 1, 0), 0) -> 0 | AK6: =IF($N6<=AI$3+MOD(COLUMN()-Calendar!$O$2, 5), IF(AI$3+MOD(COLUMN()-Calendar!$O$2, 5)<=$O6, 1, 0), 0) -> 0 | AL6: =IF($N6<=AI$3+MOD(COLUMN()-Calendar!$O$2, 5), IF(AI$3+MOD(COLUMN()-Calendar!$O$2, 5)<=$O6, 1, 0), 0) -> 0 | AM6: =IF($N6<=AI$3+MOD(COLUMN()-Calendar!$O$2, 5), IF(AI$3+MOD(COLUMN()-Calendar!$O$2, 5)<=$O6, 1, 0), 0) -> 0 | AN6: =IF($N6<=AN$3+MOD(COLUMN()-Calendar!$O$2, 5), IF(AN$3+MOD(COLUMN()-Calendar!$O$2, 5)<=$O6, 1, 0), 0) -> 0 | AO6: =IF($N6<=AN$3+MOD(COLUMN()-Calendar!$O$2, 5), IF(AN$3+MOD(COLUMN()-Calendar!$O$2, 5)<=$O6, 1, 0), 0) -> 0 | AP6: =IF($N6<=AN$3+MOD(COLUMN()-Calendar!$O$2, 5), IF(AN$3+MOD(COLUMN()-Calendar!$O$2, 5)<=$O6, 1, 0), 0) -> 0 | AQ6: =IF($N6<=AN$3+MOD(COLUMN()-Calendar!$O$2, 5), IF(AN$3+MOD(COLUMN()-Calendar!$O$2, 5)<=$O6, 1, 0), 0) -> 0 | AR6: =IF($N6<=AN$3+MOD(COLUMN()-Calendar!$O$2, 5), IF(AN$3+MOD(COLUMN()-Calendar!$O$2, 5)<=$O6, 1, 0), 0) -> 0 | AS6: =IF($N6<=AS$3+MOD(COLUMN()-Calendar!$O$2, 5), IF(AS$3+MOD(COLUMN()-Calendar!$O$2, 5)<=$O6, 1, 0), 0) -> 0 | AT6: =IF($N6<=AS$3+MOD(COLUMN()-Calendar!$O$2, 5), IF(AS$3+MOD(COLUMN()-Calendar!$O$2, 5)<=$O6, 1, 0), 0) -> 0 | AU6: =IF($N6<=AS$3+MOD(COLUMN()-Calendar!$O$2, 5), IF(AS$3+MOD(COLUMN()-Calendar!$O$2, 5)<=$O6, 1, 0), 0) -> 0 | AV6: =IF($N6<=AS$3+MOD(COLUMN()-Calendar!$O$2, 5), IF(AS$3+MOD(COLUMN()-Calendar!$O$2, 5)<=$O6, 1, 0), 0) -> 0 | AW6: =IF($N6<=AS$3+MOD(COLUMN()-Calendar!$O$2, 5), IF(AS$3+MOD(COLUMN()-Calendar!$O$2, 5)<=$O6, 1, 0), 0) -> 0
B7: 1000 | C7: 1100 | D7: 1110 | E7: 수행환경 구축 | N7: =MIN(N8:N11) -> 46296 | O7: =MAX(O8:O11) -> 46297 | P7: =IF(O7<>"", NETWORKDAYS(N7,O7,Calendar!$L$2:$L$43), "") -> 2 | Q7: =IF(C7<=9999, Q6, LEFT(C7, 2)) -> 착수 | R7: =IF(T7=4, VLOOKUP(O7, '주별 진척률'!$A$11:$B$169, 2, 0), "") | S7: =IF(T7=4, IFERROR(VLOOKUP(W7, '주별 진척률'!$A$11:$B$169, 2, 0), ""), "") | T7: =IF(IFERROR(VALUE(E7), 0)>=1000, IF(IFERROR(VALUE(E7), 0)<=9999, 4, IF(RIGHT(D7,1)="0", 3, IF(RIGHT(C7,2)="00", 2, IF(RIGHT(B7,3)="000", 1, 0)))), IF(RIGHT(D7,1)="0", 3, IF(RIGHT(C7,2)="00", 2, IF(RIGHT(B7,3)="000", 1, 0)))) -> 3 | U7: =((1+(O7-N7))/(1+(MAX($O$5:$O$65)-MIN($N$5:$N$65)))) -> 0.066666667 | V7: =MIN(V8:V11) -> 0 | W7: =MAX(W8:W11) -> 0 | X7: =IF(W7<>"", NETWORKDAYS(V7,W7,Calendar!$L$2:$L$43), "") -> 0 | Y7: =IF($N7<=Y$3+MOD(COLUMN()-Calendar!$O$2, 5), IF(Y$3+MOD(COLUMN()-Calendar!$O$2, 5)<=$O7, 1, 0), 0) -> 0 | Z7: =IF($N7<=Y$3+MOD(COLUMN()-Calendar!$O$2, 5), IF(Y$3+MOD(COLUMN()-Calendar!$O$2, 5)<=$O7, 1, 0), 0) -> 0 | AA7: =IF($N7<=Y$3+MOD(COLUMN()-Calendar!$O$2, 5), IF(Y$3+MOD(COLUMN()-Calendar!$O$2, 5)<=$O7, 1, 0), 0) -> 0 | AB7: =IF($N7<=Y$3+MOD(COLUMN()-Calendar!$O$2, 5), IF(Y$3+MOD(COLUMN()-Calendar!$O$2, 5)<=$O7, 1, 0), 0) -> 1 | AC7: =IF($N7<=Y$3+MOD(COLUMN()-Calendar!$O$2, 5), IF(Y$3+MOD(COLUMN()-Calendar!$O$2, 5)<=$O7, 1, 0), 0) -> 1 | AD7: =IF($N7<=AD$3+MOD(COLUMN()-Calendar!$O$2, 5), IF(AD$3+MOD(COLUMN()-Calendar!$O$2, 5)<=$O7, 1, 0), 0) -> 0 | AE7: =IF($N7<=AD$3+MOD(COLUMN()-Calendar!$O$2, 5), IF(AD$3+MOD(COLUMN()-Calendar!$O$2, 5)<=$O7, 1, 0), 0) -> 0 | AF7: =IF($N7<=AD$3+MOD(COLUMN()-Calendar!$O$2, 5), IF(AD$3+MOD(COLUMN()-Calendar!$O$2, 5)<=$O7, 1, 0), 0) -> 0 | AG7: =IF($N7<=AD$3+MOD(COLUMN()-Calendar!$O$2, 5), IF(AD$3+MOD(COLUMN()-Calendar!$O$2, 5)<=$O7, 1, 0), 0) -> 0 | AH7: =IF($N7<=AD$3+MOD(COLUMN()-Calendar!$O$2, 5), IF(AD$3+MOD(COLUMN()-Calendar!$O$2, 5)<=$O7, 1, 0), 0) -> 0 | AI7: =IF($N7<=AI$3+MOD(COLUMN()-Calendar!$O$2, 5), IF(AI$3+MOD(COLUMN()-Calendar!$O$2, 5)<=$O7, 1, 0), 0) -> 0 | AJ7: =IF($N7<=AI$3+MOD(COLUMN()-Calendar!$O$2, 5), IF(AI$3+MOD(COLUMN()-Calendar!$O$2, 5)<=$O7, 1, 0), 0) -> 0 | AK7: =IF($N7<=AI$3+MOD(COLUMN()-Calendar!$O$2, 5), IF(AI$3+MOD(COLUMN()-Calendar!$O$2, 5)<=$O7, 1, 0), 0) -> 0 | AL7: =IF($N7<=AI$3+MOD(COLUMN()-Calendar!$O$2, 5), IF(AI$3+MOD(COLUMN()-Calendar!$O$2, 5)<=$O7, 1, 0), 0) -> 0 | AM7: =IF($N7<=AI$3+MOD(COLUMN()-Calendar!$O$2, 5), IF(AI$3+MOD(COLUMN()-Calendar!$O$2, 5)<=$O7, 1, 0), 0) -> 0 | AN7: =IF($N7<=AN$3+MOD(COLUMN()-Calendar!$O$2, 5), IF(AN$3+MOD(COLUMN()-Calendar!$O$2, 5)<=$O7, 1, 0), 0) -> 0 | AO7: =IF($N7<=AN$3+MOD(COLUMN()-Calendar!$O$2, 5), IF(AN$3+MOD(COLUMN()-Calendar!$O$2, 5)<=$O7, 1, 0), 0) -> 0 | AP7: =IF($N7<=AN$3+MOD(COLUMN()-Calendar!$O$2, 5), IF(AN$3+MOD(COLUMN()-Calendar!$O$2, 5)<=$O7, 1, 0), 0) -> 0 | AQ7: =IF($N7<=AN$3+MOD(COLUMN()-Calendar!$O$2, 5), IF(AN$3+MOD(COLUMN()-Calendar!$O$2, 5)<=$O7, 1, 0), 0) -> 0 | AR7: =IF($N7<=AN$3+MOD(COLUMN()-Calendar!$O$2, 5), IF(AN$3+MOD(COLUMN()-Calendar!$O$2, 5)<=$O7, 1, 0), 0) -> 0 | AS7: =IF($N7<=AS$3+MOD(COLUMN()-Calendar!$O$2, 5), IF(AS$3+MOD(COLUMN()-Calendar!$O$2, 5)<=$O7, 1, 0), 0) -> 0 | AT7: =IF($N7<=AS$3+MOD(COLUMN()-Calendar!$O$2, 5), IF(AS$3+MOD(COLUMN()-Calendar!$O$2, 5)<=$O7, 1, 0), 0) -> 0 | AU7: =IF($N7<=AS$3+MOD(COLUMN()-Calendar!$O$2, 5), IF(AS$3+MOD(COLUMN()-Calendar!$O$2, 5)<=$O7, 1, 0), 0) -> 0 | AV7: =IF($N7<=AS$3+MOD(COLUMN()-Calendar!$O$2, 5), IF(AS$3+MOD(COLUMN()-Calendar!$O$2, 5)<=$O7, 1, 0), 0) -> 0 | AW7: =IF($N7<=AS$3+MOD(COLUMN()-Calendar!$O$2, 5), IF(AS$3+MOD(COLUMN()-Calendar!$O$2, 5)<=$O7, 1, 0), 0) -> 0
B8: 1000 | C8: 1100 | D8: 1110 | E8: 1111 | F8: 사이트 이동 및 프로젝트룸 준비 | N8: 46296 | O8: 46297 | P8: =IF(O8<>"", NETWORKDAYS(N8,O8,Calendar!$L$2:$L$43), "") -> 2 | Q8: =IF(C8<=9999, Q7, LEFT(C8, 2)) -> 착수 | R8: =IF(T8=4, VLOOKUP(O8, '주별 진척률'!$A$11:$B$169, 2, 0), "") -> W01 | S8: =IF(T8=4, IFERROR(VLOOKUP(W8, '주별 진척률'!$A$11:$B$169, 2, 0), ""), "") | T8: =IF(IFERROR(VALUE(E8), 0)>=1000, IF(IFERROR(VALUE(E8), 0)<=9999, 4, IF(RIGHT(D8,1)="0", 3, IF(RIGHT(C8,2)="00", 2, IF(RIGHT(B8,3)="000", 1, 0)))), IF(RIGHT(D8,1)="0", 3, IF(RIGHT(C8,2)="00", 2, IF(RIGHT(B8,3)="000", 1, 0)))) -> 4 | U8: =((1+(O8-N8))/(1+(MAX($O$5:$O$65)-MIN($N$5:$N$65)))) -> 0.066666667 | X8: =IF(W8<>"", NETWORKDAYS(V8,W8,Calendar!$L$2:$L$43), "") | Y8: =IF($N8<=Y$3+MOD(COLUMN()-Calendar!$O$2, 5), IF(Y$3+MOD(COLUMN()-Calendar!$O$2, 5)<=$O8, 1, 0), 0) -> 0 | Z8: =IF($N8<=Y$3+MOD(COLUMN()-Calendar!$O$2, 5), IF(Y$3+MOD(COLUMN()-Calendar!$O$2, 5)<=$O8, 1, 0), 0) -> 0 | AA8: =IF($N8<=Y$3+MOD(COLUMN()-Calendar!$O$2, 5), IF(Y$3+MOD(COLUMN()-Calendar!$O$2, 5)<=$O8, 1, 0), 0) -> 0 | AB8: =IF($N8<=Y$3+MOD(COLUMN()-Calendar!$O$2, 5), IF(Y$3+MOD(COLUMN()-Calendar!$O$2, 5)<=$O8, 1, 0), 0) -> 1 | AC8: =IF($N8<=Y$3+MOD(COLUMN()-Calendar!$O$2, 5), IF(Y$3+MOD(COLUMN()-Calendar!$O$2, 5)<=$O8, 1, 0), 0) -> 1 | AD8: =IF($N8<=AD$3+MOD(COLUMN()-Calendar!$O$2, 5), IF(AD$3+MOD(COLUMN()-Calendar!$O$2, 5)<=$O8, 1, 0), 0) -> 0 | AE8: =IF($N8<=AD$3+MOD(COLUMN()-Calendar!$O$2, 5), IF(AD$3+MOD(COLUMN()-Calendar!$O$2, 5)<=$O8, 1, 0), 0) -> 0 | AF8: =IF($N8<=AD$3+MOD(COLUMN()-Calendar!$O$2, 5), IF(AD$3+MOD(COLUMN()-Calendar!$O$2, 5)<=$O8, 1, 0), 0) -> 0 | AG8: =IF($N8<=AD$3+MOD(COLUMN()-Calendar!$O$2, 5), IF(AD$3+MOD(COLUMN()-Calendar!$O$2, 5)<=$O8, 1, 0), 0) -> 0 | AH8: =IF($N8<=AD$3+MOD(COLUMN()-Calendar!$O$2, 5), IF(AD$3+MOD(COLUMN()-Calendar!$O$2, 5)<=$O8, 1, 0), 0) -> 0 | AI8: =IF($N8<=AI$3+MOD(COLUMN()-Calendar!$O$2, 5), IF(AI$3+MOD(COLUMN()-Calendar!$O$2, 5)<=$O8, 1, 0), 0) -> 0 | AJ8: =IF($N8<=AI$3+MOD(COLUMN()-Calendar!$O$2, 5), IF(AI$3+MOD(COLUMN()-Calendar!$O$2, 5)<=$O8, 1, 0), 0) -> 0 | AK8: =IF($N8<=AI$3+MOD(COLUMN()-Calendar!$O$2, 5), IF(AI$3+MOD(COLUMN()-Calendar!$O$2, 5)<=$O8, 1, 0), 0) -> 0 | AL8: =IF($N8<=AI$3+MOD(COLUMN()-Calendar!$O$2, 5), IF(AI$3+MOD(COLUMN()-Calendar!$O$2, 5)<=$O8, 1, 0), 0) -> 0 | AM8: =IF($N8<=AI$3+MOD(COLUMN()-Calendar!$O$2, 5), IF(AI$3+MOD(COLUMN()-Calendar!$O$2, 5)<=$O8, 1, 0), 0) -> 0 | AN8: =IF($N8<=AN$3+MOD(COLUMN()-Calendar!$O$2, 5), IF(AN$3+MOD(COLUMN()-Calendar!$O$2, 5)<=$O8, 1, 0), 0) -> 0 | AO8: =IF($N8<=AN$3+MOD(COLUMN()-Calendar!$O$2, 5), IF(AN$3+MOD(COLUMN()-Calendar!$O$2, 5)<=$O8, 1, 0), 0) -> 0 | AP8: =IF($N8<=AN$3+MOD(COLUMN()-Calendar!$O$2, 5), IF(AN$3+MOD(COLUMN()-Calendar!$O$2, 5)<=$O8, 1, 0), 0) -> 0 | AQ8: =IF($N8<=AN$3+MOD(COLUMN()-Calendar!$O$2, 5), IF(AN$3+MOD(COLUMN()-Calendar!$O$2, 5)<=$O8, 1, 0), 0) -> 0 | AR8: =IF($N8<=AN$3+MOD(COLUMN()-Calendar!$O$2, 5), IF(AN$3+MOD(COLUMN()-Calendar!$O$2, 5)<=$O8, 1, 0), 0) -> 0 | AS8: =IF($N8<=AS$3+MOD(COLUMN()-Calendar!$O$2, 5), IF(AS$3+MOD(COLUMN()-Calendar!$O$2, 5)<=$O8, 1, 0), 0) -> 0 | AT8: =IF($N8<=AS$3+MOD(COLUMN()-Calendar!$O$2, 5), IF(AS$3+MOD(COLUMN()-Calendar!$O$2, 5)<=$O8, 1, 0), 0) -> 0 | AU8: =IF($N8<=AS$3+MOD(COLUMN()-Calendar!$O$2, 5), IF(AS$3+MOD(COLUMN()-Calendar!$O$2, 5)<=$O8, 1, 0), 0) -> 0 | AV8: =IF($N8<=AS$3+MOD(COLUMN()-Calendar!$O$2, 5), IF(AS$3+MOD(COLUMN()-Calendar!$O$2, 5)<=$O8, 1, 0), 0) -> 0 | AW8: =IF($N8<=AS$3+MOD(COLUMN()-Calendar!$O$2, 5), IF(AS$3+MOD(COLUMN()-Calendar!$O$2, 5)<=$O8, 1, 0), 0) -> 0
B9: 1000 | C9: 1100 | D9: 1110 | E9: 1112 | F9: 일정계획서(WBS) 작성 | I9: WBS | N9: 46296 | O9: 46297 | P9: =IF(O9<>"", NETWORKDAYS(N9,O9,Calendar!$L$2:$L$43), "") -> 2 | Q9: =IF(C9<=9999, Q8, LEFT(C9, 2)) -> 착수 | R9: =IF(T9=4, VLOOKUP(O9, '주별 진척률'!$A$11:$B$169, 2, 0), "") -> W01 | S9: =IF(T9=4, IFERROR(VLOOKUP(W9, '주별 진척률'!$A$11:$B$169, 2, 0), ""), "") | T9: =IF(IFERROR(VALUE(E9), 0)>=1000, IF(IFERROR(VALUE(E9), 0)<=9999, 4, IF(RIGHT(D9,1)="0", 3, IF(RIGHT(C9,2)="00", 2, IF(RIGHT(B9,3)="000", 1, 0)))), IF(RIGHT(D9,1)="0", 3, IF(RIGHT(C9,2)="00", 2, IF(RIGHT(B9,3)="000", 1, 0)))) -> 4 | U9: =((1+(O9-N9))/(1+(MAX($O$5:$O$65)-MIN($N$5:$N$65)))) -> 0.066666667 | X9: =IF(W9<>"", NETWORKDAYS(V9,W9,Calendar!$L$2:$L$43), "") | Y9: =IF($N9<=Y$3+MOD(COLUMN()-Calendar!$O$2, 5), IF(Y$3+MOD(COLUMN()-Calendar!$O$2, 5)<=$O9, 1, 0), 0) -> 0 | Z9: =IF($N9<=Y$3+MOD(COLUMN()-Calendar!$O$2, 5), IF(Y$3+MOD(COLUMN()-Calendar!$O$2, 5)<=$O9, 1, 0), 0) -> 0 | AA9: =IF($N9<=Y$3+MOD(COLUMN()-Calendar!$O$2, 5), IF(Y$3+MOD(COLUMN()-Calendar!$O$2, 5)<=$O9, 1, 0), 0) -> 0 | AB9: =IF($N9<=Y$3+MOD(COLUMN()-Calendar!$O$2, 5), IF(Y$3+MOD(COLUMN()-Calendar!$O$2, 5)<=$O9, 1, 0), 0) -> 1 | AC9: =IF($N9<=Y$3+MOD(COLUMN()-Calendar!$O$2, 5), IF(Y$3+MOD(COLUMN()-Calendar!$O$2, 5)<=$O9, 1, 0), 0) -> 1 | AD9: =IF($N9<=AD$3+MOD(COLUMN()-Calendar!$O$2, 5), IF(AD$3+MOD(COLUMN()-Calendar!$O$2, 5)<=$O9, 1, 0), 0) -> 0 | AE9: =IF($N9<=AD$3+MOD(COLUMN()-Calendar!$O$2, 5), IF(AD$3+MOD(COLUMN()-Calendar!$O$2, 5)<=$O9, 1, 0), 0) -> 0 | AF9: =IF($N9<=AD$3+MOD(COLUMN()-Calendar!$O$2, 5), IF(AD$3+MOD(COLUMN()-Calendar!$O$2, 5)<=$O9, 1, 0), 0) -> 0 | AG9: =IF($N9<=AD$3+MOD(COLUMN()-Calendar!$O$2, 5), IF(AD$3+MOD(COLUMN()-Calendar!$O$2, 5)<=$O9, 1, 0), 0) -> 0 | AH9: =IF($N9<=AD$3+MOD(COLUMN()-Calendar!$O$2, 5), IF(AD$3+MOD(COLUMN()-Calendar!$O$2, 5)<=$O9, 1, 0), 0) -> 0 | AI9: =IF($N9<=AI$3+MOD(COLUMN()-Calendar!$O$2, 5), IF(AI$3+MOD(COLUMN()-Calendar!$O$2, 5)<=$O9, 1, 0), 0) -> 0 | AJ9: =IF($N9<=AI$3+MOD(COLUMN()-Calendar!$O$2, 5), IF(AI$3+MOD(COLUMN()-Calendar!$O$2, 5)<=$O9, 1, 0), 0) -> 0 | AK9: =IF($N9<=AI$3+MOD(COLUMN()-Calendar!$O$2, 5), IF(AI$3+MOD(COLUMN()-Calendar!$O$2, 5)<=$O9, 1, 0), 0) -> 0 | AL9: =IF($N9<=AI$3+MOD(COLUMN()-Calendar!$O$2, 5), IF(AI$3+MOD(COLUMN()-Calendar!$O$2, 5)<=$O9, 1, 0), 0) -> 0 | AM9: =IF($N9<=AI$3+MOD(COLUMN()-Calendar!$O$2, 5), IF(AI$3+MOD(COLUMN()-Calendar!$O$2, 5)<=$O9, 1, 0), 0) -> 0 | AN9: =IF($N9<=AN$3+MOD(COLUMN()-Calendar!$O$2, 5), IF(AN$3+MOD(COLUMN()-Calendar!$O$2, 5)<=$O9, 1, 0), 0) -> 0 | AO9: =IF($N9<=AN$3+MOD(COLUMN()-Calendar!$O$2, 5), IF(AN$3+MOD(COLUMN()-Calendar!$O$2, 5)<=$O9, 1, 0), 0) -> 0 | AP9: =IF($N9<=AN$3+MOD(COLUMN()-Calendar!$O$2, 5), IF(AN$3+MOD(COLUMN()-Calendar!$O$2, 5)<=$O9, 1, 0), 0) -> 0 | AQ9: =IF($N9<=AN$3+MOD(COLUMN()-Calendar!$O$2, 5), IF(AN$3+MOD(COLUMN()-Calendar!$O$2, 5)<=$O9, 1, 0), 0) -> 0 | AR9: =IF($N9<=AN$3+MOD(COLUMN()-Calendar!$O$2, 5), IF(AN$3+MOD(COLUMN()-Calendar!$O$2, 5)<=$O9, 1, 0), 0) -> 0 | AS9: =IF($N9<=AS$3+MOD(COLUMN()-Calendar!$O$2, 5), IF(AS$3+MOD(COLUMN()-Calendar!$O$2, 5)<=$O9, 1, 0), 0) -> 0 | AT9: =IF($N9<=AS$3+MOD(COLUMN()-Calendar!$O$2, 5), IF(AS$3+MOD(COLUMN()-Calendar!$O$2, 5)<=$O9, 1, 0), 0) -> 0 | AU9: =IF($N9<=AS$3+MOD(COLUMN()-Calendar!$O$2, 5), IF(AS$3+MOD(COLUMN()-Calendar!$O$2, 5)<=$O9, 1, 0), 0) -> 0 | AV9: =IF($N9<=AS$3+MOD(COLUMN()-Calendar!$O$2, 5), IF(AS$3+MOD(COLUMN()-Calendar!$O$2, 5)<=$O9, 1, 0), 0) -> 0 | AW9: =IF($N9<=AS$3+MOD(COLUMN()-Calendar!$O$2, 5), IF(AS$3+MOD(COLUMN()-Calendar!$O$2, 5)<=$O9, 1, 0), 0) -> 0
B10: 1000 | C10: 1100 | D10: 1110 | E10: 1113 | F10: 고객사 TF (Key User) 대상 인터뷰 계획 수립 및 확정 | N10: 46296 | O10: 46297 | P10: =IF(O10<>"", NETWORKDAYS(N10,O10,Calendar!$L$2:$L$43), "") -> 2 | Q10: =IF(C10<=9999, Q9, LEFT(C10, 2)) -> 착수 | R10: =IF(T10=4, VLOOKUP(O10, '주별 진척률'!$A$11:$B$169, 2, 0), "") -> W01 | S10: =IF(T10=4, IFERROR(VLOOKUP(W10, '주별 진척률'!$A$11:$B$169, 2, 0), ""), "") | T10: =IF(IFERROR(VALUE(E10), 0)>=1000, IF(IFERROR(VALUE(E10), 0)<=9999, 4, IF(RIGHT(D10,1)="0", 3, IF(RIGHT(C10,2)="00", 2, IF(RIGHT(B10,3)="000", 1, 0)))), IF(RIGHT(D10,1)="0", 3, IF(RIGHT(C10,2)="00", 2, IF(RIGHT(B10,3)="000", 1, 0)))) -> 4 | U10: =((1+(O10-N10))/(1+(MAX($O$5:$O$65)-MIN($N$5:$N$65)))) -> 0.066666667 | X10: =IF(W10<>"", NETWORKDAYS(V10,W10,Calendar!$L$2:$L$43), "") | Y10: =IF($N10<=Y$3+MOD(COLUMN()-Calendar!$O$2, 5), IF(Y$3+MOD(COLUMN()-Calendar!$O$2, 5)<=$O10, 1, 0), 0) -> 0 | Z10: =IF($N10<=Y$3+MOD(COLUMN()-Calendar!$O$2, 5), IF(Y$3+MOD(COLUMN()-Calendar!$O$2, 5)<=$O10, 1, 0), 0) -> 0 | AA10: =IF($N10<=Y$3+MOD(COLUMN()-Calendar!$O$2, 5), IF(Y$3+MOD(COLUMN()-Calendar!$O$2, 5)<=$O10, 1, 0), 0) -> 0 | AB10: =IF($N10<=Y$3+MOD(COLUMN()-Calendar!$O$2, 5), IF(Y$3+MOD(COLUMN()-Calendar!$O$2, 5)<=$O10, 1, 0), 0) -> 1 | AC10: =IF($N10<=Y$3+MOD(COLUMN()-Calendar!$O$2, 5), IF(Y$3+MOD(COLUMN()-Calendar!$O$2, 5)<=$O10, 1, 0), 0) -> 1 | AD10: =IF($N10<=AD$3+MOD(COLUMN()-Calendar!$O$2, 5), IF(AD$3+MOD(COLUMN()-Calendar!$O$2, 5)<=$O10, 1, 0), 0) -> 0 | AE10: =IF($N10<=AD$3+MOD(COLUMN()-Calendar!$O$2, 5), IF(AD$3+MOD(COLUMN()-Calendar!$O$2, 5)<=$O10, 1, 0), 0) -> 0 | AF10: =IF($N10<=AD$3+MOD(COLUMN()-Calendar!$O$2, 5), IF(AD$3+MOD(COLUMN()-Calendar!$O$2, 5)<=$O10, 1, 0), 0) -> 0 | AG10: =IF($N10<=AD$3+MOD(COLUMN()-Calendar!$O$2, 5), IF(AD$3+MOD(COLUMN()-Calendar!$O$2, 5)<=$O10, 1, 0), 0) -> 0 | AH10: =IF($N10<=AD$3+MOD(COLUMN()-Calendar!$O$2, 5), IF(AD$3+MOD(COLUMN()-Calendar!$O$2, 5)<=$O10, 1, 0), 0) -> 0 | AI10: =IF($N10<=AI$3+MOD(COLUMN()-Calendar!$O$2, 5), IF(AI$3+MOD(COLUMN()-Calendar!$O$2, 5)<=$O10, 1, 0), 0) -> 0 | AJ10: =IF($N10<=AI$3+MOD(COLUMN()-Calendar!$O$2, 5), IF(AI$3+MOD(COLUMN()-Calendar!$O$2, 5)<=$O10, 1, 0), 0) -> 0 | AK10: =IF($N10<=AI$3+MOD(COLUMN()-Calendar!$O$2, 5), IF(AI$3+MOD(COLUMN()-Calendar!$O$2, 5)<=$O10, 1, 0), 0) -> 0 | AL10: =IF($N10<=AI$3+MOD(COLUMN()-Calendar!$O$2, 5), IF(AI$3+MOD(COLUMN()-Calendar!$O$2, 5)<=$O10, 1, 0), 0) -> 0 | AM10: =IF($N10<=AI$3+MOD(COLUMN()-Calendar!$O$2, 5), IF(AI$3+MOD(COLUMN()-Calendar!$O$2, 5)<=$O10, 1, 0), 0) -> 0 | AN10: =IF($N10<=AN$3+MOD(COLUMN()-Calendar!$O$2, 5), IF(AN$3+MOD(COLUMN()-Calendar!$O$2, 5)<=$O10, 1, 0), 0) -> 0 | AO10: =IF($N10<=AN$3+MOD(COLUMN()-Calendar!$O$2, 5), IF(AN$3+MOD(COLUMN()-Calendar!$O$2, 5)<=$O10, 1, 0), 0) -> 0 | AP10: =IF($N10<=AN$3+MOD(COLUMN()-Calendar!$O$2, 5), IF(AN$3+MOD(COLUMN()-Calendar!$O$2, 5)<=$O10, 1, 0), 0) -> 0 | AQ10: =IF($N10<=AN$3+MOD(COLUMN()-Calendar!$O$2, 5), IF(AN$3+MOD(COLUMN()-Calendar!$O$2, 5)<=$O10, 1, 0), 0) -> 0 | AR10: =IF($N10<=AN$3+MOD(COLUMN()-Calendar!$O$2, 5), IF(AN$3+MOD(COLUMN()-Calendar!$O$2, 5)<=$O10, 1, 0), 0) -> 0 | AS10: =IF($N10<=AS$3+MOD(COLUMN()-Calendar!$O$2, 5), IF(AS$3+MOD(COLUMN()-Calendar!$O$2, 5)<=$O10, 1, 0), 0) -> 0 | AT10: =IF($N10<=AS$3+MOD(COLUMN()-Calendar!$O$2, 5), IF(AS$3+MOD(COLUMN()-Calendar!$O$2, 5)<=$O10, 1, 0), 0) -> 0 | AU10: =IF($N10<=AS$3+MOD(COLUMN()-Calendar!$O$2, 5), IF(AS$3+MOD(COLUMN()-Calendar!$O$2, 5)<=$O10, 1, 0), 0) -> 0 | AV10: =IF($N10<=AS$3+MOD(COLUMN()-Calendar!$O$2, 5), IF(AS$3+MOD(COLUMN()-Calendar!$O$2, 5)<=$O10, 1, 0), 0) -> 0 | AW10: =IF($N10<=AS$3+MOD(COLUMN()-Calendar!$O$2, 5), IF(AS$3+MOD(COLUMN()-Calendar!$O$2, 5)<=$O10, 1, 0), 0) -> 0
B11: 1000 | C11: 1100 | D11: 1110 | E11: 1114 | F11: 업무범위 정의 | N11: 46296 | O11: 46297 | P11: =IF(O11<>"", NETWORKDAYS(N11,O11,Calendar!$L$2:$L$43), "") -> 2 | Q11: =IF(C11<=9999, Q10, LEFT(C11, 2)) -> 착수 | R11: =IF(T11=4, VLOOKUP(O11, '주별 진척률'!$A$11:$B$169, 2, 0), "") -> W01 | S11: =IF(T11=4, IFERROR(VLOOKUP(W11, '주별 진척률'!$A$11:$B$169, 2, 0), ""), "") | T11: =IF(IFERROR(VALUE(E11), 0)>=1000, IF(IFERROR(VALUE(E11), 0)<=9999, 4, IF(RIGHT(D11,1)="0", 3, IF(RIGHT(C11,2)="00", 2, IF(RIGHT(B11,3)="000", 1, 0)))), IF(RIGHT(D11,1)="0", 3, IF(RIGHT(C11,2)="00", 2, IF(RIGHT(B11,3)="000", 1, 0)))) -> 4 | U11: =((1+(O11-N11))/(1+(MAX($O$5:$O$65)-MIN($N$5:$N$65)))) -> 0.066666667 | X11: =IF(W11<>"", NETWORKDAYS(V11,W11,Calendar!$L$2:$L$43), "") | Y11: =IF($N11<=Y$3+MOD(COLUMN()-Calendar!$O$2, 5), IF(Y$3+MOD(COLUMN()-Calendar!$O$2, 5)<=$O11, 1, 0), 0) -> 0 | Z11: =IF($N11<=Y$3+MOD(COLUMN()-Calendar!$O$2, 5), IF(Y$3+MOD(COLUMN()-Calendar!$O$2, 5)<=$O11, 1, 0), 0) -> 0 | AA11: =IF($N11<=Y$3+MOD(COLUMN()-Calendar!$O$2, 5), IF(Y$3+MOD(COLUMN()-Calendar!$O$2, 5)<=$O11, 1, 0), 0) -> 0 | AB11: =IF($N11<=Y$3+MOD(COLUMN()-Calendar!$O$2, 5), IF(Y$3+MOD(COLUMN()-Calendar!$O$2, 5)<=$O11, 1, 0), 0) -> 1 | AC11: =IF($N11<=Y$3+MOD(COLUMN()-Calendar!$O$2, 5), IF(Y$3+MOD(COLUMN()-Calendar!$O$2, 5)<=$O11, 1, 0), 0) -> 1 | AD11: =IF($N11<=AD$3+MOD(COLUMN()-Calendar!$O$2, 5), IF(AD$3+MOD(COLUMN()-Calendar!$O$2, 5)<=$O11, 1, 0), 0) -> 0 | AE11: =IF($N11<=AD$3+MOD(COLUMN()-Calendar!$O$2, 5), IF(AD$3+MOD(COLUMN()-Calendar!$O$2, 5)<=$O11, 1, 0), 0) -> 0 | AF11: =IF($N11<=AD$3+MOD(COLUMN()-Calendar!$O$2, 5), IF(AD$3+MOD(COLUMN()-Calendar!$O$2, 5)<=$O11, 1, 0), 0) -> 0 | AG11: =IF($N11<=AD$3+MOD(COLUMN()-Calendar!$O$2, 5), IF(AD$3+MOD(COLUMN()-Calendar!$O$2, 5)<=$O11, 1, 0), 0) -> 0 | AH11: =IF($N11<=AD$3+MOD(COLUMN()-Calendar!$O$2, 5), IF(AD$3+MOD(COLUMN()-Calendar!$O$2, 5)<=$O11, 1, 0), 0) -> 0 | AI11: =IF($N11<=AI$3+MOD(COLUMN()-Calendar!$O$2, 5), IF(AI$3+MOD(COLUMN()-Calendar!$O$2, 5)<=$O11, 1, 0), 0) -> 0 | AJ11: =IF($N11<=AI$3+MOD(COLUMN()-Calendar!$O$2, 5), IF(AI$3+MOD(COLUMN()-Calendar!$O$2, 5)<=$O11, 1, 0), 0) -> 0 | AK11: =IF($N11<=AI$3+MOD(COLUMN()-Calendar!$O$2, 5), IF(AI$3+MOD(COLUMN()-Calendar!$O$2, 5)<=$O11, 1, 0), 0) -> 0 | AL11: =IF($N11<=AI$3+MOD(COLUMN()-Calendar!$O$2, 5), IF(AI$3+MOD(COLUMN()-Calendar!$O$2, 5)<=$O11, 1, 0), 0) -> 0 | AM11: =IF($N11<=AI$3+MOD(COLUMN()-Calendar!$O$2, 5), IF(AI$3+MOD(COLUMN()-Calendar!$O$2, 5)<=$O11, 1, 0), 0) -> 0 | AN11: =IF($N11<=AN$3+MOD(COLUMN()-Calendar!$O$2, 5), IF(AN$3+MOD(COLUMN()-Calendar!$O$2, 5)<=$O11, 1, 0), 0) -> 0 | AO11: =IF($N11<=AN$3+MOD(COLUMN()-Calendar!$O$2, 5), IF(AN$3+MOD(COLUMN()-Calendar!$O$2, 5)<=$O11, 1, 0), 0) -> 0 | AP11: =IF($N11<=AN$3+MOD(COLUMN()-Calendar!$O$2, 5), IF(AN$3+MOD(COLUMN()-Calendar!$O$2, 5)<=$O11, 1, 0), 0) -> 0 | AQ11: =IF($N11<=AN$3+MOD(COLUMN()-Calendar!$O$2, 5), IF(AN$3+MOD(COLUMN()-Calendar!$O$2, 5)<=$O11, 1, 0), 0) -> 0 | AR11: =IF($N11<=AN$3+MOD(COLUMN()-Calendar!$O$2, 5), IF(AN$3+MOD(COLUMN()-Calendar!$O$2, 5)<=$O11, 1, 0), 0) -> 0 | AS11: =IF($N11<=AS$3+MOD(COLUMN()-Calendar!$O$2, 5), IF(AS$3+MOD(COLUMN()-Calendar!$O$2, 5)<=$O11, 1, 0), 0) -> 0 | AT11: =IF($N11<=AS$3+MOD(COLUMN()-Calendar!$O$2, 5), IF(AS$3+MOD(COLUMN()-Calendar!$O$2, 5)<=$O11, 1, 0), 0) -> 0 | AU11: =IF($N11<=AS$3+MOD(COLUMN()-Calendar!$O$2, 5), IF(AS$3+MOD(COLUMN()-Calendar!$O$2, 5)<=$O11, 1, 0), 0) -> 0 | AV11: =IF($N11<=AS$3+MOD(COLUMN()-Calendar!$O$2, 5), IF(AS$3+MOD(COLUMN()-Calendar!$O$2, 5)<=$O11, 1, 0), 0) -> 0 | AW11: =IF($N11<=AS$3+MOD(COLUMN()-Calendar!$O$2, 5), IF(AS$3+MOD(COLUMN()-Calendar!$O$2, 5)<=$O11, 1, 0), 0) -> 0
B12: 2000 | C12: 분석단계 | N12: =MIN(N13:N20) -> 46296 | O12: =MAX(O13:O20) -> 46297 | P12: =IF(O12<>"", NETWORKDAYS(N12,O12,Calendar!$L$2:$L$43), "") -> 2 | Q12: =IF(C12<=9999,#REF!, LEFT( C12, 2)) -> 분석 | R12: =IF(T12=4, VLOOKUP(O12, '주별 진척률'!$A$11:$B$169, 2, 0), "") | S12: =IF(T12=4, IFERROR(VLOOKUP(W12, '주별 진척률'!$A$11:$B$169, 2, 0), ""), "") | T12: =IF(IFERROR(VALUE(E12), 0)>=1000, IF(IFERROR(VALUE(E12), 0)<=9999, 4, IF(RIGHT(D12,1)="0", 3, IF(RIGHT(C12,2)="00", 2, IF(RIGHT(B12,3)="000", 1, 0)))), IF(RIGHT(D12,1)="0", 3, IF(RIGHT(C12,2)="00", 2, IF(RIGHT(B12,3)="000", 1, 0)))) -> 1 | U12: =((1+(O12-N12))/(1+(MAX($O$5:$O$65)-MIN($N$5:$N$65)))) -> 0.066666667 | V12: =MIN(V13:V20) -> 0 | W12: =MAX(W13:W20) -> 0 | X12: =IF(W12<>"", NETWORKDAYS(V12,W12,Calendar!$L$2:$L$43), "") -> 0 | Y12: =IF($N12<=Y$3+MOD(COLUMN()-Calendar!$O$2, 5), IF(Y$3+MOD(COLUMN()-Calendar!$O$2, 5)<=$O12, 1, 0), 0) -> 0 | Z12: =IF($N12<=Y$3+MOD(COLUMN()-Calendar!$O$2, 5), IF(Y$3+MOD(COLUMN()-Calendar!$O$2, 5)<=$O12, 1, 0), 0) -> 0 | AA12: =IF($N12<=Y$3+MOD(COLUMN()-Calendar!$O$2, 5), IF(Y$3+MOD(COLUMN()-Calendar!$O$2, 5)<=$O12, 1, 0), 0) -> 0 | AB12: =IF($N12<=Y$3+MOD(COLUMN()-Calendar!$O$2, 5), IF(Y$3+MOD(COLUMN()-Calendar!$O$2, 5)<=$O12, 1, 0), 0) -> 1 | AC12: =IF($N12<=Y$3+MOD(COLUMN()-Calendar!$O$2, 5), IF(Y$3+MOD(COLUMN()-Calendar!$O$2, 5)<=$O12, 1, 0), 0) -> 1 | AD12: =IF($N12<=AD$3+MOD(COLUMN()-Calendar!$O$2, 5), IF(AD$3+MOD(COLUMN()-Calendar!$O$2, 5)<=$O12, 1, 0), 0) -> 0 | AE12: =IF($N12<=AD$3+MOD(COLUMN()-Calendar!$O$2, 5), IF(AD$3+MOD(COLUMN()-Calendar!$O$2, 5)<=$O12, 1, 0), 0) -> 0 | AF12: =IF($N12<=AD$3+MOD(COLUMN()-Calendar!$O$2, 5), IF(AD$3+MOD(COLUMN()-Calendar!$O$2, 5)<=$O12, 1, 0), 0) -> 0 | AG12: =IF($N12<=AD$3+MOD(COLUMN()-Calendar!$O$2, 5), IF(AD$3+MOD(COLUMN()-Calendar!$O$2, 5)<=$O12, 1, 0), 0) -> 0 | AH12: =IF($N12<=AD$3+MOD(COLUMN()-Calendar!$O$2, 5), IF(AD$3+MOD(COLUMN()-Calendar!$O$2, 5)<=$O12, 1, 0), 0) -> 0 | AI12: =IF($N12<=AI$3+MOD(COLUMN()-Calendar!$O$2, 5), IF(AI$3+MOD(COLUMN()-Calendar!$O$2, 5)<=$O12, 1, 0), 0) -> 0 | AJ12: =IF($N12<=AI$3+MOD(COLUMN()-Calendar!$O$2, 5), IF(AI$3+MOD(COLUMN()-Calendar!$O$2, 5)<=$O12, 1, 0), 0) -> 0 | AK12: =IF($N12<=AI$3+MOD(COLUMN()-Calendar!$O$2, 5), IF(AI$3+MOD(COLUMN()-Calendar!$O$2, 5)<=$O12, 1, 0), 0) -> 0 | AL12: =IF($N12<=AI$3+MOD(COLUMN()-Calendar!$O$2, 5), IF(AI$3+MOD(COLUMN()-Calendar!$O$2, 5)<=$O12, 1, 0), 0) -> 0 | AM12: =IF($N12<=AI$3+MOD(COLUMN()-Calendar!$O$2, 5), IF(AI$3+MOD(COLUMN()-Calendar!$O$2, 5)<=$O12, 1, 0), 0) -> 0 | AN12: =IF($N12<=AN$3+MOD(COLUMN()-Calendar!$O$2, 5), IF(AN$3+MOD(COLUMN()-Calendar!$O$2, 5)<=$O12, 1, 0), 0) -> 0 | AO12: =IF($N12<=AN$3+MOD(COLUMN()-Calendar!$O$2, 5), IF(AN$3+MOD(COLUMN()-Calendar!$O$2, 5)<=$O12, 1, 0), 0) -> 0 | AP12: =IF($N12<=AN$3+MOD(COLUMN()-Calendar!$O$2, 5), IF(AN$3+MOD(COLUMN()-Calendar!$O$2, 5)<=$O12, 1, 0), 0) -> 0 | AQ12: =IF($N12<=AN$3+MOD(COLUMN()-Calendar!$O$2, 5), IF(AN$3+MOD(COLUMN()-Calendar!$O$2, 5)<=$O12, 1, 0), 0) -> 0 | AR12: =IF($N12<=AN$3+MOD(COLUMN()-Calendar!$O$2, 5), IF(AN$3+MOD(COLUMN()-Calendar!$O$2, 5)<=$O12, 1, 0), 0) -> 0 | AS12: =IF($N12<=AS$3+MOD(COLUMN()-Calendar!$O$2, 5), IF(AS$3+MOD(COLUMN()-Calendar!$O$2, 5)<=$O12, 1, 0), 0) -> 0 | AT12: =IF($N12<=AS$3+MOD(COLUMN()-Calendar!$O$2, 5), IF(AS$3+MOD(COLUMN()-Calendar!$O$2, 5)<=$O12, 1, 0), 0) -> 0 | AU12: =IF($N12<=AS$3+MOD(COLUMN()-Calendar!$O$2, 5), IF(AS$3+MOD(COLUMN()-Calendar!$O$2, 5)<=$O12, 1, 0), 0) -> 0 | AV12: =IF($N12<=AS$3+MOD(COLUMN()-Calendar!$O$2, 5), IF(AS$3+MOD(COLUMN()-Calendar!$O$2, 5)<=$O12, 1, 0), 0) -> 0 | AW12: =IF($N12<=AS$3+MOD(COLUMN()-Calendar!$O$2, 5), IF(AS$3+MOD(COLUMN()-Calendar!$O$2, 5)<=$O12, 1, 0), 0) -> 0
B13: 2000 | C13: 2100 | D13: 요구사항 수집 | N13: =MIN(N14:N16) -> 46296 | O13: =MAX(O14:O16) -> 46297 | P13: =IF(O13<>"", NETWORKDAYS(N13,O13,Calendar!$L$2:$L$43), "") -> 2 | Q13: =IF(C13<=9999, Q12, LEFT(C13, 2)) -> 분석 | R13: =IF(T13=4, VLOOKUP(O13, '주별 진척률'!$A$11:$B$169, 2, 0), "") | S13: =IF(T13=4, IFERROR(VLOOKUP(W13, '주별 진척률'!$A$11:$B$169, 2, 0), ""), "") | T13: =IF(IFERROR(VALUE(E13), 0)>=1000, IF(IFERROR(VALUE(E13), 0)<=9999, 4, IF(RIGHT(D13,1)="0", 3, IF(RIGHT(C13,2)="00", 2, IF(RIGHT(B13,3)="000", 1, 0)))), IF(RIGHT(D13,1)="0", 3, IF(RIGHT(C13,2)="00", 2, IF(RIGHT(B13,3)="000", 1, 0)))) -> 2 | U13: =((1+(O13-N13))/(1+(MAX($O$5:$O$65)-MIN($N$5:$N$65)))) -> 0.066666667 | V13: =MIN(V14:V15) -> 0 | W13: =MAX(W14:W15) -> 0 | X13: =IF(W13<>"", NETWORKDAYS(V13,W13,Calendar!$L$2:$L$43), "") -> 0 | Y13: =IF($N13<=Y$3+MOD(COLUMN()-Calendar!$O$2, 5), IF(Y$3+MOD(COLUMN()-Calendar!$O$2, 5)<=$O13, 1, 0), 0) -> 0 | Z13: =IF($N13<=Y$3+MOD(COLUMN()-Calendar!$O$2, 5), IF(Y$3+MOD(COLUMN()-Calendar!$O$2, 5)<=$O13, 1, 0), 0) -> 0 | AA13: =IF($N13<=Y$3+MOD(COLUMN()-Calendar!$O$2, 5), IF(Y$3+MOD(COLUMN()-Calendar!$O$2, 5)<=$O13, 1, 0), 0) -> 0 | AB13: =IF($N13<=Y$3+MOD(COLUMN()-Calendar!$O$2, 5), IF(Y$3+MOD(COLUMN()-Calendar!$O$2, 5)<=$O13, 1, 0), 0) -> 1 | AC13: =IF($N13<=Y$3+MOD(COLUMN()-Calendar!$O$2, 5), IF(Y$3+MOD(COLUMN()-Calendar!$O$2, 5)<=$O13, 1, 0), 0) -> 1 | AD13: =IF($N13<=AD$3+MOD(COLUMN()-Calendar!$O$2, 5), IF(AD$3+MOD(COLUMN()-Calendar!$O$2, 5)<=$O13, 1, 0), 0) -> 0 | AE13: =IF($N13<=AD$3+MOD(COLUMN()-Calendar!$O$2, 5), IF(AD$3+MOD(COLUMN()-Calendar!$O$2, 5)<=$O13, 1, 0), 0) -> 0 | AF13: =IF($N13<=AD$3+MOD(COLUMN()-Calendar!$O$2, 5), IF(AD$3+MOD(COLUMN()-Calendar!$O$2, 5)<=$O13, 1, 0), 0) -> 0 | AG13: =IF($N13<=AD$3+MOD(COLUMN()-Calendar!$O$2, 5), IF(AD$3+MOD(COLUMN()-Calendar!$O$2, 5)<=$O13, 1, 0), 0) -> 0 | AH13: =IF($N13<=AD$3+MOD(COLUMN()-Calendar!$O$2, 5), IF(AD$3+MOD(COLUMN()-Calendar!$O$2, 5)<=$O13, 1, 0), 0) -> 0 | AI13: =IF($N13<=AI$3+MOD(COLUMN()-Calendar!$O$2, 5), IF(AI$3+MOD(COLUMN()-Calendar!$O$2, 5)<=$O13, 1, 0), 0) -> 0 | AJ13: =IF($N13<=AI$3+MOD(COLUMN()-Calendar!$O$2, 5), IF(AI$3+MOD(COLUMN()-Calendar!$O$2, 5)<=$O13, 1, 0), 0) -> 0 | AK13: =IF($N13<=AI$3+MOD(COLUMN()-Calendar!$O$2, 5), IF(AI$3+MOD(COLUMN()-Calendar!$O$2, 5)<=$O13, 1, 0), 0) -> 0 | AL13: =IF($N13<=AI$3+MOD(COLUMN()-Calendar!$O$2, 5), IF(AI$3+MOD(COLUMN()-Calendar!$O$2, 5)<=$O13, 1, 0), 0) -> 0 | AM13: =IF($N13<=AI$3+MOD(COLUMN()-Calendar!$O$2, 5), IF(AI$3+MOD(COLUMN()-Calendar!$O$2, 5)<=$O13, 1, 0), 0) -> 0 | AN13: =IF($N13<=AN$3+MOD(COLUMN()-Calendar!$O$2, 5), IF(AN$3+MOD(COLUMN()-Calendar!$O$2, 5)<=$O13, 1, 0), 0) -> 0 | AO13: =IF($N13<=AN$3+MOD(COLUMN()-Calendar!$O$2, 5), IF(AN$3+MOD(COLUMN()-Calendar!$O$2, 5)<=$O13, 1, 0), 0) -> 0 | AP13: =IF($N13<=AN$3+MOD(COLUMN()-Calendar!$O$2, 5), IF(AN$3+MOD(COLUMN()-Calendar!$O$2, 5)<=$O13, 1, 0), 0) -> 0 | AQ13: =IF($N13<=AN$3+MOD(COLUMN()-Calendar!$O$2, 5), IF(AN$3+MOD(COLUMN()-Calendar!$O$2, 5)<=$O13, 1, 0), 0) -> 0 | AR13: =IF($N13<=AN$3+MOD(COLUMN()-Calendar!$O$2, 5), IF(AN$3+MOD(COLUMN()-Calendar!$O$2, 5)<=$O13, 1, 0), 0) -> 0 | AS13: =IF($N13<=AS$3+MOD(COLUMN()-Calendar!$O$2, 5), IF(AS$3+MOD(COLUMN()-Calendar!$O$2, 5)<=$O13, 1, 0), 0) -> 0 | AT13: =IF($N13<=AS$3+MOD(COLUMN()-Calendar!$O$2, 5), IF(AS$3+MOD(COLUMN()-Calendar!$O$2, 5)<=$O13, 1, 0), 0) -> 0 | AU13: =IF($N13<=AS$3+MOD(COLUMN()-Calendar!$O$2, 5), IF(AS$3+MOD(COLUMN()-Calendar!$O$2, 5)<=$O13, 1, 0), 0) -> 0 | AV13: =IF($N13<=AS$3+MOD(COLUMN()-Calendar!$O$2, 5), IF(AS$3+MOD(COLUMN()-Calendar!$O$2, 5)<=$O13, 1, 0), 0) -> 0 | AW13: =IF($N13<=AS$3+MOD(COLUMN()-Calendar!$O$2, 5), IF(AS$3+MOD(COLUMN()-Calendar!$O$2, 5)<=$O13, 1, 0), 0) -> 0
B14: 2000 | C14: 2100 | D14: 2110 | E14: 인터뷰 계획 및 실시 | N14: =MIN(N15:N16) -> 46296 | O14: =MAX(O15:O16) -> 46297 | P14: =IF(O14<>"", NETWORKDAYS(N14,O14,Calendar!$L$2:$L$43), "") -> 2 | Q14: =IF(C14<=9999, Q13, LEFT(C14, 2)) -> 분석 | R14: =IF(T14=4, VLOOKUP(O14, '주별 진척률'!$A$11:$B$169, 2, 0), "") | S14: =IF(T14=4, IFERROR(VLOOKUP(W14, '주별 진척률'!$A$11:$B$169, 2, 0), ""), "") | T14: =IF(IFERROR(VALUE(E14), 0)>=1000, IF(IFERROR(VALUE(E14), 0)<=9999, 4, IF(RIGHT(D14,1)="0", 3, IF(RIGHT(C14,2)="00", 2, IF(RIGHT(B14,3)="000", 1, 0)))), IF(RIGHT(D14,1)="0", 3, IF(RIGHT(C14,2)="00", 2, IF(RIGHT(B14,3)="000", 1, 0)))) -> 3 | U14: =((1+(O14-N14))/(1+(MAX($O$5:$O$65)-MIN($N$5:$N$65)))) -> 0.066666667 | V14: =MIN(V15:V15) -> 0 | W14: =MAX(W15:W15) -> 0 | X14: =IF(W14<>"", NETWORKDAYS(V14,W14,Calendar!$L$2:$L$43), "") -> 0 | Y14: =IF($N14<=Y$3+MOD(COLUMN()-Calendar!$O$2, 5), IF(Y$3+MOD(COLUMN()-Calendar!$O$2, 5)<=$O14, 1, 0), 0) -> 0 | Z14: =IF($N14<=Y$3+MOD(COLUMN()-Calendar!$O$2, 5), IF(Y$3+MOD(COLUMN()-Calendar!$O$2, 5)<=$O14, 1, 0), 0) -> 0 | AA14: =IF($N14<=Y$3+MOD(COLUMN()-Calendar!$O$2, 5), IF(Y$3+MOD(COLUMN()-Calendar!$O$2, 5)<=$O14, 1, 0), 0) -> 0 | AB14: =IF($N14<=Y$3+MOD(COLUMN()-Calendar!$O$2, 5), IF(Y$3+MOD(COLUMN()-Calendar!$O$2, 5)<=$O14, 1, 0), 0) -> 1 | AC14: =IF($N14<=Y$3+MOD(COLUMN()-Calendar!$O$2, 5), IF(Y$3+MOD(COLUMN()-Calendar!$O$2, 5)<=$O14, 1, 0), 0) -> 1 | AD14: =IF($N14<=AD$3+MOD(COLUMN()-Calendar!$O$2, 5), IF(AD$3+MOD(COLUMN()-Calendar!$O$2, 5)<=$O14, 1, 0), 0) -> 0 | AE14: =IF($N14<=AD$3+MOD(COLUMN()-Calendar!$O$2, 5), IF(AD$3+MOD(COLUMN()-Calendar!$O$2, 5)<=$O14, 1, 0), 0) -> 0 | AF14: =IF($N14<=AD$3+MOD(COLUMN()-Calendar!$O$2, 5), IF(AD$3+MOD(COLUMN()-Calendar!$O$2, 5)<=$O14, 1, 0), 0) -> 0 | AG14: =IF($N14<=AD$3+MOD(COLUMN()-Calendar!$O$2, 5), IF(AD$3+MOD(COLUMN()-Calendar!$O$2, 5)<=$O14, 1, 0), 0) -> 0 | AH14: =IF($N14<=AD$3+MOD(COLUMN()-Calendar!$O$2, 5), IF(AD$3+MOD(COLUMN()-Calendar!$O$2, 5)<=$O14, 1, 0), 0) -> 0 | AI14: =IF($N14<=AI$3+MOD(COLUMN()-Calendar!$O$2, 5), IF(AI$3+MOD(COLUMN()-Calendar!$O$2, 5)<=$O14, 1, 0), 0) -> 0 | AJ14: =IF($N14<=AI$3+MOD(COLUMN()-Calendar!$O$2, 5), IF(AI$3+MOD(COLUMN()-Calendar!$O$2, 5)<=$O14, 1, 0), 0) -> 0 | AK14: =IF($N14<=AI$3+MOD(COLUMN()-Calendar!$O$2, 5), IF(AI$3+MOD(COLUMN()-Calendar!$O$2, 5)<=$O14, 1, 0), 0) -> 0 | AL14: =IF($N14<=AI$3+MOD(COLUMN()-Calendar!$O$2, 5), IF(AI$3+MOD(COLUMN()-Calendar!$O$2, 5)<=$O14, 1, 0), 0) -> 0 | AM14: =IF($N14<=AI$3+MOD(COLUMN()-Calendar!$O$2, 5), IF(AI$3+MOD(COLUMN()-Calendar!$O$2, 5)<=$O14, 1, 0), 0) -> 0 | AN14: =IF($N14<=AN$3+MOD(COLUMN()-Calendar!$O$2, 5), IF(AN$3+MOD(COLUMN()-Calendar!$O$2, 5)<=$O14, 1, 0), 0) -> 0 | AO14: =IF($N14<=AN$3+MOD(COLUMN()-Calendar!$O$2, 5), IF(AN$3+MOD(COLUMN()-Calendar!$O$2, 5)<=$O14, 1, 0), 0) -> 0 | AP14: =IF($N14<=AN$3+MOD(COLUMN()-Calendar!$O$2, 5), IF(AN$3+MOD(COLUMN()-Calendar!$O$2, 5)<=$O14, 1, 0), 0) -> 0 | AQ14: =IF($N14<=AN$3+MOD(COLUMN()-Calendar!$O$2, 5), IF(AN$3+MOD(COLUMN()-Calendar!$O$2, 5)<=$O14, 1, 0), 0) -> 0 | AR14: =IF($N14<=AN$3+MOD(COLUMN()-Calendar!$O$2, 5), IF(AN$3+MOD(COLUMN()-Calendar!$O$2, 5)<=$O14, 1, 0), 0) -> 0 | AS14: =IF($N14<=AS$3+MOD(COLUMN()-Calendar!$O$2, 5), IF(AS$3+MOD(COLUMN()-Calendar!$O$2, 5)<=$O14, 1, 0), 0) -> 0 | AT14: =IF($N14<=AS$3+MOD(COLUMN()-Calendar!$O$2, 5), IF(AS$3+MOD(COLUMN()-Calendar!$O$2, 5)<=$O14, 1, 0), 0) -> 0 | AU14: =IF($N14<=AS$3+MOD(COLUMN()-Calendar!$O$2, 5), IF(AS$3+MOD(COLUMN()-Calendar!$O$2, 5)<=$O14, 1, 0), 0) -> 0 | AV14: =IF($N14<=AS$3+MOD(COLUMN()-Calendar!$O$2, 5), IF(AS$3+MOD(COLUMN()-Calendar!$O$2, 5)<=$O14, 1, 0), 0) -> 0 | AW14: =IF($N14<=AS$3+MOD(COLUMN()-Calendar!$O$2, 5), IF(AS$3+MOD(COLUMN()-Calendar!$O$2, 5)<=$O14, 1, 0), 0) -> 0
B15: 2000 | C15: 2100 | D15: 2110 | E15: 2111 | F15: 고객사 TF (Key User) 담당별 인터뷰 실시(업무 프로세스 분석) | N15: 46296 | O15: 46297 | P15: =IF(O15<>"", NETWORKDAYS(N15,O15,Calendar!$L$2:$L$43), "") -> 2 | Q15: =IF(C15<=9999, Q14, LEFT(C15, 2)) -> 분석 | R15: =IF(T15=4, VLOOKUP(O15, '주별 진척률'!$A$11:$B$169, 2, 0), "") -> W01 | S15: =IF(T15=4, IFERROR(VLOOKUP(W15, '주별 진척률'!$A$11:$B$169, 2, 0), ""), "") | T15: =IF(IFERROR(VALUE(E15), 0)>=1000, IF(IFERROR(VALUE(E15), 0)<=9999, 4, IF(RIGHT(D15,1)="0", 3, IF(RIGHT(C15,2)="00", 2, IF(RIGHT(B15,3)="000", 1, 0)))), IF(RIGHT(D15,1)="0", 3, IF(RIGHT(C15,2)="00", 2, IF(RIGHT(B15,3)="000", 1, 0)))) -> 4 | U15: =((1+(O15-N15))/(1+(MAX($O$5:$O$65)-MIN($N$5:$N$65)))) -> 0.066666667 | X15: =IF(W15<>"", NETWORKDAYS(V15,W15,Calendar!$L$2:$L$43), "") | Y15: =IF($N15<=Y$3+MOD(COLUMN()-Calendar!$O$2, 5), IF(Y$3+MOD(COLUMN()-Calendar!$O$2, 5)<=$O15, 1, 0), 0) -> 0 | Z15: =IF($N15<=Y$3+MOD(COLUMN()-Calendar!$O$2, 5), IF(Y$3+MOD(COLUMN()-Calendar!$O$2, 5)<=$O15, 1, 0), 0) -> 0 | AA15: =IF($N15<=Y$3+MOD(COLUMN()-Calendar!$O$2, 5), IF(Y$3+MOD(COLUMN()-Calendar!$O$2, 5)<=$O15, 1, 0), 0) -> 0 | AB15: =IF($N15<=Y$3+MOD(COLUMN()-Calendar!$O$2, 5), IF(Y$3+MOD(COLUMN()-Calendar!$O$2, 5)<=$O15, 1, 0), 0) -> 1 | AC15: =IF($N15<=Y$3+MOD(COLUMN()-Calendar!$O$2, 5), IF(Y$3+MOD(COLUMN()-Calendar!$O$2, 5)<=$O15, 1, 0), 0) -> 1 | AD15: =IF($N15<=AD$3+MOD(COLUMN()-Calendar!$O$2, 5), IF(AD$3+MOD(COLUMN()-Calendar!$O$2, 5)<=$O15, 1, 0), 0) -> 0 | AE15: =IF($N15<=AD$3+MOD(COLUMN()-Calendar!$O$2, 5), IF(AD$3+MOD(COLUMN()-Calendar!$O$2, 5)<=$O15, 1, 0), 0) -> 0 | AF15: =IF($N15<=AD$3+MOD(COLUMN()-Calendar!$O$2, 5), IF(AD$3+MOD(COLUMN()-Calendar!$O$2, 5)<=$O15, 1, 0), 0) -> 0 | AG15: =IF($N15<=AD$3+MOD(COLUMN()-Calendar!$O$2, 5), IF(AD$3+MOD(COLUMN()-Calendar!$O$2, 5)<=$O15, 1, 0), 0) -> 0 | AH15: =IF($N15<=AD$3+MOD(COLUMN()-Calendar!$O$2, 5), IF(AD$3+MOD(COLUMN()-Calendar!$O$2, 5)<=$O15, 1, 0), 0) -> 0 | AI15: =IF($N15<=AI$3+MOD(COLUMN()-Calendar!$O$2, 5), IF(AI$3+MOD(COLUMN()-Calendar!$O$2, 5)<=$O15, 1, 0), 0) -> 0 | AJ15: =IF($N15<=AI$3+MOD(COLUMN()-Calendar!$O$2, 5), IF(AI$3+MOD(COLUMN()-Calendar!$O$2, 5)<=$O15, 1, 0), 0) -> 0 | AK15: =IF($N15<=AI$3+MOD(COLUMN()-Calendar!$O$2, 5), IF(AI$3+MOD(COLUMN()-Calendar!$O$2, 5)<=$O15, 1, 0), 0) -> 0 | AL15: =IF($N15<=AI$3+MOD(COLUMN()-Calendar!$O$2, 5), IF(AI$3+MOD(COLUMN()-Calendar!$O$2, 5)<=$O15, 1, 0), 0) -> 0 | AM15: =IF($N15<=AI$3+MOD(COLUMN()-Calendar!$O$2, 5), IF(AI$3+MOD(COLUMN()-Calendar!$O$2, 5)<=$O15, 1, 0), 0) -> 0 | AN15: =IF($N15<=AN$3+MOD(COLUMN()-Calendar!$O$2, 5), IF(AN$3+MOD(COLUMN()-Calendar!$O$2, 5)<=$O15, 1, 0), 0) -> 0 | AO15: =IF($N15<=AN$3+MOD(COLUMN()-Calendar!$O$2, 5), IF(AN$3+MOD(COLUMN()-Calendar!$O$2, 5)<=$O15, 1, 0), 0) -> 0 | AP15: =IF($N15<=AN$3+MOD(COLUMN()-Calendar!$O$2, 5), IF(AN$3+MOD(COLUMN()-Calendar!$O$2, 5)<=$O15, 1, 0), 0) -> 0 | AQ15: =IF($N15<=AN$3+MOD(COLUMN()-Calendar!$O$2, 5), IF(AN$3+MOD(COLUMN()-Calendar!$O$2, 5)<=$O15, 1, 0), 0) -> 0 | AR15: =IF($N15<=AN$3+MOD(COLUMN()-Calendar!$O$2, 5), IF(AN$3+MOD(COLUMN()-Calendar!$O$2, 5)<=$O15, 1, 0), 0) -> 0 | AS15: =IF($N15<=AS$3+MOD(COLUMN()-Calendar!$O$2, 5), IF(AS$3+MOD(COLUMN()-Calendar!$O$2, 5)<=$O15, 1, 0), 0) -> 0 | AT15: =IF($N15<=AS$3+MOD(COLUMN()-Calendar!$O$2, 5), IF(AS$3+MOD(COLUMN()-Calendar!$O$2, 5)<=$O15, 1, 0), 0) -> 0 | AU15: =IF($N15<=AS$3+MOD(COLUMN()-Calendar!$O$2, 5), IF(AS$3+MOD(COLUMN()-Calendar!$O$2, 5)<=$O15, 1, 0), 0) -> 0 | AV15: =IF($N15<=AS$3+MOD(COLUMN()-Calendar!$O$2, 5), IF(AS$3+MOD(COLUMN()-Calendar!$O$2, 5)<=$O15, 1, 0), 0) -> 0 | AW15: =IF($N15<=AS$3+MOD(COLUMN()-Calendar!$O$2, 5), IF(AS$3+MOD(COLUMN()-Calendar!$O$2, 5)<=$O15, 1, 0), 0) -> 0
B16: 2000 | C16: 2100 | D16: 2110 | E16: 2113 | F16: 요구사항 확정 | N16: 46296 | O16: 46297 | P16: =IF(O16<>"", NETWORKDAYS(N16,O16,Calendar!$L$2:$L$43), "") -> 2 | Q16: =IF(C16<=9999,Q15, LEFT( C16, 2)) -> 분석 | R16: =IF(T16=4, VLOOKUP(O16, '주별 진척률'!$A$11:$B$169, 2, 0), "") -> W01 | S16: =IF(T16=4, IFERROR(VLOOKUP(W16, '주별 진척률'!$A$11:$B$169, 2, 0), ""), "") | T16: =IF(IFERROR(VALUE(E16), 0)>=1000, IF(IFERROR(VALUE(E16), 0)<=9999, 4, IF(RIGHT(D16,1)="0", 3, IF(RIGHT(C16,2)="00", 2, IF(RIGHT(B16,3)="000", 1, 0)))), IF(RIGHT(D16,1)="0", 3, IF(RIGHT(C16,2)="00", 2, IF(RIGHT(B16,3)="000", 1, 0)))) -> 4 | U16: =((1+(O16-N16))/(1+(MAX($O$5:$O$65)-MIN($N$5:$N$65)))) -> 0.066666667 | X16: =IF(W16<>"", NETWORKDAYS(V16,W16,Calendar!$L$2:$L$43), "") | Y16: =IF($N16<=Y$3+MOD(COLUMN()-Calendar!$O$2, 5), IF(Y$3+MOD(COLUMN()-Calendar!$O$2, 5)<=$O16, 1, 0), 0) -> 0 | Z16: =IF($N16<=Y$3+MOD(COLUMN()-Calendar!$O$2, 5), IF(Y$3+MOD(COLUMN()-Calendar!$O$2, 5)<=$O16, 1, 0), 0) -> 0 | AA16: =IF($N16<=Y$3+MOD(COLUMN()-Calendar!$O$2, 5), IF(Y$3+MOD(COLUMN()-Calendar!$O$2, 5)<=$O16, 1, 0), 0) -> 0 | AB16: =IF($N16<=Y$3+MOD(COLUMN()-Calendar!$O$2, 5), IF(Y$3+MOD(COLUMN()-Calendar!$O$2, 5)<=$O16, 1, 0), 0) -> 1 | AC16: =IF($N16<=Y$3+MOD(COLUMN()-Calendar!$O$2, 5), IF(Y$3+MOD(COLUMN()-Calendar!$O$2, 5)<=$O16, 1, 0), 0) -> 1 | AD16: =IF($N16<=AD$3+MOD(COLUMN()-Calendar!$O$2, 5), IF(AD$3+MOD(COLUMN()-Calendar!$O$2, 5)<=$O16, 1, 0), 0) -> 0 | AE16: =IF($N16<=AD$3+MOD(COLUMN()-Calendar!$O$2, 5), IF(AD$3+MOD(COLUMN()-Calendar!$O$2, 5)<=$O16, 1, 0), 0) -> 0 | AF16: =IF($N16<=AD$3+MOD(COLUMN()-Calendar!$O$2, 5), IF(AD$3+MOD(COLUMN()-Calendar!$O$2, 5)<=$O16, 1, 0), 0) -> 0 | AG16: =IF($N16<=AD$3+MOD(COLUMN()-Calendar!$O$2, 5), IF(AD$3+MOD(COLUMN()-Calendar!$O$2, 5)<=$O16, 1, 0), 0) -> 0 | AH16: =IF($N16<=AD$3+MOD(COLUMN()-Calendar!$O$2, 5), IF(AD$3+MOD(COLUMN()-Calendar!$O$2, 5)<=$O16, 1, 0), 0) -> 0 | AI16: =IF($N16<=AI$3+MOD(COLUMN()-Calendar!$O$2, 5), IF(AI$3+MOD(COLUMN()-Calendar!$O$2, 5)<=$O16, 1, 0), 0) -> 0 | AJ16: =IF($N16<=AI$3+MOD(COLUMN()-Calendar!$O$2, 5), IF(AI$3+MOD(COLUMN()-Calendar!$O$2, 5)<=$O16, 1, 0), 0) -> 0 | AK16: =IF($N16<=AI$3+MOD(COLUMN()-Calendar!$O$2, 5), IF(AI$3+MOD(COLUMN()-Calendar!$O$2, 5)<=$O16, 1, 0), 0) -> 0 | AL16: =IF($N16<=AI$3+MOD(COLUMN()-Calendar!$O$2, 5), IF(AI$3+MOD(COLUMN()-Calendar!$O$2, 5)<=$O16, 1, 0), 0) -> 0 | AM16: =IF($N16<=AI$3+MOD(COLUMN()-Calendar!$O$2, 5), IF(AI$3+MOD(COLUMN()-Calendar!$O$2, 5)<=$O16, 1, 0), 0) -> 0 | AN16: =IF($N16<=AN$3+MOD(COLUMN()-Calendar!$O$2, 5), IF(AN$3+MOD(COLUMN()-Calendar!$O$2, 5)<=$O16, 1, 0), 0) -> 0 | AO16: =IF($N16<=AN$3+MOD(COLUMN()-Calendar!$O$2, 5), IF(AN$3+MOD(COLUMN()-Calendar!$O$2, 5)<=$O16, 1, 0), 0) -> 0 | AP16: =IF($N16<=AN$3+MOD(COLUMN()-Calendar!$O$2, 5), IF(AN$3+MOD(COLUMN()-Calendar!$O$2, 5)<=$O16, 1, 0), 0) -> 0 | AQ16: =IF($N16<=AN$3+MOD(COLUMN()-Calendar!$O$2, 5), IF(AN$3+MOD(COLUMN()-Calendar!$O$2, 5)<=$O16, 1, 0), 0) -> 0 | AR16: =IF($N16<=AN$3+MOD(COLUMN()-Calendar!$O$2, 5), IF(AN$3+MOD(COLUMN()-Calendar!$O$2, 5)<=$O16, 1, 0), 0) -> 0 | AS16: =IF($N16<=AS$3+MOD(COLUMN()-Calendar!$O$2, 5), IF(AS$3+MOD(COLUMN()-Calendar!$O$2, 5)<=$O16, 1, 0), 0) -> 0 | AT16: =IF($N16<=AS$3+MOD(COLUMN()-Calendar!$O$2, 5), IF(AS$3+MOD(COLUMN()-Calendar!$O$2, 5)<=$O16, 1, 0), 0) -> 0 | AU16: =IF($N16<=AS$3+MOD(COLUMN()-Calendar!$O$2, 5), IF(AS$3+MOD(COLUMN()-Calendar!$O$2, 5)<=$O16, 1, 0), 0) -> 0 | AV16: =IF($N16<=AS$3+MOD(COLUMN()-Calendar!$O$2, 5), IF(AS$3+MOD(COLUMN()-Calendar!$O$2, 5)<=$O16, 1, 0), 0) -> 0 | AW16: =IF($N16<=AS$3+MOD(COLUMN()-Calendar!$O$2, 5), IF(AS$3+MOD(COLUMN()-Calendar!$O$2, 5)<=$O16, 1, 0), 0) -> 0
B17: 2000 | C17: 2300 | D17: 개발 항목 확정 | N17: =MIN(N18:N20) -> 46296 | O17: =MAX(O18:O20) -> 46297 | P17: =IF(O17<>"", NETWORKDAYS(N17,O17,Calendar!$L$2:$L$43), "") -> 2 | Q17: =IF(C17<=9999,Q16, LEFT( C17, 2)) -> 분석 | R17: =IF(T17=4, VLOOKUP(O17, '주별 진척률'!$A$11:$B$169, 2, 0), "") | S17: =IF(T17=4, IFERROR(VLOOKUP(W17, '주별 진척률'!$A$11:$B$169, 2, 0), ""), "") | T17: =IF(IFERROR(VALUE(E17), 0)>=1000, IF(IFERROR(VALUE(E17), 0)<=9999, 4, IF(RIGHT(D17,1)="0", 3, IF(RIGHT(C17,2)="00", 2, IF(RIGHT(B17,3)="000", 1, 0)))), IF(RIGHT(D17,1)="0", 3, IF(RIGHT(C17,2)="00", 2, IF(RIGHT(B17,3)="000", 1, 0)))) -> 2 | U17: =((1+(O17-N17))/(1+(MAX($O$5:$O$65)-MIN($N$5:$N$65)))) -> 0.066666667 | V17: =MIN(V18:V20) -> 0 | W17: =MAX(W18:W20) -> 0 | X17: =IF(W17<>"", NETWORKDAYS(V17,W17,Calendar!$L$2:$L$43), "") -> 0 | Y17: =IF($N17<=Y$3+MOD(COLUMN()-Calendar!$O$2, 5), IF(Y$3+MOD(COLUMN()-Calendar!$O$2, 5)<=$O17, 1, 0), 0) -> 0 | Z17: =IF($N17<=Y$3+MOD(COLUMN()-Calendar!$O$2, 5), IF(Y$3+MOD(COLUMN()-Calendar!$O$2, 5)<=$O17, 1, 0), 0) -> 0 | AA17: =IF($N17<=Y$3+MOD(COLUMN()-Calendar!$O$2, 5), IF(Y$3+MOD(COLUMN()-Calendar!$O$2, 5)<=$O17, 1, 0), 0) -> 0 | AB17: =IF($N17<=Y$3+MOD(COLUMN()-Calendar!$O$2, 5), IF(Y$3+MOD(COLUMN()-Calendar!$O$2, 5)<=$O17, 1, 0), 0) -> 1 | AC17: =IF($N17<=Y$3+MOD(COLUMN()-Calendar!$O$2, 5), IF(Y$3+MOD(COLUMN()-Calendar!$O$2, 5)<=$O17, 1, 0), 0) -> 1 | AD17: =IF($N17<=AD$3+MOD(COLUMN()-Calendar!$O$2, 5), IF(AD$3+MOD(COLUMN()-Calendar!$O$2, 5)<=$O17, 1, 0), 0) -> 0 | AE17: =IF($N17<=AD$3+MOD(COLUMN()-Calendar!$O$2, 5), IF(AD$3+MOD(COLUMN()-Calendar!$O$2, 5)<=$O17, 1, 0), 0) -> 0 | AF17: =IF($N17<=AD$3+MOD(COLUMN()-Calendar!$O$2, 5), IF(AD$3+MOD(COLUMN()-Calendar!$O$2, 5)<=$O17, 1, 0), 0) -> 0 | AG17: =IF($N17<=AD$3+MOD(COLUMN()-Calendar!$O$2, 5), IF(AD$3+MOD(COLUMN()-Calendar!$O$2, 5)<=$O17, 1, 0), 0) -> 0 | AH17: =IF($N17<=AD$3+MOD(COLUMN()-Calendar!$O$2, 5), IF(AD$3+MOD(COLUMN()-Calendar!$O$2, 5)<=$O17, 1, 0), 0) -> 0 | AI17: =IF($N17<=AI$3+MOD(COLUMN()-Calendar!$O$2, 5), IF(AI$3+MOD(COLUMN()-Calendar!$O$2, 5)<=$O17, 1, 0), 0) -> 0 | AJ17: =IF($N17<=AI$3+MOD(COLUMN()-Calendar!$O$2, 5), IF(AI$3+MOD(COLUMN()-Calendar!$O$2, 5)<=$O17, 1, 0), 0) -> 0 | AK17: =IF($N17<=AI$3+MOD(COLUMN()-Calendar!$O$2, 5), IF(AI$3+MOD(COLUMN()-Calendar!$O$2, 5)<=$O17, 1, 0), 0) -> 0 | AL17: =IF($N17<=AI$3+MOD(COLUMN()-Calendar!$O$2, 5), IF(AI$3+MOD(COLUMN()-Calendar!$O$2, 5)<=$O17, 1, 0), 0) -> 0 | AM17: =IF($N17<=AI$3+MOD(COLUMN()-Calendar!$O$2, 5), IF(AI$3+MOD(COLUMN()-Calendar!$O$2, 5)<=$O17, 1, 0), 0) -> 0 | AN17: =IF($N17<=AN$3+MOD(COLUMN()-Calendar!$O$2, 5), IF(AN$3+MOD(COLUMN()-Calendar!$O$2, 5)<=$O17, 1, 0), 0) -> 0 | AO17: =IF($N17<=AN$3+MOD(COLUMN()-Calendar!$O$2, 5), IF(AN$3+MOD(COLUMN()-Calendar!$O$2, 5)<=$O17, 1, 0), 0) -> 0 | AP17: =IF($N17<=AN$3+MOD(COLUMN()-Calendar!$O$2, 5), IF(AN$3+MOD(COLUMN()-Calendar!$O$2, 5)<=$O17, 1, 0), 0) -> 0 | AQ17: =IF($N17<=AN$3+MOD(COLUMN()-Calendar!$O$2, 5), IF(AN$3+MOD(COLUMN()-Calendar!$O$2, 5)<=$O17, 1, 0), 0) -> 0 | AR17: =IF($N17<=AN$3+MOD(COLUMN()-Calendar!$O$2, 5), IF(AN$3+MOD(COLUMN()-Calendar!$O$2, 5)<=$O17, 1, 0), 0) -> 0 | AS17: =IF($N17<=AS$3+MOD(COLUMN()-Calendar!$O$2, 5), IF(AS$3+MOD(COLUMN()-Calendar!$O$2, 5)<=$O17, 1, 0), 0) -> 0 | AT17: =IF($N17<=AS$3+MOD(COLUMN()-Calendar!$O$2, 5), IF(AS$3+MOD(COLUMN()-Calendar!$O$2, 5)<=$O17, 1, 0), 0) -> 0 | AU17: =IF($N17<=AS$3+MOD(COLUMN()-Calendar!$O$2, 5), IF(AS$3+MOD(COLUMN()-Calendar!$O$2, 5)<=$O17, 1, 0), 0) -> 0 | AV17: =IF($N17<=AS$3+MOD(COLUMN()-Calendar!$O$2, 5), IF(AS$3+MOD(COLUMN()-Calendar!$O$2, 5)<=$O17, 1, 0), 0) -> 0 | AW17: =IF($N17<=AS$3+MOD(COLUMN()-Calendar!$O$2, 5), IF(AS$3+MOD(COLUMN()-Calendar!$O$2, 5)<=$O17, 1, 0), 0) -> 0
B18: 2000 | C18: 2300 | D18: 2310 | E18: 개발 목록 정의 및 확정 | N18: =MIN(N19:N20) -> 46296 | O18: =MAX(O19:O20) -> 46297 | P18: =IF(O18<>"", NETWORKDAYS(N18,O18,Calendar!$L$2:$L$43), "") -> 2 | Q18: =IF(C18<=9999,Q17, LEFT( C18, 2)) -> 분석 | R18: =IF(T18=4, VLOOKUP(O18, '주별 진척률'!$A$11:$B$169, 2, 0), "") | S18: =IF(T18=4, IFERROR(VLOOKUP(W18, '주별 진척률'!$A$11:$B$169, 2, 0), ""), "") | T18: =IF(IFERROR(VALUE(E18), 0)>=1000, IF(IFERROR(VALUE(E18), 0)<=9999, 4, IF(RIGHT(D18,1)="0", 3, IF(RIGHT(C18,2)="00", 2, IF(RIGHT(B18,3)="000", 1, 0)))), IF(RIGHT(D18,1)="0", 3, IF(RIGHT(C18,2)="00", 2, IF(RIGHT(B18,3)="000", 1, 0)))) -> 3 | U18: =((1+(O18-N18))/(1+(MAX($O$5:$O$65)-MIN($N$5:$N$65)))) -> 0.066666667 | V18: =MIN(V20:V20) -> 0 | W18: =MAX(W20:W20) -> 0 | X18: =IF(W18<>"", NETWORKDAYS(V18,W18,Calendar!$L$2:$L$43), "") -> 0 | Y18: =IF($N18<=Y$3+MOD(COLUMN()-Calendar!$O$2, 5), IF(Y$3+MOD(COLUMN()-Calendar!$O$2, 5)<=$O18, 1, 0), 0) -> 0 | Z18: =IF($N18<=Y$3+MOD(COLUMN()-Calendar!$O$2, 5), IF(Y$3+MOD(COLUMN()-Calendar!$O$2, 5)<=$O18, 1, 0), 0) -> 0 | AA18: =IF($N18<=Y$3+MOD(COLUMN()-Calendar!$O$2, 5), IF(Y$3+MOD(COLUMN()-Calendar!$O$2, 5)<=$O18, 1, 0), 0) -> 0 | AB18: =IF($N18<=Y$3+MOD(COLUMN()-Calendar!$O$2, 5), IF(Y$3+MOD(COLUMN()-Calendar!$O$2, 5)<=$O18, 1, 0), 0) -> 1 | AC18: =IF($N18<=Y$3+MOD(COLUMN()-Calendar!$O$2, 5), IF(Y$3+MOD(COLUMN()-Calendar!$O$2, 5)<=$O18, 1, 0), 0) -> 1 | AD18: =IF($N18<=AD$3+MOD(COLUMN()-Calendar!$O$2, 5), IF(AD$3+MOD(COLUMN()-Calendar!$O$2, 5)<=$O18, 1, 0), 0) -> 0 | AE18: =IF($N18<=AD$3+MOD(COLUMN()-Calendar!$O$2, 5), IF(AD$3+MOD(COLUMN()-Calendar!$O$2, 5)<=$O18, 1, 0), 0) -> 0 | AF18: =IF($N18<=AD$3+MOD(COLUMN()-Calendar!$O$2, 5), IF(AD$3+MOD(COLUMN()-Calendar!$O$2, 5)<=$O18, 1, 0), 0) -> 0 | AG18: =IF($N18<=AD$3+MOD(COLUMN()-Calendar!$O$2, 5), IF(AD$3+MOD(COLUMN()-Calendar!$O$2, 5)<=$O18, 1, 0), 0) -> 0 | AH18: =IF($N18<=AD$3+MOD(COLUMN()-Calendar!$O$2, 5), IF(AD$3+MOD(COLUMN()-Calendar!$O$2, 5)<=$O18, 1, 0), 0) -> 0 | AI18: =IF($N18<=AI$3+MOD(COLUMN()-Calendar!$O$2, 5), IF(AI$3+MOD(COLUMN()-Calendar!$O$2, 5)<=$O18, 1, 0), 0) -> 0 | AJ18: =IF($N18<=AI$3+MOD(COLUMN()-Calendar!$O$2, 5), IF(AI$3+MOD(COLUMN()-Calendar!$O$2, 5)<=$O18, 1, 0), 0) -> 0 | AK18: =IF($N18<=AI$3+MOD(COLUMN()-Calendar!$O$2, 5), IF(AI$3+MOD(COLUMN()-Calendar!$O$2, 5)<=$O18, 1, 0), 0) -> 0 | AL18: =IF($N18<=AI$3+MOD(COLUMN()-Calendar!$O$2, 5), IF(AI$3+MOD(COLUMN()-Calendar!$O$2, 5)<=$O18, 1, 0), 0) -> 0 | AM18: =IF($N18<=AI$3+MOD(COLUMN()-Calendar!$O$2, 5), IF(AI$3+MOD(COLUMN()-Calendar!$O$2, 5)<=$O18, 1, 0), 0) -> 0 | AN18: =IF($N18<=AN$3+MOD(COLUMN()-Calendar!$O$2, 5), IF(AN$3+MOD(COLUMN()-Calendar!$O$2, 5)<=$O18, 1, 0), 0) -> 0 | AO18: =IF($N18<=AN$3+MOD(COLUMN()-Calendar!$O$2, 5), IF(AN$3+MOD(COLUMN()-Calendar!$O$2, 5)<=$O18, 1, 0), 0) -> 0 | AP18: =IF($N18<=AN$3+MOD(COLUMN()-Calendar!$O$2, 5), IF(AN$3+MOD(COLUMN()-Calendar!$O$2, 5)<=$O18, 1, 0), 0) -> 0 | AQ18: =IF($N18<=AN$3+MOD(COLUMN()-Calendar!$O$2, 5), IF(AN$3+MOD(COLUMN()-Calendar!$O$2, 5)<=$O18, 1, 0), 0) -> 0 | AR18: =IF($N18<=AN$3+MOD(COLUMN()-Calendar!$O$2, 5), IF(AN$3+MOD(COLUMN()-Calendar!$O$2, 5)<=$O18, 1, 0), 0) -> 0 | AS18: =IF($N18<=AS$3+MOD(COLUMN()-Calendar!$O$2, 5), IF(AS$3+MOD(COLUMN()-Calendar!$O$2, 5)<=$O18, 1, 0), 0) -> 0 | AT18: =IF($N18<=AS$3+MOD(COLUMN()-Calendar!$O$2, 5), IF(AS$3+MOD(COLUMN()-Calendar!$O$2, 5)<=$O18, 1, 0), 0) -> 0 | AU18: =IF($N18<=AS$3+MOD(COLUMN()-Calendar!$O$2, 5), IF(AS$3+MOD(COLUMN()-Calendar!$O$2, 5)<=$O18, 1, 0), 0) -> 0 | AV18: =IF($N18<=AS$3+MOD(COLUMN()-Calendar!$O$2, 5), IF(AS$3+MOD(COLUMN()-Calendar!$O$2, 5)<=$O18, 1, 0), 0) -> 0 | AW18: =IF($N18<=AS$3+MOD(COLUMN()-Calendar!$O$2, 5), IF(AS$3+MOD(COLUMN()-Calendar!$O$2, 5)<=$O18, 1, 0), 0) -> 0
B19: 2000 | C19: 2300 | D19: 2310 | E19: 2311 | F19: 제공자료 및 Sample Data 확인 | N19: 46296 | O19: 46297 | P19: =IF(O19<>"", NETWORKDAYS(N19,O19,Calendar!$L$2:$L$43), "") -> 2 | Q19: =IF(C19<=9999, Q18, LEFT(C19, 2)) -> 분석 | R19: =IF(T19=4, VLOOKUP(O19, '주별 진척률'!$A$11:$B$169, 2, 0), "") -> W01 | S19: =IF(T19=4, IFERROR(VLOOKUP(W19, '주별 진척률'!$A$11:$B$169, 2, 0), ""), "") | T19: =IF(IFERROR(VALUE(E19), 0)>=1000, IF(IFERROR(VALUE(E19), 0)<=9999, 4, IF(RIGHT(D19,1)="0", 3, IF(RIGHT(C19,2)="00", 2, IF(RIGHT(B19,3)="000", 1, 0)))), IF(RIGHT(D19,1)="0", 3, IF(RIGHT(C19,2)="00", 2, IF(RIGHT(B19,3)="000", 1, 0)))) -> 4 | U19: =((1+(O19-N19))/(1+(MAX($O$5:$O$65)-MIN($N$5:$N$65)))) -> 0.066666667 | X19: =IF(W19<>"", NETWORKDAYS(V19,W19,Calendar!$L$2:$L$43), "") | Y19: =IF($N19<=Y$3+MOD(COLUMN()-Calendar!$O$2, 5), IF(Y$3+MOD(COLUMN()-Calendar!$O$2, 5)<=$O19, 1, 0), 0) -> 0 | Z19: =IF($N19<=Y$3+MOD(COLUMN()-Calendar!$O$2, 5), IF(Y$3+MOD(COLUMN()-Calendar!$O$2, 5)<=$O19, 1, 0), 0) -> 0 | AA19: =IF($N19<=Y$3+MOD(COLUMN()-Calendar!$O$2, 5), IF(Y$3+MOD(COLUMN()-Calendar!$O$2, 5)<=$O19, 1, 0), 0) -> 0 | AB19: =IF($N19<=Y$3+MOD(COLUMN()-Calendar!$O$2, 5), IF(Y$3+MOD(COLUMN()-Calendar!$O$2, 5)<=$O19, 1, 0), 0) -> 1 | AC19: =IF($N19<=Y$3+MOD(COLUMN()-Calendar!$O$2, 5), IF(Y$3+MOD(COLUMN()-Calendar!$O$2, 5)<=$O19, 1, 0), 0) -> 1 | AD19: =IF($N19<=AD$3+MOD(COLUMN()-Calendar!$O$2, 5), IF(AD$3+MOD(COLUMN()-Calendar!$O$2, 5)<=$O19, 1, 0), 0) -> 0 | AE19: =IF($N19<=AD$3+MOD(COLUMN()-Calendar!$O$2, 5), IF(AD$3+MOD(COLUMN()-Calendar!$O$2, 5)<=$O19, 1, 0), 0) -> 0 | AF19: =IF($N19<=AD$3+MOD(COLUMN()-Calendar!$O$2, 5), IF(AD$3+MOD(COLUMN()-Calendar!$O$2, 5)<=$O19, 1, 0), 0) -> 0 | AG19: =IF($N19<=AD$3+MOD(COLUMN()-Calendar!$O$2, 5), IF(AD$3+MOD(COLUMN()-Calendar!$O$2, 5)<=$O19, 1, 0), 0) -> 0 | AH19: =IF($N19<=AD$3+MOD(COLUMN()-Calendar!$O$2, 5), IF(AD$3+MOD(COLUMN()-Calendar!$O$2, 5)<=$O19, 1, 0), 0) -> 0 | AI19: =IF($N19<=AI$3+MOD(COLUMN()-Calendar!$O$2, 5), IF(AI$3+MOD(COLUMN()-Calendar!$O$2, 5)<=$O19, 1, 0), 0) -> 0 | AJ19: =IF($N19<=AI$3+MOD(COLUMN()-Calendar!$O$2, 5), IF(AI$3+MOD(COLUMN()-Calendar!$O$2, 5)<=$O19, 1, 0), 0) -> 0 | AK19: =IF($N19<=AI$3+MOD(COLUMN()-Calendar!$O$2, 5), IF(AI$3+MOD(COLUMN()-Calendar!$O$2, 5)<=$O19, 1, 0), 0) -> 0 | AL19: =IF($N19<=AI$3+MOD(COLUMN()-Calendar!$O$2, 5), IF(AI$3+MOD(COLUMN()-Calendar!$O$2, 5)<=$O19, 1, 0), 0) -> 0 | AM19: =IF($N19<=AI$3+MOD(COLUMN()-Calendar!$O$2, 5), IF(AI$3+MOD(COLUMN()-Calendar!$O$2, 5)<=$O19, 1, 0), 0) -> 0 | AN19: =IF($N19<=AN$3+MOD(COLUMN()-Calendar!$O$2, 5), IF(AN$3+MOD(COLUMN()-Calendar!$O$2, 5)<=$O19, 1, 0), 0) -> 0 | AO19: =IF($N19<=AN$3+MOD(COLUMN()-Calendar!$O$2, 5), IF(AN$3+MOD(COLUMN()-Calendar!$O$2, 5)<=$O19, 1, 0), 0) -> 0 | AP19: =IF($N19<=AN$3+MOD(COLUMN()-Calendar!$O$2, 5), IF(AN$3+MOD(COLUMN()-Calendar!$O$2, 5)<=$O19, 1, 0), 0) -> 0 | AQ19: =IF($N19<=AN$3+MOD(COLUMN()-Calendar!$O$2, 5), IF(AN$3+MOD(COLUMN()-Calendar!$O$2, 5)<=$O19, 1, 0), 0) -> 0 | AR19: =IF($N19<=AN$3+MOD(COLUMN()-Calendar!$O$2, 5), IF(AN$3+MOD(COLUMN()-Calendar!$O$2, 5)<=$O19, 1, 0), 0) -> 0 | AS19: =IF($N19<=AS$3+MOD(COLUMN()-Calendar!$O$2, 5), IF(AS$3+MOD(COLUMN()-Calendar!$O$2, 5)<=$O19, 1, 0), 0) -> 0 | AT19: =IF($N19<=AS$3+MOD(COLUMN()-Calendar!$O$2, 5), IF(AS$3+MOD(COLUMN()-Calendar!$O$2, 5)<=$O19, 1, 0), 0) -> 0 | AU19: =IF($N19<=AS$3+MOD(COLUMN()-Calendar!$O$2, 5), IF(AS$3+MOD(COLUMN()-Calendar!$O$2, 5)<=$O19, 1, 0), 0) -> 0 | AV19: =IF($N19<=AS$3+MOD(COLUMN()-Calendar!$O$2, 5), IF(AS$3+MOD(COLUMN()-Calendar!$O$2, 5)<=$O19, 1, 0), 0) -> 0 | AW19: =IF($N19<=AS$3+MOD(COLUMN()-Calendar!$O$2, 5), IF(AS$3+MOD(COLUMN()-Calendar!$O$2, 5)<=$O19, 1, 0), 0) -> 0
B20: 2000 | C20: 2300 | D20: 2310 | E20: 2312 | F20: PoC 범위 및 검증 기준 재확인 | N20: 46296 | O20: 46297 | P20: =IF(O20<>"", NETWORKDAYS(N20,O20,Calendar!$L$2:$L$43), "") -> 2 | Q20: =IF(C20<=9999, Q19, LEFT(C20, 2)) -> 분석 | R20: =IF(T20=4, VLOOKUP(O20, '주별 진척률'!$A$11:$B$169, 2, 0), "") -> W01 | S20: =IF(T20=4, IFERROR(VLOOKUP(W20, '주별 진척률'!$A$11:$B$169, 2, 0), ""), "") | T20: =IF(IFERROR(VALUE(E20), 0)>=1000, IF(IFERROR(VALUE(E20), 0)<=9999, 4, IF(RIGHT(D20,1)="0", 3, IF(RIGHT(C20,2)="00", 2, IF(RIGHT(B20,3)="000", 1, 0)))), IF(RIGHT(D20,1)="0", 3, IF(RIGHT(C20,2)="00", 2, IF(RIGHT(B20,3)="000", 1, 0)))) -> 4 | U20: =((1+(O20-N20))/(1+(MAX($O$5:$O$65)-MIN($N$5:$N$65)))) -> 0.066666667 | X20: =IF(W20<>"", NETWORKDAYS(V20,W20,Calendar!$L$2:$L$43), "") | Y20: =IF($N20<=Y$3+MOD(COLUMN()-Calendar!$O$2, 5), IF(Y$3+MOD(COLUMN()-Calendar!$O$2, 5)<=$O20, 1, 0), 0) -> 0 | Z20: =IF($N20<=Y$3+MOD(COLUMN()-Calendar!$O$2, 5), IF(Y$3+MOD(COLUMN()-Calendar!$O$2, 5)<=$O20, 1, 0), 0) -> 0 | AA20: =IF($N20<=Y$3+MOD(COLUMN()-Calendar!$O$2, 5), IF(Y$3+MOD(COLUMN()-Calendar!$O$2, 5)<=$O20, 1, 0), 0) -> 0 | AB20: =IF($N20<=Y$3+MOD(COLUMN()-Calendar!$O$2, 5), IF(Y$3+MOD(COLUMN()-Calendar!$O$2, 5)<=$O20, 1, 0), 0) -> 1 | AC20: =IF($N20<=Y$3+MOD(COLUMN()-Calendar!$O$2, 5), IF(Y$3+MOD(COLUMN()-Calendar!$O$2, 5)<=$O20, 1, 0), 0) -> 1 | AD20: =IF($N20<=AD$3+MOD(COLUMN()-Calendar!$O$2, 5), IF(AD$3+MOD(COLUMN()-Calendar!$O$2, 5)<=$O20, 1, 0), 0) -> 0 | AE20: =IF($N20<=AD$3+MOD(COLUMN()-Calendar!$O$2, 5), IF(AD$3+MOD(COLUMN()-Calendar!$O$2, 5)<=$O20, 1, 0), 0) -> 0 | AF20: =IF($N20<=AD$3+MOD(COLUMN()-Calendar!$O$2, 5), IF(AD$3+MOD(COLUMN()-Calendar!$O$2, 5)<=$O20, 1, 0), 0) -> 0 | AG20: =IF($N20<=AD$3+MOD(COLUMN()-Calendar!$O$2, 5), IF(AD$3+MOD(COLUMN()-Calendar!$O$2, 5)<=$O20, 1, 0), 0) -> 0 | AH20: =IF($N20<=AD$3+MOD(COLUMN()-Calendar!$O$2, 5), IF(AD$3+MOD(COLUMN()-Calendar!$O$2, 5)<=$O20, 1, 0), 0) -> 0 | AI20: =IF($N20<=AI$3+MOD(COLUMN()-Calendar!$O$2, 5), IF(AI$3+MOD(COLUMN()-Calendar!$O$2, 5)<=$O20, 1, 0), 0) -> 0 | AJ20: =IF($N20<=AI$3+MOD(COLUMN()-Calendar!$O$2, 5), IF(AI$3+MOD(COLUMN()-Calendar!$O$2, 5)<=$O20, 1, 0), 0) -> 0 | AK20: =IF($N20<=AI$3+MOD(COLUMN()-Calendar!$O$2, 5), IF(AI$3+MOD(COLUMN()-Calendar!$O$2, 5)<=$O20, 1, 0), 0) -> 0 | AL20: =IF($N20<=AI$3+MOD(COLUMN()-Calendar!$O$2, 5), IF(AI$3+MOD(COLUMN()-Calendar!$O$2, 5)<=$O20, 1, 0), 0) -> 0 | AM20: =IF($N20<=AI$3+MOD(COLUMN()-Calendar!$O$2, 5), IF(AI$3+MOD(COLUMN()-Calendar!$O$2, 5)<=$O20, 1, 0), 0) -> 0 | AN20: =IF($N20<=AN$3+MOD(COLUMN()-Calendar!$O$2, 5), IF(AN$3+MOD(COLUMN()-Calendar!$O$2, 5)<=$O20, 1, 0), 0) -> 0 | AO20: =IF($N20<=AN$3+MOD(COLUMN()-Calendar!$O$2, 5), IF(AN$3+MOD(COLUMN()-Calendar!$O$2, 5)<=$O20, 1, 0), 0) -> 0 | AP20: =IF($N20<=AN$3+MOD(COLUMN()-Calendar!$O$2, 5), IF(AN$3+MOD(COLUMN()-Calendar!$O$2, 5)<=$O20, 1, 0), 0) -> 0 | AQ20: =IF($N20<=AN$3+MOD(COLUMN()-Calendar!$O$2, 5), IF(AN$3+MOD(COLUMN()-Calendar!$O$2, 5)<=$O20, 1, 0), 0) -> 0 | AR20: =IF($N20<=AN$3+MOD(COLUMN()-Calendar!$O$2, 5), IF(AN$3+MOD(COLUMN()-Calendar!$O$2, 5)<=$O20, 1, 0), 0) -> 0 | AS20: =IF($N20<=AS$3+MOD(COLUMN()-Calendar!$O$2, 5), IF(AS$3+MOD(COLUMN()-Calendar!$O$2, 5)<=$O20, 1, 0), 0) -> 0 | AT20: =IF($N20<=AS$3+MOD(COLUMN()-Calendar!$O$2, 5), IF(AS$3+MOD(COLUMN()-Calendar!$O$2, 5)<=$O20, 1, 0), 0) -> 0 | AU20: =IF($N20<=AS$3+MOD(COLUMN()-Calendar!$O$2, 5), IF(AS$3+MOD(COLUMN()-Calendar!$O$2, 5)<=$O20, 1, 0), 0) -> 0 | AV20: =IF($N20<=AS$3+MOD(COLUMN()-Calendar!$O$2, 5), IF(AS$3+MOD(COLUMN()-Calendar!$O$2, 5)<=$O20, 1, 0), 0) -> 0 | AW20: =IF($N20<=AS$3+MOD(COLUMN()-Calendar!$O$2, 5), IF(AS$3+MOD(COLUMN()-Calendar!$O$2, 5)<=$O20, 1, 0), 0) -> 0
B21: 3000 | C21: 설계단계 | N21: =MIN(N22:N29) -> 46301 | O21: =MAX(O22:O29) -> 46303 | P21: =IF(O21<>"", NETWORKDAYS(N21,O21,Calendar!$L$2:$L$43), "") -> 3 | Q21: =IF(C21<=9999,#REF!, LEFT( C21, 2)) -> 설계 | R21: =IF(T21=4, VLOOKUP(O21, '주별 진척률'!$A$11:$B$169, 2, 0), "") | S21: =IF(T21=4, IFERROR(VLOOKUP(W21, '주별 진척률'!$A$11:$B$169, 2, 0), ""), "") | T21: =IF(IFERROR(VALUE(E21), 0)>=1000, IF(IFERROR(VALUE(E21), 0)<=9999, 4, IF(RIGHT(D21,1)="0", 3, IF(RIGHT(C21,2)="00", 2, IF(RIGHT(B21,3)="000", 1, 0)))), IF(RIGHT(D21,1)="0", 3, IF(RIGHT(C21,2)="00", 2, IF(RIGHT(B21,3)="000", 1, 0)))) -> 1 | U21: =((1+(O21-N21))/(1+(MAX($O$5:$O$65)-MIN($N$5:$N$65)))) -> 0.1 | V21: =MIN(V22:V29) -> 0 | W21: =MAX(W22:W29) -> 0 | X21: =IF(W21<>"", NETWORKDAYS(V21,W21,Calendar!$L$2:$L$43), "") -> 0 | Y21: =IF($N21<=Y$3+MOD(COLUMN()-Calendar!$O$2, 5), IF(Y$3+MOD(COLUMN()-Calendar!$O$2, 5)<=$O21, 1, 0), 0) -> 0 | Z21: =IF($N21<=Y$3+MOD(COLUMN()-Calendar!$O$2, 5), IF(Y$3+MOD(COLUMN()-Calendar!$O$2, 5)<=$O21, 1, 0), 0) -> 0 | AA21: =IF($N21<=Y$3+MOD(COLUMN()-Calendar!$O$2, 5), IF(Y$3+MOD(COLUMN()-Calendar!$O$2, 5)<=$O21, 1, 0), 0) -> 0 | AB21: =IF($N21<=Y$3+MOD(COLUMN()-Calendar!$O$2, 5), IF(Y$3+MOD(COLUMN()-Calendar!$O$2, 5)<=$O21, 1, 0), 0) -> 0 | AC21: =IF($N21<=Y$3+MOD(COLUMN()-Calendar!$O$2, 5), IF(Y$3+MOD(COLUMN()-Calendar!$O$2, 5)<=$O21, 1, 0), 0) -> 0 | AD21: =IF($N21<=AD$3+MOD(COLUMN()-Calendar!$O$2, 5), IF(AD$3+MOD(COLUMN()-Calendar!$O$2, 5)<=$O21, 1, 0), 0) -> 0 | AE21: =IF($N21<=AD$3+MOD(COLUMN()-Calendar!$O$2, 5), IF(AD$3+MOD(COLUMN()-Calendar!$O$2, 5)<=$O21, 1, 0), 0) -> 1 | AF21: =IF($N21<=AD$3+MOD(COLUMN()-Calendar!$O$2, 5), IF(AD$3+MOD(COLUMN()-Calendar!$O$2, 5)<=$O21, 1, 0), 0) -> 1 | AG21: =IF($N21<=AD$3+MOD(COLUMN()-Calendar!$O$2, 5), IF(AD$3+MOD(COLUMN()-Calendar!$O$2, 5)<=$O21, 1, 0), 0) -> 1 | AH21: =IF($N21<=AD$3+MOD(COLUMN()-Calendar!$O$2, 5), IF(AD$3+MOD(COLUMN()-Calendar!$O$2, 5)<=$O21, 1, 0), 0) -> 0 | AI21: =IF($N21<=AI$3+MOD(COLUMN()-Calendar!$O$2, 5), IF(AI$3+MOD(COLUMN()-Calendar!$O$2, 5)<=$O21, 1, 0), 0) -> 0 | AJ21: =IF($N21<=AI$3+MOD(COLUMN()-Calendar!$O$2, 5), IF(AI$3+MOD(COLUMN()-Calendar!$O$2, 5)<=$O21, 1, 0), 0) -> 0 | AK21: =IF($N21<=AI$3+MOD(COLUMN()-Calendar!$O$2, 5), IF(AI$3+MOD(COLUMN()-Calendar!$O$2, 5)<=$O21, 1, 0), 0) -> 0 | AL21: =IF($N21<=AI$3+MOD(COLUMN()-Calendar!$O$2, 5), IF(AI$3+MOD(COLUMN()-Calendar!$O$2, 5)<=$O21, 1, 0), 0) -> 0 | AM21: =IF($N21<=AI$3+MOD(COLUMN()-Calendar!$O$2, 5), IF(AI$3+MOD(COLUMN()-Calendar!$O$2, 5)<=$O21, 1, 0), 0) -> 0 | AN21: =IF($N21<=AN$3+MOD(COLUMN()-Calendar!$O$2, 5), IF(AN$3+MOD(COLUMN()-Calendar!$O$2, 5)<=$O21, 1, 0), 0) -> 0 | AO21: =IF($N21<=AN$3+MOD(COLUMN()-Calendar!$O$2, 5), IF(AN$3+MOD(COLUMN()-Calendar!$O$2, 5)<=$O21, 1, 0), 0) -> 0 | AP21: =IF($N21<=AN$3+MOD(COLUMN()-Calendar!$O$2, 5), IF(AN$3+MOD(COLUMN()-Calendar!$O$2, 5)<=$O21, 1, 0), 0) -> 0 | AQ21: =IF($N21<=AN$3+MOD(COLUMN()-Calendar!$O$2, 5), IF(AN$3+MOD(COLUMN()-Calendar!$O$2, 5)<=$O21, 1, 0), 0) -> 0 | AR21: =IF($N21<=AN$3+MOD(COLUMN()-Calendar!$O$2, 5), IF(AN$3+MOD(COLUMN()-Calendar!$O$2, 5)<=$O21, 1, 0), 0) -> 0 | AS21: =IF($N21<=AS$3+MOD(COLUMN()-Calendar!$O$2, 5), IF(AS$3+MOD(COLUMN()-Calendar!$O$2, 5)<=$O21, 1, 0), 0) -> 0 | AT21: =IF($N21<=AS$3+MOD(COLUMN()-Calendar!$O$2, 5), IF(AS$3+MOD(COLUMN()-Calendar!$O$2, 5)<=$O21, 1, 0), 0) -> 0 | AU21: =IF($N21<=AS$3+MOD(COLUMN()-Calendar!$O$2, 5), IF(AS$3+MOD(COLUMN()-Calendar!$O$2, 5)<=$O21, 1, 0), 0) -> 0 | AV21: =IF($N21<=AS$3+MOD(COLUMN()-Calendar!$O$2, 5), IF(AS$3+MOD(COLUMN()-Calendar!$O$2, 5)<=$O21, 1, 0), 0) -> 0 | AW21: =IF($N21<=AS$3+MOD(COLUMN()-Calendar!$O$2, 5), IF(AS$3+MOD(COLUMN()-Calendar!$O$2, 5)<=$O21, 1, 0), 0) -> 0
B22: 3000 | C22: 3100 | D22: 개발 준비 | N22: =MIN(N23:N24) -> 46301 | O22: =MAX(O23:O24) -> 46303 | P22: =IF(O22<>"", NETWORKDAYS(N22,O22,Calendar!$L$2:$L$43), "") -> 3 | Q22: =IF(C22<=9999, Q21, LEFT(C22, 2)) -> 설계 | R22: =IF(T22=4, VLOOKUP(O22, '주별 진척률'!$A$11:$B$169, 2, 0), "") | S22: =IF(T22=4, IFERROR(VLOOKUP(W22, '주별 진척률'!$A$11:$B$169, 2, 0), ""), "") | T22: =IF(IFERROR(VALUE(E22), 0)>=1000, IF(IFERROR(VALUE(E22), 0)<=9999, 4, IF(RIGHT(D22,1)="0", 3, IF(RIGHT(C22,2)="00", 2, IF(RIGHT(B22,3)="000", 1, 0)))), IF(RIGHT(D22,1)="0", 3, IF(RIGHT(C22,2)="00", 2, IF(RIGHT(B22,3)="000", 1, 0)))) -> 2 | U22: =((1+(O22-N22))/(1+(MAX($O$5:$O$65)-MIN($N$5:$N$65)))) -> 0.1 | V22: =MIN(V23:V24) -> 0 | W22: =MAX(W23:W24) -> 0 | X22: =IF(W22<>"", NETWORKDAYS(V22,W22,Calendar!$L$2:$L$43), "") -> 0 | Y22: =IF($N22<=Y$3+MOD(COLUMN()-Calendar!$O$2, 5), IF(Y$3+MOD(COLUMN()-Calendar!$O$2, 5)<=$O22, 1, 0), 0) -> 0 | Z22: =IF($N22<=Y$3+MOD(COLUMN()-Calendar!$O$2, 5), IF(Y$3+MOD(COLUMN()-Calendar!$O$2, 5)<=$O22, 1, 0), 0) -> 0 | AA22: =IF($N22<=Y$3+MOD(COLUMN()-Calendar!$O$2, 5), IF(Y$3+MOD(COLUMN()-Calendar!$O$2, 5)<=$O22, 1, 0), 0) -> 0 | AB22: =IF($N22<=Y$3+MOD(COLUMN()-Calendar!$O$2, 5), IF(Y$3+MOD(COLUMN()-Calendar!$O$2, 5)<=$O22, 1, 0), 0) -> 0 | AC22: =IF($N22<=Y$3+MOD(COLUMN()-Calendar!$O$2, 5), IF(Y$3+MOD(COLUMN()-Calendar!$O$2, 5)<=$O22, 1, 0), 0) -> 0 | AD22: =IF($N22<=AD$3+MOD(COLUMN()-Calendar!$O$2, 5), IF(AD$3+MOD(COLUMN()-Calendar!$O$2, 5)<=$O22, 1, 0), 0) -> 0 | AE22: =IF($N22<=AD$3+MOD(COLUMN()-Calendar!$O$2, 5), IF(AD$3+MOD(COLUMN()-Calendar!$O$2, 5)<=$O22, 1, 0), 0) -> 1 | AF22: =IF($N22<=AD$3+MOD(COLUMN()-Calendar!$O$2, 5), IF(AD$3+MOD(COLUMN()-Calendar!$O$2, 5)<=$O22, 1, 0), 0) -> 1 | AG22: =IF($N22<=AD$3+MOD(COLUMN()-Calendar!$O$2, 5), IF(AD$3+MOD(COLUMN()-Calendar!$O$2, 5)<=$O22, 1, 0), 0) -> 1 | AH22: =IF($N22<=AD$3+MOD(COLUMN()-Calendar!$O$2, 5), IF(AD$3+MOD(COLUMN()-Calendar!$O$2, 5)<=$O22, 1, 0), 0) -> 0 | AI22: =IF($N22<=AI$3+MOD(COLUMN()-Calendar!$O$2, 5), IF(AI$3+MOD(COLUMN()-Calendar!$O$2, 5)<=$O22, 1, 0), 0) -> 0 | AJ22: =IF($N22<=AI$3+MOD(COLUMN()-Calendar!$O$2, 5), IF(AI$3+MOD(COLUMN()-Calendar!$O$2, 5)<=$O22, 1, 0), 0) -> 0 | AK22: =IF($N22<=AI$3+MOD(COLUMN()-Calendar!$O$2, 5), IF(AI$3+MOD(COLUMN()-Calendar!$O$2, 5)<=$O22, 1, 0), 0) -> 0 | AL22: =IF($N22<=AI$3+MOD(COLUMN()-Calendar!$O$2, 5), IF(AI$3+MOD(COLUMN()-Calendar!$O$2, 5)<=$O22, 1, 0), 0) -> 0 | AM22: =IF($N22<=AI$3+MOD(COLUMN()-Calendar!$O$2, 5), IF(AI$3+MOD(COLUMN()-Calendar!$O$2, 5)<=$O22, 1, 0), 0) -> 0 | AN22: =IF($N22<=AN$3+MOD(COLUMN()-Calendar!$O$2, 5), IF(AN$3+MOD(COLUMN()-Calendar!$O$2, 5)<=$O22, 1, 0), 0) -> 0 | AO22: =IF($N22<=AN$3+MOD(COLUMN()-Calendar!$O$2, 5), IF(AN$3+MOD(COLUMN()-Calendar!$O$2, 5)<=$O22, 1, 0), 0) -> 0 | AP22: =IF($N22<=AN$3+MOD(COLUMN()-Calendar!$O$2, 5), IF(AN$3+MOD(COLUMN()-Calendar!$O$2, 5)<=$O22, 1, 0), 0) -> 0 | AQ22: =IF($N22<=AN$3+MOD(COLUMN()-Calendar!$O$2, 5), IF(AN$3+MOD(COLUMN()-Calendar!$O$2, 5)<=$O22, 1, 0), 0) -> 0 | AR22: =IF($N22<=AN$3+MOD(COLUMN()-Calendar!$O$2, 5), IF(AN$3+MOD(COLUMN()-Calendar!$O$2, 5)<=$O22, 1, 0), 0) -> 0 | AS22: =IF($N22<=AS$3+MOD(COLUMN()-Calendar!$O$2, 5), IF(AS$3+MOD(COLUMN()-Calendar!$O$2, 5)<=$O22, 1, 0), 0) -> 0 | AT22: =IF($N22<=AS$3+MOD(COLUMN()-Calendar!$O$2, 5), IF(AS$3+MOD(COLUMN()-Calendar!$O$2, 5)<=$O22, 1, 0), 0) -> 0 | AU22: =IF($N22<=AS$3+MOD(COLUMN()-Calendar!$O$2, 5), IF(AS$3+MOD(COLUMN()-Calendar!$O$2, 5)<=$O22, 1, 0), 0) -> 0 | AV22: =IF($N22<=AS$3+MOD(COLUMN()-Calendar!$O$2, 5), IF(AS$3+MOD(COLUMN()-Calendar!$O$2, 5)<=$O22, 1, 0), 0) -> 0 | AW22: =IF($N22<=AS$3+MOD(COLUMN()-Calendar!$O$2, 5), IF(AS$3+MOD(COLUMN()-Calendar!$O$2, 5)<=$O22, 1, 0), 0) -> 0
B23: 3000 | C23: 3100 | D23: 3110 | E23: 개발 환경 구축 | N23: =MIN(N24:N24) -> 46301 | O23: =MAX(O24:O24) -> 46303 | P23: =IF(O23<>"", NETWORKDAYS(N23,O23,Calendar!$L$2:$L$43), "") -> 3 | Q23: =IF(C23<=9999, Q22, LEFT(C23, 2)) -> 설계 | R23: =IF(T23=4, VLOOKUP(O23, '주별 진척률'!$A$11:$B$169, 2, 0), "") | S23: =IF(T23=4, IFERROR(VLOOKUP(W23, '주별 진척률'!$A$11:$B$169, 2, 0), ""), "") | T23: =IF(IFERROR(VALUE(E23), 0)>=1000, IF(IFERROR(VALUE(E23), 0)<=9999, 4, IF(RIGHT(D23,1)="0", 3, IF(RIGHT(C23,2)="00", 2, IF(RIGHT(B23,3)="000", 1, 0)))), IF(RIGHT(D23,1)="0", 3, IF(RIGHT(C23,2)="00", 2, IF(RIGHT(B23,3)="000", 1, 0)))) -> 3 | U23: =((1+(O23-N23))/(1+(MAX($O$5:$O$65)-MIN($N$5:$N$65)))) -> 0.1 | V23: =MIN(V24:V24) -> 0 | W23: =MAX(W24:W24) -> 0 | X23: =IF(W23<>"", NETWORKDAYS(V23,W23,Calendar!$L$2:$L$43), "") -> 0 | Y23: =IF($N23<=Y$3+MOD(COLUMN()-Calendar!$O$2, 5), IF(Y$3+MOD(COLUMN()-Calendar!$O$2, 5)<=$O23, 1, 0), 0) -> 0 | Z23: =IF($N23<=Y$3+MOD(COLUMN()-Calendar!$O$2, 5), IF(Y$3+MOD(COLUMN()-Calendar!$O$2, 5)<=$O23, 1, 0), 0) -> 0 | AA23: =IF($N23<=Y$3+MOD(COLUMN()-Calendar!$O$2, 5), IF(Y$3+MOD(COLUMN()-Calendar!$O$2, 5)<=$O23, 1, 0), 0) -> 0 | AB23: =IF($N23<=Y$3+MOD(COLUMN()-Calendar!$O$2, 5), IF(Y$3+MOD(COLUMN()-Calendar!$O$2, 5)<=$O23, 1, 0), 0) -> 0 | AC23: =IF($N23<=Y$3+MOD(COLUMN()-Calendar!$O$2, 5), IF(Y$3+MOD(COLUMN()-Calendar!$O$2, 5)<=$O23, 1, 0), 0) -> 0 | AD23: =IF($N23<=AD$3+MOD(COLUMN()-Calendar!$O$2, 5), IF(AD$3+MOD(COLUMN()-Calendar!$O$2, 5)<=$O23, 1, 0), 0) -> 0 | AE23: =IF($N23<=AD$3+MOD(COLUMN()-Calendar!$O$2, 5), IF(AD$3+MOD(COLUMN()-Calendar!$O$2, 5)<=$O23, 1, 0), 0) -> 1 | AF23: =IF($N23<=AD$3+MOD(COLUMN()-Calendar!$O$2, 5), IF(AD$3+MOD(COLUMN()-Calendar!$O$2, 5)<=$O23, 1, 0), 0) -> 1 | AG23: =IF($N23<=AD$3+MOD(COLUMN()-Calendar!$O$2, 5), IF(AD$3+MOD(COLUMN()-Calendar!$O$2, 5)<=$O23, 1, 0), 0) -> 1 | AH23: =IF($N23<=AD$3+MOD(COLUMN()-Calendar!$O$2, 5), IF(AD$3+MOD(COLUMN()-Calendar!$O$2, 5)<=$O23, 1, 0), 0) -> 0 | AI23: =IF($N23<=AI$3+MOD(COLUMN()-Calendar!$O$2, 5), IF(AI$3+MOD(COLUMN()-Calendar!$O$2, 5)<=$O23, 1, 0), 0) -> 0 | AJ23: =IF($N23<=AI$3+MOD(COLUMN()-Calendar!$O$2, 5), IF(AI$3+MOD(COLUMN()-Calendar!$O$2, 5)<=$O23, 1, 0), 0) -> 0 | AK23: =IF($N23<=AI$3+MOD(COLUMN()-Calendar!$O$2, 5), IF(AI$3+MOD(COLUMN()-Calendar!$O$2, 5)<=$O23, 1, 0), 0) -> 0 | AL23: =IF($N23<=AI$3+MOD(COLUMN()-Calendar!$O$2, 5), IF(AI$3+MOD(COLUMN()-Calendar!$O$2, 5)<=$O23, 1, 0), 0) -> 0 | AM23: =IF($N23<=AI$3+MOD(COLUMN()-Calendar!$O$2, 5), IF(AI$3+MOD(COLUMN()-Calendar!$O$2, 5)<=$O23, 1, 0), 0) -> 0 | AN23: =IF($N23<=AN$3+MOD(COLUMN()-Calendar!$O$2, 5), IF(AN$3+MOD(COLUMN()-Calendar!$O$2, 5)<=$O23, 1, 0), 0) -> 0 | AO23: =IF($N23<=AN$3+MOD(COLUMN()-Calendar!$O$2, 5), IF(AN$3+MOD(COLUMN()-Calendar!$O$2, 5)<=$O23, 1, 0), 0) -> 0 | AP23: =IF($N23<=AN$3+MOD(COLUMN()-Calendar!$O$2, 5), IF(AN$3+MOD(COLUMN()-Calendar!$O$2, 5)<=$O23, 1, 0), 0) -> 0 | AQ23: =IF($N23<=AN$3+MOD(COLUMN()-Calendar!$O$2, 5), IF(AN$3+MOD(COLUMN()-Calendar!$O$2, 5)<=$O23, 1, 0), 0) -> 0 | AR23: =IF($N23<=AN$3+MOD(COLUMN()-Calendar!$O$2, 5), IF(AN$3+MOD(COLUMN()-Calendar!$O$2, 5)<=$O23, 1, 0), 0) -> 0 | AS23: =IF($N23<=AS$3+MOD(COLUMN()-Calendar!$O$2, 5), IF(AS$3+MOD(COLUMN()-Calendar!$O$2, 5)<=$O23, 1, 0), 0) -> 0 | AT23: =IF($N23<=AS$3+MOD(COLUMN()-Calendar!$O$2, 5), IF(AS$3+MOD(COLUMN()-Calendar!$O$2, 5)<=$O23, 1, 0), 0) -> 0 | AU23: =IF($N23<=AS$3+MOD(COLUMN()-Calendar!$O$2, 5), IF(AS$3+MOD(COLUMN()-Calendar!$O$2, 5)<=$O23, 1, 0), 0) -> 0 | AV23: =IF($N23<=AS$3+MOD(COLUMN()-Calendar!$O$2, 5), IF(AS$3+MOD(COLUMN()-Calendar!$O$2, 5)<=$O23, 1, 0), 0) -> 0 | AW23: =IF($N23<=AS$3+MOD(COLUMN()-Calendar!$O$2, 5), IF(AS$3+MOD(COLUMN()-Calendar!$O$2, 5)<=$O23, 1, 0), 0) -> 0
B24: 3000 | C24: 3100 | D24: 3110 | E24: 3111 | F24: 개발 / 테스트 환경 확인 | N24: 46301 | O24: 46303 | P24: =IF(O24<>"", NETWORKDAYS(N24,O24,Calendar!$L$2:$L$43), "") -> 3 | Q24: =IF(C24<=9999, Q23, LEFT(C24, 2)) -> 설계 | R24: =IF(T24=4, VLOOKUP(O24, '주별 진척률'!$A$11:$B$169, 2, 0), "") -> W02 | S24: =IF(T24=4, IFERROR(VLOOKUP(W24, '주별 진척률'!$A$11:$B$169, 2, 0), ""), "") | T24: =IF(IFERROR(VALUE(E24), 0)>=1000, IF(IFERROR(VALUE(E24), 0)<=9999, 4, IF(RIGHT(D24,1)="0", 3, IF(RIGHT(C24,2)="00", 2, IF(RIGHT(B24,3)="000", 1, 0)))), IF(RIGHT(D24,1)="0", 3, IF(RIGHT(C24,2)="00", 2, IF(RIGHT(B24,3)="000", 1, 0)))) -> 4 | U24: =((1+(O24-N24))/(1+(MAX($O$5:$O$65)-MIN($N$5:$N$65)))) -> 0.1 | X24: =IF(W24<>"", NETWORKDAYS(V24,W24,Calendar!$L$2:$L$43), "") | Y24: =IF($N24<=Y$3+MOD(COLUMN()-Calendar!$O$2, 5), IF(Y$3+MOD(COLUMN()-Calendar!$O$2, 5)<=$O24, 1, 0), 0) -> 0 | Z24: =IF($N24<=Y$3+MOD(COLUMN()-Calendar!$O$2, 5), IF(Y$3+MOD(COLUMN()-Calendar!$O$2, 5)<=$O24, 1, 0), 0) -> 0 | AA24: =IF($N24<=Y$3+MOD(COLUMN()-Calendar!$O$2, 5), IF(Y$3+MOD(COLUMN()-Calendar!$O$2, 5)<=$O24, 1, 0), 0) -> 0 | AB24: =IF($N24<=Y$3+MOD(COLUMN()-Calendar!$O$2, 5), IF(Y$3+MOD(COLUMN()-Calendar!$O$2, 5)<=$O24, 1, 0), 0) -> 0 | AC24: =IF($N24<=Y$3+MOD(COLUMN()-Calendar!$O$2, 5), IF(Y$3+MOD(COLUMN()-Calendar!$O$2, 5)<=$O24, 1, 0), 0) -> 0 | AD24: =IF($N24<=AD$3+MOD(COLUMN()-Calendar!$O$2, 5), IF(AD$3+MOD(COLUMN()-Calendar!$O$2, 5)<=$O24, 1, 0), 0) -> 0 | AE24: =IF($N24<=AD$3+MOD(COLUMN()-Calendar!$O$2, 5), IF(AD$3+MOD(COLUMN()-Calendar!$O$2, 5)<=$O24, 1, 0), 0) -> 1 | AF24: =IF($N24<=AD$3+MOD(COLUMN()-Calendar!$O$2, 5), IF(AD$3+MOD(COLUMN()-Calendar!$O$2, 5)<=$O24, 1, 0), 0) -> 1 | AG24: =IF($N24<=AD$3+MOD(COLUMN()-Calendar!$O$2, 5), IF(AD$3+MOD(COLUMN()-Calendar!$O$2, 5)<=$O24, 1, 0), 0) -> 1 | AH24: =IF($N24<=AD$3+MOD(COLUMN()-Calendar!$O$2, 5), IF(AD$3+MOD(COLUMN()-Calendar!$O$2, 5)<=$O24, 1, 0), 0) -> 0 | AI24: =IF($N24<=AI$3+MOD(COLUMN()-Calendar!$O$2, 5), IF(AI$3+MOD(COLUMN()-Calendar!$O$2, 5)<=$O24, 1, 0), 0) -> 0 | AJ24: =IF($N24<=AI$3+MOD(COLUMN()-Calendar!$O$2, 5), IF(AI$3+MOD(COLUMN()-Calendar!$O$2, 5)<=$O24, 1, 0), 0) -> 0 | AK24: =IF($N24<=AI$3+MOD(COLUMN()-Calendar!$O$2, 5), IF(AI$3+MOD(COLUMN()-Calendar!$O$2, 5)<=$O24, 1, 0), 0) -> 0 | AL24: =IF($N24<=AI$3+MOD(COLUMN()-Calendar!$O$2, 5), IF(AI$3+MOD(COLUMN()-Calendar!$O$2, 5)<=$O24, 1, 0), 0) -> 0 | AM24: =IF($N24<=AI$3+MOD(COLUMN()-Calendar!$O$2, 5), IF(AI$3+MOD(COLUMN()-Calendar!$O$2, 5)<=$O24, 1, 0), 0) -> 0 | AN24: =IF($N24<=AN$3+MOD(COLUMN()-Calendar!$O$2, 5), IF(AN$3+MOD(COLUMN()-Calendar!$O$2, 5)<=$O24, 1, 0), 0) -> 0 | AO24: =IF($N24<=AN$3+MOD(COLUMN()-Calendar!$O$2, 5), IF(AN$3+MOD(COLUMN()-Calendar!$O$2, 5)<=$O24, 1, 0), 0) -> 0 | AP24: =IF($N24<=AN$3+MOD(COLUMN()-Calendar!$O$2, 5), IF(AN$3+MOD(COLUMN()-Calendar!$O$2, 5)<=$O24, 1, 0), 0) -> 0 | AQ24: =IF($N24<=AN$3+MOD(COLUMN()-Calendar!$O$2, 5), IF(AN$3+MOD(COLUMN()-Calendar!$O$2, 5)<=$O24, 1, 0), 0) -> 0 | AR24: =IF($N24<=AN$3+MOD(COLUMN()-Calendar!$O$2, 5), IF(AN$3+MOD(COLUMN()-Calendar!$O$2, 5)<=$O24, 1, 0), 0) -> 0 | AS24: =IF($N24<=AS$3+MOD(COLUMN()-Calendar!$O$2, 5), IF(AS$3+MOD(COLUMN()-Calendar!$O$2, 5)<=$O24, 1, 0), 0) -> 0 | AT24: =IF($N24<=AS$3+MOD(COLUMN()-Calendar!$O$2, 5), IF(AS$3+MOD(COLUMN()-Calendar!$O$2, 5)<=$O24, 1, 0), 0) -> 0 | AU24: =IF($N24<=AS$3+MOD(COLUMN()-Calendar!$O$2, 5), IF(AS$3+MOD(COLUMN()-Calendar!$O$2, 5)<=$O24, 1, 0), 0) -> 0 | AV24: =IF($N24<=AS$3+MOD(COLUMN()-Calendar!$O$2, 5), IF(AS$3+MOD(COLUMN()-Calendar!$O$2, 5)<=$O24, 1, 0), 0) -> 0 | AW24: =IF($N24<=AS$3+MOD(COLUMN()-Calendar!$O$2, 5), IF(AS$3+MOD(COLUMN()-Calendar!$O$2, 5)<=$O24, 1, 0), 0) -> 0
B25: 3000 | C25: 3200 | D25: MES 설계 | N25: =MIN(N26:N29) -> 46301 | O25: =MAX(O26:O29) -> 46303 | P25: =IF(O25<>"", NETWORKDAYS(N25,O25,Calendar!$L$2:$L$43), "") -> 3 | Q25: =IF(C25<=9999,Q24, LEFT( C25, 2)) -> 설계 | R25: =IF(T25=4, VLOOKUP(O25, '주별 진척률'!$A$11:$B$169, 2, 0), "") | S25: =IF(T25=4, IFERROR(VLOOKUP(W25, '주별 진척률'!$A$11:$B$169, 2, 0), ""), "") | T25: =IF(IFERROR(VALUE(E25), 0)>=1000, IF(IFERROR(VALUE(E25), 0)<=9999, 4, IF(RIGHT(D25,1)="0", 3, IF(RIGHT(C25,2)="00", 2, IF(RIGHT(B25,3)="000", 1, 0)))), IF(RIGHT(D25,1)="0", 3, IF(RIGHT(C25,2)="00", 2, IF(RIGHT(B25,3)="000", 1, 0)))) -> 2 | U25: =((1+(O25-N25))/(1+(MAX($O$5:$O$65)-MIN($N$5:$N$65)))) -> 0.1 | V25: =MIN(V26:V28) -> 0 | W25: =MAX(W26:W28) -> 0 | X25: =IF(W25<>"", NETWORKDAYS(V25,W25,Calendar!$L$2:$L$43), "") -> 0 | Y25: =IF($N25<=Y$3+MOD(COLUMN()-Calendar!$O$2, 5), IF(Y$3+MOD(COLUMN()-Calendar!$O$2, 5)<=$O25, 1, 0), 0) -> 0 | Z25: =IF($N25<=Y$3+MOD(COLUMN()-Calendar!$O$2, 5), IF(Y$3+MOD(COLUMN()-Calendar!$O$2, 5)<=$O25, 1, 0), 0) -> 0 | AA25: =IF($N25<=Y$3+MOD(COLUMN()-Calendar!$O$2, 5), IF(Y$3+MOD(COLUMN()-Calendar!$O$2, 5)<=$O25, 1, 0), 0) -> 0 | AB25: =IF($N25<=Y$3+MOD(COLUMN()-Calendar!$O$2, 5), IF(Y$3+MOD(COLUMN()-Calendar!$O$2, 5)<=$O25, 1, 0), 0) -> 0 | AC25: =IF($N25<=Y$3+MOD(COLUMN()-Calendar!$O$2, 5), IF(Y$3+MOD(COLUMN()-Calendar!$O$2, 5)<=$O25, 1, 0), 0) -> 0 | AD25: =IF($N25<=AD$3+MOD(COLUMN()-Calendar!$O$2, 5), IF(AD$3+MOD(COLUMN()-Calendar!$O$2, 5)<=$O25, 1, 0), 0) -> 0 | AE25: =IF($N25<=AD$3+MOD(COLUMN()-Calendar!$O$2, 5), IF(AD$3+MOD(COLUMN()-Calendar!$O$2, 5)<=$O25, 1, 0), 0) -> 1 | AF25: =IF($N25<=AD$3+MOD(COLUMN()-Calendar!$O$2, 5), IF(AD$3+MOD(COLUMN()-Calendar!$O$2, 5)<=$O25, 1, 0), 0) -> 1 | AG25: =IF($N25<=AD$3+MOD(COLUMN()-Calendar!$O$2, 5), IF(AD$3+MOD(COLUMN()-Calendar!$O$2, 5)<=$O25, 1, 0), 0) -> 1 | AH25: =IF($N25<=AD$3+MOD(COLUMN()-Calendar!$O$2, 5), IF(AD$3+MOD(COLUMN()-Calendar!$O$2, 5)<=$O25, 1, 0), 0) -> 0 | AI25: =IF($N25<=AI$3+MOD(COLUMN()-Calendar!$O$2, 5), IF(AI$3+MOD(COLUMN()-Calendar!$O$2, 5)<=$O25, 1, 0), 0) -> 0 | AJ25: =IF($N25<=AI$3+MOD(COLUMN()-Calendar!$O$2, 5), IF(AI$3+MOD(COLUMN()-Calendar!$O$2, 5)<=$O25, 1, 0), 0) -> 0 | AK25: =IF($N25<=AI$3+MOD(COLUMN()-Calendar!$O$2, 5), IF(AI$3+MOD(COLUMN()-Calendar!$O$2, 5)<=$O25, 1, 0), 0) -> 0 | AL25: =IF($N25<=AI$3+MOD(COLUMN()-Calendar!$O$2, 5), IF(AI$3+MOD(COLUMN()-Calendar!$O$2, 5)<=$O25, 1, 0), 0) -> 0 | AM25: =IF($N25<=AI$3+MOD(COLUMN()-Calendar!$O$2, 5), IF(AI$3+MOD(COLUMN()-Calendar!$O$2, 5)<=$O25, 1, 0), 0) -> 0 | AN25: =IF($N25<=AN$3+MOD(COLUMN()-Calendar!$O$2, 5), IF(AN$3+MOD(COLUMN()-Calendar!$O$2, 5)<=$O25, 1, 0), 0) -> 0 | AO25: =IF($N25<=AN$3+MOD(COLUMN()-Calendar!$O$2, 5), IF(AN$3+MOD(COLUMN()-Calendar!$O$2, 5)<=$O25, 1, 0), 0) -> 0 | AP25: =IF($N25<=AN$3+MOD(COLUMN()-Calendar!$O$2, 5), IF(AN$3+MOD(COLUMN()-Calendar!$O$2, 5)<=$O25, 1, 0), 0) -> 0 | AQ25: =IF($N25<=AN$3+MOD(COLUMN()-Calendar!$O$2, 5), IF(AN$3+MOD(COLUMN()-Calendar!$O$2, 5)<=$O25, 1, 0), 0) -> 0 | AR25: =IF($N25<=AN$3+MOD(COLUMN()-Calendar!$O$2, 5), IF(AN$3+MOD(COLUMN()-Calendar!$O$2, 5)<=$O25, 1, 0), 0) -> 0 | AS25: =IF($N25<=AS$3+MOD(COLUMN()-Calendar!$O$2, 5), IF(AS$3+MOD(COLUMN()-Calendar!$O$2, 5)<=$O25, 1, 0), 0) -> 0 | AT25: =IF($N25<=AS$3+MOD(COLUMN()-Calendar!$O$2, 5), IF(AS$3+MOD(COLUMN()-Calendar!$O$2, 5)<=$O25, 1, 0), 0) -> 0 | AU25: =IF($N25<=AS$3+MOD(COLUMN()-Calendar!$O$2, 5), IF(AS$3+MOD(COLUMN()-Calendar!$O$2, 5)<=$O25, 1, 0), 0) -> 0 | AV25: =IF($N25<=AS$3+MOD(COLUMN()-Calendar!$O$2, 5), IF(AS$3+MOD(COLUMN()-Calendar!$O$2, 5)<=$O25, 1, 0), 0) -> 0 | AW25: =IF($N25<=AS$3+MOD(COLUMN()-Calendar!$O$2, 5), IF(AS$3+MOD(COLUMN()-Calendar!$O$2, 5)<=$O25, 1, 0), 0) -> 0
B26: 3000 | C26: 3200 | D26: 3210 | E26: 업무 프로세스 설계 | N26: =MIN(N27:N29) -> 46301 | O26: =MAX(O27:O29) -> 46303 | P26: =IF(O26<>"", NETWORKDAYS(N26,O26,Calendar!$L$2:$L$43), "") -> 3 | Q26: =IF(C26<=9999, Q25, LEFT(C26, 2)) -> 설계 | R26: =IF(T26=4, VLOOKUP(O26, '주별 진척률'!$A$11:$B$169, 2, 0), "") | S26: =IF(T26=4, IFERROR(VLOOKUP(W26, '주별 진척률'!$A$11:$B$169, 2, 0), ""), "") | T26: =IF(IFERROR(VALUE(E26), 0)>=1000, IF(IFERROR(VALUE(E26), 0)<=9999, 4, IF(RIGHT(D26,1)="0", 3, IF(RIGHT(C26,2)="00", 2, IF(RIGHT(B26,3)="000", 1, 0)))), IF(RIGHT(D26,1)="0", 3, IF(RIGHT(C26,2)="00", 2, IF(RIGHT(B26,3)="000", 1, 0)))) -> 3 | U26: =((1+(O26-N26))/(1+(MAX($O$5:$O$65)-MIN($N$5:$N$65)))) -> 0.1 | V26: =MIN(V27:V28) -> 0 | W26: =MAX(W27:W28) -> 0 | X26: =IF(W26<>"", NETWORKDAYS(V26,W26,Calendar!$L$2:$L$43), "") -> 0 | Y26: =IF($N26<=Y$3+MOD(COLUMN()-Calendar!$O$2, 5), IF(Y$3+MOD(COLUMN()-Calendar!$O$2, 5)<=$O26, 1, 0), 0) -> 0 | Z26: =IF($N26<=Y$3+MOD(COLUMN()-Calendar!$O$2, 5), IF(Y$3+MOD(COLUMN()-Calendar!$O$2, 5)<=$O26, 1, 0), 0) -> 0 | AA26: =IF($N26<=Y$3+MOD(COLUMN()-Calendar!$O$2, 5), IF(Y$3+MOD(COLUMN()-Calendar!$O$2, 5)<=$O26, 1, 0), 0) -> 0 | AB26: =IF($N26<=Y$3+MOD(COLUMN()-Calendar!$O$2, 5), IF(Y$3+MOD(COLUMN()-Calendar!$O$2, 5)<=$O26, 1, 0), 0) -> 0 | AC26: =IF($N26<=Y$3+MOD(COLUMN()-Calendar!$O$2, 5), IF(Y$3+MOD(COLUMN()-Calendar!$O$2, 5)<=$O26, 1, 0), 0) -> 0 | AD26: =IF($N26<=AD$3+MOD(COLUMN()-Calendar!$O$2, 5), IF(AD$3+MOD(COLUMN()-Calendar!$O$2, 5)<=$O26, 1, 0), 0) -> 0 | AE26: =IF($N26<=AD$3+MOD(COLUMN()-Calendar!$O$2, 5), IF(AD$3+MOD(COLUMN()-Calendar!$O$2, 5)<=$O26, 1, 0), 0) -> 1 | AF26: =IF($N26<=AD$3+MOD(COLUMN()-Calendar!$O$2, 5), IF(AD$3+MOD(COLUMN()-Calendar!$O$2, 5)<=$O26, 1, 0), 0) -> 1 | AG26: =IF($N26<=AD$3+MOD(COLUMN()-Calendar!$O$2, 5), IF(AD$3+MOD(COLUMN()-Calendar!$O$2, 5)<=$O26, 1, 0), 0) -> 1 | AH26: =IF($N26<=AD$3+MOD(COLUMN()-Calendar!$O$2, 5), IF(AD$3+MOD(COLUMN()-Calendar!$O$2, 5)<=$O26, 1, 0), 0) -> 0 | AI26: =IF($N26<=AI$3+MOD(COLUMN()-Calendar!$O$2, 5), IF(AI$3+MOD(COLUMN()-Calendar!$O$2, 5)<=$O26, 1, 0), 0) -> 0 | AJ26: =IF($N26<=AI$3+MOD(COLUMN()-Calendar!$O$2, 5), IF(AI$3+MOD(COLUMN()-Calendar!$O$2, 5)<=$O26, 1, 0), 0) -> 0 | AK26: =IF($N26<=AI$3+MOD(COLUMN()-Calendar!$O$2, 5), IF(AI$3+MOD(COLUMN()-Calendar!$O$2, 5)<=$O26, 1, 0), 0) -> 0 | AL26: =IF($N26<=AI$3+MOD(COLUMN()-Calendar!$O$2, 5), IF(AI$3+MOD(COLUMN()-Calendar!$O$2, 5)<=$O26, 1, 0), 0) -> 0 | AM26: =IF($N26<=AI$3+MOD(COLUMN()-Calendar!$O$2, 5), IF(AI$3+MOD(COLUMN()-Calendar!$O$2, 5)<=$O26, 1, 0), 0) -> 0 | AN26: =IF($N26<=AN$3+MOD(COLUMN()-Calendar!$O$2, 5), IF(AN$3+MOD(COLUMN()-Calendar!$O$2, 5)<=$O26, 1, 0), 0) -> 0 | AO26: =IF($N26<=AN$3+MOD(COLUMN()-Calendar!$O$2, 5), IF(AN$3+MOD(COLUMN()-Calendar!$O$2, 5)<=$O26, 1, 0), 0) -> 0 | AP26: =IF($N26<=AN$3+MOD(COLUMN()-Calendar!$O$2, 5), IF(AN$3+MOD(COLUMN()-Calendar!$O$2, 5)<=$O26, 1, 0), 0) -> 0 | AQ26: =IF($N26<=AN$3+MOD(COLUMN()-Calendar!$O$2, 5), IF(AN$3+MOD(COLUMN()-Calendar!$O$2, 5)<=$O26, 1, 0), 0) -> 0 | AR26: =IF($N26<=AN$3+MOD(COLUMN()-Calendar!$O$2, 5), IF(AN$3+MOD(COLUMN()-Calendar!$O$2, 5)<=$O26, 1, 0), 0) -> 0 | AS26: =IF($N26<=AS$3+MOD(COLUMN()-Calendar!$O$2, 5), IF(AS$3+MOD(COLUMN()-Calendar!$O$2, 5)<=$O26, 1, 0), 0) -> 0 | AT26: =IF($N26<=AS$3+MOD(COLUMN()-Calendar!$O$2, 5), IF(AS$3+MOD(COLUMN()-Calendar!$O$2, 5)<=$O26, 1, 0), 0) -> 0 | AU26: =IF($N26<=AS$3+MOD(COLUMN()-Calendar!$O$2, 5), IF(AS$3+MOD(COLUMN()-Calendar!$O$2, 5)<=$O26, 1, 0), 0) -> 0 | AV26: =IF($N26<=AS$3+MOD(COLUMN()-Calendar!$O$2, 5), IF(AS$3+MOD(COLUMN()-Calendar!$O$2, 5)<=$O26, 1, 0), 0) -> 0 | AW26: =IF($N26<=AS$3+MOD(COLUMN()-Calendar!$O$2, 5), IF(AS$3+MOD(COLUMN()-Calendar!$O$2, 5)<=$O26, 1, 0), 0) -> 0
B27: 3000 | C27: 3200 | D27: 3210 | E27: 3211 | F27: 업무 Process 및 분석 Scenario 정의 | N27: 46301 | O27: 46303 | P27: =IF(O27<>"", NETWORKDAYS(N27,O27,Calendar!$L$2:$L$43), "") -> 3 | Q27: =IF(C27<=9999, Q26, LEFT(C27, 2)) -> 설계 | R27: =IF(T27=4, VLOOKUP(O27, '주별 진척률'!$A$11:$B$169, 2, 0), "") -> W02 | S27: =IF(T27=4, IFERROR(VLOOKUP(W27, '주별 진척률'!$A$11:$B$169, 2, 0), ""), "") | T27: =IF(IFERROR(VALUE(E27), 0)>=1000, IF(IFERROR(VALUE(E27), 0)<=9999, 4, IF(RIGHT(D27,1)="0", 3, IF(RIGHT(C27,2)="00", 2, IF(RIGHT(B27,3)="000", 1, 0)))), IF(RIGHT(D27,1)="0", 3, IF(RIGHT(C27,2)="00", 2, IF(RIGHT(B27,3)="000", 1, 0)))) -> 4 | U27: =((1+(O27-N27))/(1+(MAX($O$5:$O$65)-MIN($N$5:$N$65)))) -> 0.1 | X27: =IF(W27<>"", NETWORKDAYS(V27,W27,Calendar!$L$2:$L$43), "") | Y27: =IF($N27<=Y$3+MOD(COLUMN()-Calendar!$O$2, 5), IF(Y$3+MOD(COLUMN()-Calendar!$O$2, 5)<=$O27, 1, 0), 0) -> 0 | Z27: =IF($N27<=Y$3+MOD(COLUMN()-Calendar!$O$2, 5), IF(Y$3+MOD(COLUMN()-Calendar!$O$2, 5)<=$O27, 1, 0), 0) -> 0 | AA27: =IF($N27<=Y$3+MOD(COLUMN()-Calendar!$O$2, 5), IF(Y$3+MOD(COLUMN()-Calendar!$O$2, 5)<=$O27, 1, 0), 0) -> 0 | AB27: =IF($N27<=Y$3+MOD(COLUMN()-Calendar!$O$2, 5), IF(Y$3+MOD(COLUMN()-Calendar!$O$2, 5)<=$O27, 1, 0), 0) -> 0 | AC27: =IF($N27<=Y$3+MOD(COLUMN()-Calendar!$O$2, 5), IF(Y$3+MOD(COLUMN()-Calendar!$O$2, 5)<=$O27, 1, 0), 0) -> 0 | AD27: =IF($N27<=AD$3+MOD(COLUMN()-Calendar!$O$2, 5), IF(AD$3+MOD(COLUMN()-Calendar!$O$2, 5)<=$O27, 1, 0), 0) -> 0 | AE27: =IF($N27<=AD$3+MOD(COLUMN()-Calendar!$O$2, 5), IF(AD$3+MOD(COLUMN()-Calendar!$O$2, 5)<=$O27, 1, 0), 0) -> 1 | AF27: =IF($N27<=AD$3+MOD(COLUMN()-Calendar!$O$2, 5), IF(AD$3+MOD(COLUMN()-Calendar!$O$2, 5)<=$O27, 1, 0), 0) -> 1 | AG27: =IF($N27<=AD$3+MOD(COLUMN()-Calendar!$O$2, 5), IF(AD$3+MOD(COLUMN()-Calendar!$O$2, 5)<=$O27, 1, 0), 0) -> 1 | AH27: =IF($N27<=AD$3+MOD(COLUMN()-Calendar!$O$2, 5), IF(AD$3+MOD(COLUMN()-Calendar!$O$2, 5)<=$O27, 1, 0), 0) -> 0 | AI27: =IF($N27<=AI$3+MOD(COLUMN()-Calendar!$O$2, 5), IF(AI$3+MOD(COLUMN()-Calendar!$O$2, 5)<=$O27, 1, 0), 0) -> 0 | AJ27: =IF($N27<=AI$3+MOD(COLUMN()-Calendar!$O$2, 5), IF(AI$3+MOD(COLUMN()-Calendar!$O$2, 5)<=$O27, 1, 0), 0) -> 0 | AK27: =IF($N27<=AI$3+MOD(COLUMN()-Calendar!$O$2, 5), IF(AI$3+MOD(COLUMN()-Calendar!$O$2, 5)<=$O27, 1, 0), 0) -> 0 | AL27: =IF($N27<=AI$3+MOD(COLUMN()-Calendar!$O$2, 5), IF(AI$3+MOD(COLUMN()-Calendar!$O$2, 5)<=$O27, 1, 0), 0) -> 0 | AM27: =IF($N27<=AI$3+MOD(COLUMN()-Calendar!$O$2, 5), IF(AI$3+MOD(COLUMN()-Calendar!$O$2, 5)<=$O27, 1, 0), 0) -> 0 | AN27: =IF($N27<=AN$3+MOD(COLUMN()-Calendar!$O$2, 5), IF(AN$3+MOD(COLUMN()-Calendar!$O$2, 5)<=$O27, 1, 0), 0) -> 0 | AO27: =IF($N27<=AN$3+MOD(COLUMN()-Calendar!$O$2, 5), IF(AN$3+MOD(COLUMN()-Calendar!$O$2, 5)<=$O27, 1, 0), 0) -> 0 | AP27: =IF($N27<=AN$3+MOD(COLUMN()-Calendar!$O$2, 5), IF(AN$3+MOD(COLUMN()-Calendar!$O$2, 5)<=$O27, 1, 0), 0) -> 0 | AQ27: =IF($N27<=AN$3+MOD(COLUMN()-Calendar!$O$2, 5), IF(AN$3+MOD(COLUMN()-Calendar!$O$2, 5)<=$O27, 1, 0), 0) -> 0 | AR27: =IF($N27<=AN$3+MOD(COLUMN()-Calendar!$O$2, 5), IF(AN$3+MOD(COLUMN()-Calendar!$O$2, 5)<=$O27, 1, 0), 0) -> 0 | AS27: =IF($N27<=AS$3+MOD(COLUMN()-Calendar!$O$2, 5), IF(AS$3+MOD(COLUMN()-Calendar!$O$2, 5)<=$O27, 1, 0), 0) -> 0 | AT27: =IF($N27<=AS$3+MOD(COLUMN()-Calendar!$O$2, 5), IF(AS$3+MOD(COLUMN()-Calendar!$O$2, 5)<=$O27, 1, 0), 0) -> 0 | AU27: =IF($N27<=AS$3+MOD(COLUMN()-Calendar!$O$2, 5), IF(AS$3+MOD(COLUMN()-Calendar!$O$2, 5)<=$O27, 1, 0), 0) -> 0 | AV27: =IF($N27<=AS$3+MOD(COLUMN()-Calendar!$O$2, 5), IF(AS$3+MOD(COLUMN()-Calendar!$O$2, 5)<=$O27, 1, 0), 0) -> 0 | AW27: =IF($N27<=AS$3+MOD(COLUMN()-Calendar!$O$2, 5), IF(AS$3+MOD(COLUMN()-Calendar!$O$2, 5)<=$O27, 1, 0), 0) -> 0
B28: 3000 | C28: 3200 | D28: 3210 | E28: 3212 | F28: GDS / KLARF / CSV 데이터 구조 분석 | N28: 46301 | O28: 46303 | P28: =IF(O28<>"", NETWORKDAYS(N28,O28,Calendar!$L$2:$L$43), "") -> 3 | Q28: =IF(C28<=9999, Q27, LEFT(C28, 2)) -> 설계 | R28: =IF(T28=4, VLOOKUP(O28, '주별 진척률'!$A$11:$B$169, 2, 0), "") -> W02 | S28: =IF(T28=4, IFERROR(VLOOKUP(W28, '주별 진척률'!$A$11:$B$169, 2, 0), ""), "") | T28: =IF(IFERROR(VALUE(E28), 0)>=1000, IF(IFERROR(VALUE(E28), 0)<=9999, 4, IF(RIGHT(D28,1)="0", 3, IF(RIGHT(C28,2)="00", 2, IF(RIGHT(B28,3)="000", 1, 0)))), IF(RIGHT(D28,1)="0", 3, IF(RIGHT(C28,2)="00", 2, IF(RIGHT(B28,3)="000", 1, 0)))) -> 4 | U28: =((1+(O28-N28))/(1+(MAX($O$5:$O$65)-MIN($N$5:$N$65)))) -> 0.1 | X28: =IF(W28<>"", NETWORKDAYS(V28,W28,Calendar!$L$2:$L$43), "") | Y28: =IF($N28<=Y$3+MOD(COLUMN()-Calendar!$O$2, 5), IF(Y$3+MOD(COLUMN()-Calendar!$O$2, 5)<=$O28, 1, 0), 0) -> 0 | Z28: =IF($N28<=Y$3+MOD(COLUMN()-Calendar!$O$2, 5), IF(Y$3+MOD(COLUMN()-Calendar!$O$2, 5)<=$O28, 1, 0), 0) -> 0 | AA28: =IF($N28<=Y$3+MOD(COLUMN()-Calendar!$O$2, 5), IF(Y$3+MOD(COLUMN()-Calendar!$O$2, 5)<=$O28, 1, 0), 0) -> 0 | AB28: =IF($N28<=Y$3+MOD(COLUMN()-Calendar!$O$2, 5), IF(Y$3+MOD(COLUMN()-Calendar!$O$2, 5)<=$O28, 1, 0), 0) -> 0 | AC28: =IF($N28<=Y$3+MOD(COLUMN()-Calendar!$O$2, 5), IF(Y$3+MOD(COLUMN()-Calendar!$O$2, 5)<=$O28, 1, 0), 0) -> 0 | AD28: =IF($N28<=AD$3+MOD(COLUMN()-Calendar!$O$2, 5), IF(AD$3+MOD(COLUMN()-Calendar!$O$2, 5)<=$O28, 1, 0), 0) -> 0 | AE28: =IF($N28<=AD$3+MOD(COLUMN()-Calendar!$O$2, 5), IF(AD$3+MOD(COLUMN()-Calendar!$O$2, 5)<=$O28, 1, 0), 0) -> 1 | AF28: =IF($N28<=AD$3+MOD(COLUMN()-Calendar!$O$2, 5), IF(AD$3+MOD(COLUMN()-Calendar!$O$2, 5)<=$O28, 1, 0), 0) -> 1 | AG28: =IF($N28<=AD$3+MOD(COLUMN()-Calendar!$O$2, 5), IF(AD$3+MOD(COLUMN()-Calendar!$O$2, 5)<=$O28, 1, 0), 0) -> 1 | AH28: =IF($N28<=AD$3+MOD(COLUMN()-Calendar!$O$2, 5), IF(AD$3+MOD(COLUMN()-Calendar!$O$2, 5)<=$O28, 1, 0), 0) -> 0 | AI28: =IF($N28<=AI$3+MOD(COLUMN()-Calendar!$O$2, 5), IF(AI$3+MOD(COLUMN()-Calendar!$O$2, 5)<=$O28, 1, 0), 0) -> 0 | AJ28: =IF($N28<=AI$3+MOD(COLUMN()-Calendar!$O$2, 5), IF(AI$3+MOD(COLUMN()-Calendar!$O$2, 5)<=$O28, 1, 0), 0) -> 0 | AK28: =IF($N28<=AI$3+MOD(COLUMN()-Calendar!$O$2, 5), IF(AI$3+MOD(COLUMN()-Calendar!$O$2, 5)<=$O28, 1, 0), 0) -> 0 | AL28: =IF($N28<=AI$3+MOD(COLUMN()-Calendar!$O$2, 5), IF(AI$3+MOD(COLUMN()-Calendar!$O$2, 5)<=$O28, 1, 0), 0) -> 0 | AM28: =IF($N28<=AI$3+MOD(COLUMN()-Calendar!$O$2, 5), IF(AI$3+MOD(COLUMN()-Calendar!$O$2, 5)<=$O28, 1, 0), 0) -> 0 | AN28: =IF($N28<=AN$3+MOD(COLUMN()-Calendar!$O$2, 5), IF(AN$3+MOD(COLUMN()-Calendar!$O$2, 5)<=$O28, 1, 0), 0) -> 0 | AO28: =IF($N28<=AN$3+MOD(COLUMN()-Calendar!$O$2, 5), IF(AN$3+MOD(COLUMN()-Calendar!$O$2, 5)<=$O28, 1, 0), 0) -> 0 | AP28: =IF($N28<=AN$3+MOD(COLUMN()-Calendar!$O$2, 5), IF(AN$3+MOD(COLUMN()-Calendar!$O$2, 5)<=$O28, 1, 0), 0) -> 0 | AQ28: =IF($N28<=AN$3+MOD(COLUMN()-Calendar!$O$2, 5), IF(AN$3+MOD(COLUMN()-Calendar!$O$2, 5)<=$O28, 1, 0), 0) -> 0 | AR28: =IF($N28<=AN$3+MOD(COLUMN()-Calendar!$O$2, 5), IF(AN$3+MOD(COLUMN()-Calendar!$O$2, 5)<=$O28, 1, 0), 0) -> 0 | AS28: =IF($N28<=AS$3+MOD(COLUMN()-Calendar!$O$2, 5), IF(AS$3+MOD(COLUMN()-Calendar!$O$2, 5)<=$O28, 1, 0), 0) -> 0 | AT28: =IF($N28<=AS$3+MOD(COLUMN()-Calendar!$O$2, 5), IF(AS$3+MOD(COLUMN()-Calendar!$O$2, 5)<=$O28, 1, 0), 0) -> 0 | AU28: =IF($N28<=AS$3+MOD(COLUMN()-Calendar!$O$2, 5), IF(AS$3+MOD(COLUMN()-Calendar!$O$2, 5)<=$O28, 1, 0), 0) -> 0 | AV28: =IF($N28<=AS$3+MOD(COLUMN()-Calendar!$O$2, 5), IF(AS$3+MOD(COLUMN()-Calendar!$O$2, 5)<=$O28, 1, 0), 0) -> 0 | AW28: =IF($N28<=AS$3+MOD(COLUMN()-Calendar!$O$2, 5), IF(AS$3+MOD(COLUMN()-Calendar!$O$2, 5)<=$O28, 1, 0), 0) -> 0
B29: 3000 | C29: 3200 | D29: 3210 | E29: 3213 | F29: 좌표 및 Mapping 기준 정의 | N29: 46301 | O29: 46303 | P29: =IF(O29<>"", NETWORKDAYS(N29,O29,Calendar!$L$2:$L$43), "") -> 3 | Q29: =IF(C29<=9999, Q28, LEFT(C29, 2)) -> 설계 | R29: =IF(T29=4, VLOOKUP(O29, '주별 진척률'!$A$11:$B$169, 2, 0), "") -> W02 | S29: =IF(T29=4, IFERROR(VLOOKUP(W29, '주별 진척률'!$A$11:$B$169, 2, 0), ""), "") | T29: =IF(IFERROR(VALUE(E29), 0)>=1000, IF(IFERROR(VALUE(E29), 0)<=9999, 4, IF(RIGHT(D29,1)="0", 3, IF(RIGHT(C29,2)="00", 2, IF(RIGHT(B29,3)="000", 1, 0)))), IF(RIGHT(D29,1)="0", 3, IF(RIGHT(C29,2)="00", 2, IF(RIGHT(B29,3)="000", 1, 0)))) -> 4 | U29: =((1+(O29-N29))/(1+(MAX($O$5:$O$65)-MIN($N$5:$N$65)))) -> 0.1 | X29: =IF(W29<>"", NETWORKDAYS(V29,W29,Calendar!$L$2:$L$43), "") | Y29: =IF($N29<=Y$3+MOD(COLUMN()-Calendar!$O$2, 5), IF(Y$3+MOD(COLUMN()-Calendar!$O$2, 5)<=$O29, 1, 0), 0) -> 0 | Z29: =IF($N29<=Y$3+MOD(COLUMN()-Calendar!$O$2, 5), IF(Y$3+MOD(COLUMN()-Calendar!$O$2, 5)<=$O29, 1, 0), 0) -> 0 | AA29: =IF($N29<=Y$3+MOD(COLUMN()-Calendar!$O$2, 5), IF(Y$3+MOD(COLUMN()-Calendar!$O$2, 5)<=$O29, 1, 0), 0) -> 0 | AB29: =IF($N29<=Y$3+MOD(COLUMN()-Calendar!$O$2, 5), IF(Y$3+MOD(COLUMN()-Calendar!$O$2, 5)<=$O29, 1, 0), 0) -> 0 | AC29: =IF($N29<=Y$3+MOD(COLUMN()-Calendar!$O$2, 5), IF(Y$3+MOD(COLUMN()-Calendar!$O$2, 5)<=$O29, 1, 0), 0) -> 0 | AD29: =IF($N29<=AD$3+MOD(COLUMN()-Calendar!$O$2, 5), IF(AD$3+MOD(COLUMN()-Calendar!$O$2, 5)<=$O29, 1, 0), 0) -> 0 | AE29: =IF($N29<=AD$3+MOD(COLUMN()-Calendar!$O$2, 5), IF(AD$3+MOD(COLUMN()-Calendar!$O$2, 5)<=$O29, 1, 0), 0) -> 1 | AF29: =IF($N29<=AD$3+MOD(COLUMN()-Calendar!$O$2, 5), IF(AD$3+MOD(COLUMN()-Calendar!$O$2, 5)<=$O29, 1, 0), 0) -> 1 | AG29: =IF($N29<=AD$3+MOD(COLUMN()-Calendar!$O$2, 5), IF(AD$3+MOD(COLUMN()-Calendar!$O$2, 5)<=$O29, 1, 0), 0) -> 1 | AH29: =IF($N29<=AD$3+MOD(COLUMN()-Calendar!$O$2, 5), IF(AD$3+MOD(COLUMN()-Calendar!$O$2, 5)<=$O29, 1, 0), 0) -> 0 | AI29: =IF($N29<=AI$3+MOD(COLUMN()-Calendar!$O$2, 5), IF(AI$3+MOD(COLUMN()-Calendar!$O$2, 5)<=$O29, 1, 0), 0) -> 0 | AJ29: =IF($N29<=AI$3+MOD(COLUMN()-Calendar!$O$2, 5), IF(AI$3+MOD(COLUMN()-Calendar!$O$2, 5)<=$O29, 1, 0), 0) -> 0 | AK29: =IF($N29<=AI$3+MOD(COLUMN()-Calendar!$O$2, 5), IF(AI$3+MOD(COLUMN()-Calendar!$O$2, 5)<=$O29, 1, 0), 0) -> 0 | AL29: =IF($N29<=AI$3+MOD(COLUMN()-Calendar!$O$2, 5), IF(AI$3+MOD(COLUMN()-Calendar!$O$2, 5)<=$O29, 1, 0), 0) -> 0 | AM29: =IF($N29<=AI$3+MOD(COLUMN()-Calendar!$O$2, 5), IF(AI$3+MOD(COLUMN()-Calendar!$O$2, 5)<=$O29, 1, 0), 0) -> 0 | AN29: =IF($N29<=AN$3+MOD(COLUMN()-Calendar!$O$2, 5), IF(AN$3+MOD(COLUMN()-Calendar!$O$2, 5)<=$O29, 1, 0), 0) -> 0 | AO29: =IF($N29<=AN$3+MOD(COLUMN()-Calendar!$O$2, 5), IF(AN$3+MOD(COLUMN()-Calendar!$O$2, 5)<=$O29, 1, 0), 0) -> 0 | AP29: =IF($N29<=AN$3+MOD(COLUMN()-Calendar!$O$2, 5), IF(AN$3+MOD(COLUMN()-Calendar!$O$2, 5)<=$O29, 1, 0), 0) -> 0 | AQ29: =IF($N29<=AN$3+MOD(COLUMN()-Calendar!$O$2, 5), IF(AN$3+MOD(COLUMN()-Calendar!$O$2, 5)<=$O29, 1, 0), 0) -> 0 | AR29: =IF($N29<=AN$3+MOD(COLUMN()-Calendar!$O$2, 5), IF(AN$3+MOD(COLUMN()-Calendar!$O$2, 5)<=$O29, 1, 0), 0) -> 0 | AS29: =IF($N29<=AS$3+MOD(COLUMN()-Calendar!$O$2, 5), IF(AS$3+MOD(COLUMN()-Calendar!$O$2, 5)<=$O29, 1, 0), 0) -> 0 | AT29: =IF($N29<=AS$3+MOD(COLUMN()-Calendar!$O$2, 5), IF(AS$3+MOD(COLUMN()-Calendar!$O$2, 5)<=$O29, 1, 0), 0) -> 0 | AU29: =IF($N29<=AS$3+MOD(COLUMN()-Calendar!$O$2, 5), IF(AS$3+MOD(COLUMN()-Calendar!$O$2, 5)<=$O29, 1, 0), 0) -> 0 | AV29: =IF($N29<=AS$3+MOD(COLUMN()-Calendar!$O$2, 5), IF(AS$3+MOD(COLUMN()-Calendar!$O$2, 5)<=$O29, 1, 0), 0) -> 0 | AW29: =IF($N29<=AS$3+MOD(COLUMN()-Calendar!$O$2, 5), IF(AS$3+MOD(COLUMN()-Calendar!$O$2, 5)<=$O29, 1, 0), 0) -> 0
B30: 4000 | C30: 구축단계 | N30: =MIN(N31:N44) -> 46307 | O30: =MAX(O31:O49) -> 46322 | P30: =IF(O30<>"", NETWORKDAYS(N30,O30,Calendar!$L$2:$L$43), "") -> 12 | Q30: =IF(C30<=9999,#REF!, LEFT( C30, 2)) -> 구축 | R30: =IF(T30=4, VLOOKUP(O30, '주별 진척률'!$A$11:$B$169, 2, 0), "") | S30: =IF(T30=4, IFERROR(VLOOKUP(W30, '주별 진척률'!$A$11:$B$169, 2, 0), ""), "") | T30: =IF(IFERROR(VALUE(E30), 0)>=1000, IF(IFERROR(VALUE(E30), 0)<=9999, 4, IF(RIGHT(D30,1)="0", 3, IF(RIGHT(C30,2)="00", 2, IF(RIGHT(B30,3)="000", 1, 0)))), IF(RIGHT(D30,1)="0", 3, IF(RIGHT(C30,2)="00", 2, IF(RIGHT(B30,3)="000", 1, 0)))) -> 1 | U30: =((1+(O30-N30))/(1+(MAX($O$5:$O$65)-MIN($N$5:$N$65)))) -> 0.53333333 | V30: =MIN(V31:V44) -> 0 | W30: =MAX(W31:W44) -> 0 | X30: =IF(W30<>"", NETWORKDAYS(V30,W30,Calendar!$L$2:$L$43), "") -> 0 | Y30: =IF($N30<=Y$3+MOD(COLUMN()-Calendar!$O$2, 5), IF(Y$3+MOD(COLUMN()-Calendar!$O$2, 5)<=$O30, 1, 0), 0) -> 0 | Z30: =IF($N30<=Y$3+MOD(COLUMN()-Calendar!$O$2, 5), IF(Y$3+MOD(COLUMN()-Calendar!$O$2, 5)<=$O30, 1, 0), 0) -> 0 | AA30: =IF($N30<=Y$3+MOD(COLUMN()-Calendar!$O$2, 5), IF(Y$3+MOD(COLUMN()-Calendar!$O$2, 5)<=$O30, 1, 0), 0) -> 0 | AB30: =IF($N30<=Y$3+MOD(COLUMN()-Calendar!$O$2, 5), IF(Y$3+MOD(COLUMN()-Calendar!$O$2, 5)<=$O30, 1, 0), 0) -> 0 | AC30: =IF($N30<=Y$3+MOD(COLUMN()-Calendar!$O$2, 5), IF(Y$3+MOD(COLUMN()-Calendar!$O$2, 5)<=$O30, 1, 0), 0) -> 0 | AD30: =IF($N30<=AD$3+MOD(COLUMN()-Calendar!$O$2, 5), IF(AD$3+MOD(COLUMN()-Calendar!$O$2, 5)<=$O30, 1, 0), 0) -> 0 | AE30: =IF($N30<=AD$3+MOD(COLUMN()-Calendar!$O$2, 5), IF(AD$3+MOD(COLUMN()-Calendar!$O$2, 5)<=$O30, 1, 0), 0) -> 0 | AF30: =IF($N30<=AD$3+MOD(COLUMN()-Calendar!$O$2, 5), IF(AD$3+MOD(COLUMN()-Calendar!$O$2, 5)<=$O30, 1, 0), 0) -> 0 | AG30: =IF($N30<=AD$3+MOD(COLUMN()-Calendar!$O$2, 5), IF(AD$3+MOD(COLUMN()-Calendar!$O$2, 5)<=$O30, 1, 0), 0) -> 0 | AH30: =IF($N30<=AD$3+MOD(COLUMN()-Calendar!$O$2, 5), IF(AD$3+MOD(COLUMN()-Calendar!$O$2, 5)<=$O30, 1, 0), 0) -> 0 | AI30: =IF($N30<=AI$3+MOD(COLUMN()-Calendar!$O$2, 5), IF(AI$3+MOD(COLUMN()-Calendar!$O$2, 5)<=$O30, 1, 0), 0) -> 1 | AJ30: =IF($N30<=AI$3+MOD(COLUMN()-Calendar!$O$2, 5), IF(AI$3+MOD(COLUMN()-Calendar!$O$2, 5)<=$O30, 1, 0), 0) -> 1 | AK30: =IF($N30<=AI$3+MOD(COLUMN()-Calendar!$O$2, 5), IF(AI$3+MOD(COLUMN()-Calendar!$O$2, 5)<=$O30, 1, 0), 0) -> 1 | AL30: =IF($N30<=AI$3+MOD(COLUMN()-Calendar!$O$2, 5), IF(AI$3+MOD(COLUMN()-Calendar!$O$2, 5)<=$O30, 1, 0), 0) -> 1 | AM30: =IF($N30<=AI$3+MOD(COLUMN()-Calendar!$O$2, 5), IF(AI$3+MOD(COLUMN()-Calendar!$O$2, 5)<=$O30, 1, 0), 0) -> 1 | AN30: =IF($N30<=AN$3+MOD(COLUMN()-Calendar!$O$2, 5), IF(AN$3+MOD(COLUMN()-Calendar!$O$2, 5)<=$O30, 1, 0), 0) -> 1 | AO30: =IF($N30<=AN$3+MOD(COLUMN()-Calendar!$O$2, 5), IF(AN$3+MOD(COLUMN()-Calendar!$O$2, 5)<=$O30, 1, 0), 0) -> 1 | AP30: =IF($N30<=AN$3+MOD(COLUMN()-Calendar!$O$2, 5), IF(AN$3+MOD(COLUMN()-Calendar!$O$2, 5)<=$O30, 1, 0), 0) -> 1 | AQ30: =IF($N30<=AN$3+MOD(COLUMN()-Calendar!$O$2, 5), IF(AN$3+MOD(COLUMN()-Calendar!$O$2, 5)<=$O30, 1, 0), 0) -> 1 | AR30: =IF($N30<=AN$3+MOD(COLUMN()-Calendar!$O$2, 5), IF(AN$3+MOD(COLUMN()-Calendar!$O$2, 5)<=$O30, 1, 0), 0) -> 1 | AS30: =IF($N30<=AS$3+MOD(COLUMN()-Calendar!$O$2, 5), IF(AS$3+MOD(COLUMN()-Calendar!$O$2, 5)<=$O30, 1, 0), 0) -> 1 | AT30: =IF($N30<=AS$3+MOD(COLUMN()-Calendar!$O$2, 5), IF(AS$3+MOD(COLUMN()-Calendar!$O$2, 5)<=$O30, 1, 0), 0) -> 1 | AU30: =IF($N30<=AS$3+MOD(COLUMN()-Calendar!$O$2, 5), IF(AS$3+MOD(COLUMN()-Calendar!$O$2, 5)<=$O30, 1, 0), 0) -> 0 | AV30: =IF($N30<=AS$3+MOD(COLUMN()-Calendar!$O$2, 5), IF(AS$3+MOD(COLUMN()-Calendar!$O$2, 5)<=$O30, 1, 0), 0) -> 0 | AW30: =IF($N30<=AS$3+MOD(COLUMN()-Calendar!$O$2, 5), IF(AS$3+MOD(COLUMN()-Calendar!$O$2, 5)<=$O30, 1, 0), 0) -> 0
B31: 4000 | C31: 4100 | D31: 개발 | N31: =MIN(N32:N39) -> 46307 | O31: =MAX(O32:O44) -> 46318 | P31: =IF(O31<>"", NETWORKDAYS(N31,O31,Calendar!$L$2:$L$43), "") -> 10 | Q31: =IF(C31<=9999,Q30, LEFT( C31, 2)) -> 구축 | R31: =IF(T31=4, VLOOKUP(O31, '주별 진척률'!$A$11:$B$169, 2, 0), "") | S31: =IF(T31=4, IFERROR(VLOOKUP(W31, '주별 진척률'!$A$11:$B$169, 2, 0), ""), "") | T31: =IF(IFERROR(VALUE(E31), 0)>=1000, IF(IFERROR(VALUE(E31), 0)<=9999, 4, IF(RIGHT(D31,1)="0", 3, IF(RIGHT(C31,2)="00", 2, IF(RIGHT(B31,3)="000", 1, 0)))), IF(RIGHT(D31,1)="0", 3, IF(RIGHT(C31,2)="00", 2, IF(RIGHT(B31,3)="000", 1, 0)))) -> 2 | U31: =((1+(O31-N31))/(1+(MAX($O$5:$O$65)-MIN($N$5:$N$65)))) -> 0.4 | V31: =MIN(V32:V39) -> 0 | W31: =MAX(W32:W39) -> 0 | X31: =IF(W31<>"", NETWORKDAYS(V31,W31,Calendar!$L$2:$L$43), "") -> 0 | Y31: =IF($N31<=Y$3+MOD(COLUMN()-Calendar!$O$2, 5), IF(Y$3+MOD(COLUMN()-Calendar!$O$2, 5)<=$O31, 1, 0), 0) -> 0 | Z31: =IF($N31<=Y$3+MOD(COLUMN()-Calendar!$O$2, 5), IF(Y$3+MOD(COLUMN()-Calendar!$O$2, 5)<=$O31, 1, 0), 0) -> 0 | AA31: =IF($N31<=Y$3+MOD(COLUMN()-Calendar!$O$2, 5), IF(Y$3+MOD(COLUMN()-Calendar!$O$2, 5)<=$O31, 1, 0), 0) -> 0 | AB31: =IF($N31<=Y$3+MOD(COLUMN()-Calendar!$O$2, 5), IF(Y$3+MOD(COLUMN()-Calendar!$O$2, 5)<=$O31, 1, 0), 0) -> 0 | AC31: =IF($N31<=Y$3+MOD(COLUMN()-Calendar!$O$2, 5), IF(Y$3+MOD(COLUMN()-Calendar!$O$2, 5)<=$O31, 1, 0), 0) -> 0 | AD31: =IF($N31<=AD$3+MOD(COLUMN()-Calendar!$O$2, 5), IF(AD$3+MOD(COLUMN()-Calendar!$O$2, 5)<=$O31, 1, 0), 0) -> 0 | AE31: =IF($N31<=AD$3+MOD(COLUMN()-Calendar!$O$2, 5), IF(AD$3+MOD(COLUMN()-Calendar!$O$2, 5)<=$O31, 1, 0), 0) -> 0 | AF31: =IF($N31<=AD$3+MOD(COLUMN()-Calendar!$O$2, 5), IF(AD$3+MOD(COLUMN()-Calendar!$O$2, 5)<=$O31, 1, 0), 0) -> 0 | AG31: =IF($N31<=AD$3+MOD(COLUMN()-Calendar!$O$2, 5), IF(AD$3+MOD(COLUMN()-Calendar!$O$2, 5)<=$O31, 1, 0), 0) -> 0 | AH31: =IF($N31<=AD$3+MOD(COLUMN()-Calendar!$O$2, 5), IF(AD$3+MOD(COLUMN()-Calendar!$O$2, 5)<=$O31, 1, 0), 0) -> 0 | AI31: =IF($N31<=AI$3+MOD(COLUMN()-Calendar!$O$2, 5), IF(AI$3+MOD(COLUMN()-Calendar!$O$2, 5)<=$O31, 1, 0), 0) -> 1 | AJ31: =IF($N31<=AI$3+MOD(COLUMN()-Calendar!$O$2, 5), IF(AI$3+MOD(COLUMN()-Calendar!$O$2, 5)<=$O31, 1, 0), 0) -> 1 | AK31: =IF($N31<=AI$3+MOD(COLUMN()-Calendar!$O$2, 5), IF(AI$3+MOD(COLUMN()-Calendar!$O$2, 5)<=$O31, 1, 0), 0) -> 1 | AL31: =IF($N31<=AI$3+MOD(COLUMN()-Calendar!$O$2, 5), IF(AI$3+MOD(COLUMN()-Calendar!$O$2, 5)<=$O31, 1, 0), 0) -> 1 | AM31: =IF($N31<=AI$3+MOD(COLUMN()-Calendar!$O$2, 5), IF(AI$3+MOD(COLUMN()-Calendar!$O$2, 5)<=$O31, 1, 0), 0) -> 1 | AN31: =IF($N31<=AN$3+MOD(COLUMN()-Calendar!$O$2, 5), IF(AN$3+MOD(COLUMN()-Calendar!$O$2, 5)<=$O31, 1, 0), 0) -> 1 | AO31: =IF($N31<=AN$3+MOD(COLUMN()-Calendar!$O$2, 5), IF(AN$3+MOD(COLUMN()-Calendar!$O$2, 5)<=$O31, 1, 0), 0) -> 1 | AP31: =IF($N31<=AN$3+MOD(COLUMN()-Calendar!$O$2, 5), IF(AN$3+MOD(COLUMN()-Calendar!$O$2, 5)<=$O31, 1, 0), 0) -> 1 | AQ31: =IF($N31<=AN$3+MOD(COLUMN()-Calendar!$O$2, 5), IF(AN$3+MOD(COLUMN()-Calendar!$O$2, 5)<=$O31, 1, 0), 0) -> 1 | AR31: =IF($N31<=AN$3+MOD(COLUMN()-Calendar!$O$2, 5), IF(AN$3+MOD(COLUMN()-Calendar!$O$2, 5)<=$O31, 1, 0), 0) -> 1 | AS31: =IF($N31<=AS$3+MOD(COLUMN()-Calendar!$O$2, 5), IF(AS$3+MOD(COLUMN()-Calendar!$O$2, 5)<=$O31, 1, 0), 0) -> 0 | AT31: =IF($N31<=AS$3+MOD(COLUMN()-Calendar!$O$2, 5), IF(AS$3+MOD(COLUMN()-Calendar!$O$2, 5)<=$O31, 1, 0), 0) -> 0 | AU31: =IF($N31<=AS$3+MOD(COLUMN()-Calendar!$O$2, 5), IF(AS$3+MOD(COLUMN()-Calendar!$O$2, 5)<=$O31, 1, 0), 0) -> 0 | AV31: =IF($N31<=AS$3+MOD(COLUMN()-Calendar!$O$2, 5), IF(AS$3+MOD(COLUMN()-Calendar!$O$2, 5)<=$O31, 1, 0), 0) -> 0 | AW31: =IF($N31<=AS$3+MOD(COLUMN()-Calendar!$O$2, 5), IF(AS$3+MOD(COLUMN()-Calendar!$O$2, 5)<=$O31, 1, 0), 0) -> 0
B32: 4000 | C32: 4100 | D32: 4110 | E32: RDS Map 개발 및 단위테스트 | I32: 소스코드 | N32: =MIN(N33:N39) -> 46307 | O32: =MAX(O33:O39) -> 46318 | P32: =IF(O32<>"", NETWORKDAYS(N32,O32,Calendar!$L$2:$L$43), "") -> 10 | Q32: =IF(C32<=9999, Q31, LEFT(C32, 2)) -> 구축 | R32: =IF(T32=4, VLOOKUP(O32, '주별 진척률'!$A$11:$B$169, 2, 0), "") | S32: =IF(T32=4, IFERROR(VLOOKUP(W32, '주별 진척률'!$A$11:$B$169, 2, 0), ""), "") | T32: =IF(IFERROR(VALUE(E32), 0)>=1000, IF(IFERROR(VALUE(E32), 0)<=9999, 4, IF(RIGHT(D32,1)="0", 3, IF(RIGHT(C32,2)="00", 2, IF(RIGHT(B32,3)="000", 1, 0)))), IF(RIGHT(D32,1)="0", 3, IF(RIGHT(C32,2)="00", 2, IF(RIGHT(B32,3)="000", 1, 0)))) -> 3 | U32: =((1+(O32-N32))/(1+(MAX($O$5:$O$65)-MIN($N$5:$N$65)))) -> 0.4 | V32: =MIN(V33:V39) -> 0 | W32: =MAX(W33:W39) -> 0 | X32: =IF(W32<>"", NETWORKDAYS(V32,W32,Calendar!$L$2:$L$43), "") -> 0 | Y32: =IF($N32<=Y$3+MOD(COLUMN()-Calendar!$O$2, 5), IF(Y$3+MOD(COLUMN()-Calendar!$O$2, 5)<=$O32, 1, 0), 0) -> 0 | Z32: =IF($N32<=Y$3+MOD(COLUMN()-Calendar!$O$2, 5), IF(Y$3+MOD(COLUMN()-Calendar!$O$2, 5)<=$O32, 1, 0), 0) -> 0 | AA32: =IF($N32<=Y$3+MOD(COLUMN()-Calendar!$O$2, 5), IF(Y$3+MOD(COLUMN()-Calendar!$O$2, 5)<=$O32, 1, 0), 0) -> 0 | AB32: =IF($N32<=Y$3+MOD(COLUMN()-Calendar!$O$2, 5), IF(Y$3+MOD(COLUMN()-Calendar!$O$2, 5)<=$O32, 1, 0), 0) -> 0 | AC32: =IF($N32<=Y$3+MOD(COLUMN()-Calendar!$O$2, 5), IF(Y$3+MOD(COLUMN()-Calendar!$O$2, 5)<=$O32, 1, 0), 0) -> 0 | AD32: =IF($N32<=AD$3+MOD(COLUMN()-Calendar!$O$2, 5), IF(AD$3+MOD(COLUMN()-Calendar!$O$2, 5)<=$O32, 1, 0), 0) -> 0 | AE32: =IF($N32<=AD$3+MOD(COLUMN()-Calendar!$O$2, 5), IF(AD$3+MOD(COLUMN()-Calendar!$O$2, 5)<=$O32, 1, 0), 0) -> 0 | AF32: =IF($N32<=AD$3+MOD(COLUMN()-Calendar!$O$2, 5), IF(AD$3+MOD(COLUMN()-Calendar!$O$2, 5)<=$O32, 1, 0), 0) -> 0 | AG32: =IF($N32<=AD$3+MOD(COLUMN()-Calendar!$O$2, 5), IF(AD$3+MOD(COLUMN()-Calendar!$O$2, 5)<=$O32, 1, 0), 0) -> 0 | AH32: =IF($N32<=AD$3+MOD(COLUMN()-Calendar!$O$2, 5), IF(AD$3+MOD(COLUMN()-Calendar!$O$2, 5)<=$O32, 1, 0), 0) -> 0 | AI32: =IF($N32<=AI$3+MOD(COLUMN()-Calendar!$O$2, 5), IF(AI$3+MOD(COLUMN()-Calendar!$O$2, 5)<=$O32, 1, 0), 0) -> 1 | AJ32: =IF($N32<=AI$3+MOD(COLUMN()-Calendar!$O$2, 5), IF(AI$3+MOD(COLUMN()-Calendar!$O$2, 5)<=$O32, 1, 0), 0) -> 1 | AK32: =IF($N32<=AI$3+MOD(COLUMN()-Calendar!$O$2, 5), IF(AI$3+MOD(COLUMN()-Calendar!$O$2, 5)<=$O32, 1, 0), 0) -> 1 | AL32: =IF($N32<=AI$3+MOD(COLUMN()-Calendar!$O$2, 5), IF(AI$3+MOD(COLUMN()-Calendar!$O$2, 5)<=$O32, 1, 0), 0) -> 1 | AM32: =IF($N32<=AI$3+MOD(COLUMN()-Calendar!$O$2, 5), IF(AI$3+MOD(COLUMN()-Calendar!$O$2, 5)<=$O32, 1, 0), 0) -> 1 | AN32: =IF($N32<=AN$3+MOD(COLUMN()-Calendar!$O$2, 5), IF(AN$3+MOD(COLUMN()-Calendar!$O$2, 5)<=$O32, 1, 0), 0) -> 1 | AO32: =IF($N32<=AN$3+MOD(COLUMN()-Calendar!$O$2, 5), IF(AN$3+MOD(COLUMN()-Calendar!$O$2, 5)<=$O32, 1, 0), 0) -> 1 | AP32: =IF($N32<=AN$3+MOD(COLUMN()-Calendar!$O$2, 5), IF(AN$3+MOD(COLUMN()-Calendar!$O$2, 5)<=$O32, 1, 0), 0) -> 1 | AQ32: =IF($N32<=AN$3+MOD(COLUMN()-Calendar!$O$2, 5), IF(AN$3+MOD(COLUMN()-Calendar!$O$2, 5)<=$O32, 1, 0), 0) -> 1 | AR32: =IF($N32<=AN$3+MOD(COLUMN()-Calendar!$O$2, 5), IF(AN$3+MOD(COLUMN()-Calendar!$O$2, 5)<=$O32, 1, 0), 0) -> 1 | AS32: =IF($N32<=AS$3+MOD(COLUMN()-Calendar!$O$2, 5), IF(AS$3+MOD(COLUMN()-Calendar!$O$2, 5)<=$O32, 1, 0), 0) -> 0 | AT32: =IF($N32<=AS$3+MOD(COLUMN()-Calendar!$O$2, 5), IF(AS$3+MOD(COLUMN()-Calendar!$O$2, 5)<=$O32, 1, 0), 0) -> 0 | AU32: =IF($N32<=AS$3+MOD(COLUMN()-Calendar!$O$2, 5), IF(AS$3+MOD(COLUMN()-Calendar!$O$2, 5)<=$O32, 1, 0), 0) -> 0 | AV32: =IF($N32<=AS$3+MOD(COLUMN()-Calendar!$O$2, 5), IF(AS$3+MOD(COLUMN()-Calendar!$O$2, 5)<=$O32, 1, 0), 0) -> 0 | AW32: =IF($N32<=AS$3+MOD(COLUMN()-Calendar!$O$2, 5), IF(AS$3+MOD(COLUMN()-Calendar!$O$2, 5)<=$O32, 1, 0), 0) -> 0
B33: 4000 | C33: 4100 | D33: 4110 | E33: 4111 | F33: File Parsing 및 데이터 처리 기반 개발 | N33: 46307 | O33: 46318 | P33: =IF(O33<>"", NETWORKDAYS(N33,O33,Calendar!$L$2:$L$43), "") -> 10 | Q33: =IF(C33<=9999, Q32, LEFT(C33, 2)) -> 구축 | R33: =IF(T33=4, VLOOKUP(O33, '주별 진척률'!$A$11:$B$169, 2, 0), "") -> W04 | S33: =IF(T33=4, IFERROR(VLOOKUP(W33, '주별 진척률'!$A$11:$B$169, 2, 0), ""), "") | T33: =IF(IFERROR(VALUE(E33), 0)>=1000, IF(IFERROR(VALUE(E33), 0)<=9999, 4, IF(RIGHT(D33,1)="0", 3, IF(RIGHT(C33,2)="00", 2, IF(RIGHT(B33,3)="000", 1, 0)))), IF(RIGHT(D33,1)="0", 3, IF(RIGHT(C33,2)="00", 2, IF(RIGHT(B33,3)="000", 1, 0)))) -> 4 | U33: =((1+(O33-N33))/(1+(MAX($O$5:$O$65)-MIN($N$5:$N$65)))) -> 0.4 | X33: =IF(W33<>"", NETWORKDAYS(V33,W33,Calendar!$L$2:$L$43), "") | Y33: =IF($N33<=Y$3+MOD(COLUMN()-Calendar!$O$2, 5), IF(Y$3+MOD(COLUMN()-Calendar!$O$2, 5)<=$O33, 1, 0), 0) -> 0 | Z33: =IF($N33<=Y$3+MOD(COLUMN()-Calendar!$O$2, 5), IF(Y$3+MOD(COLUMN()-Calendar!$O$2, 5)<=$O33, 1, 0), 0) -> 0 | AA33: =IF($N33<=Y$3+MOD(COLUMN()-Calendar!$O$2, 5), IF(Y$3+MOD(COLUMN()-Calendar!$O$2, 5)<=$O33, 1, 0), 0) -> 0 | AB33: =IF($N33<=Y$3+MOD(COLUMN()-Calendar!$O$2, 5), IF(Y$3+MOD(COLUMN()-Calendar!$O$2, 5)<=$O33, 1, 0), 0) -> 0 | AC33: =IF($N33<=Y$3+MOD(COLUMN()-Calendar!$O$2, 5), IF(Y$3+MOD(COLUMN()-Calendar!$O$2, 5)<=$O33, 1, 0), 0) -> 0 | AD33: =IF($N33<=AD$3+MOD(COLUMN()-Calendar!$O$2, 5), IF(AD$3+MOD(COLUMN()-Calendar!$O$2, 5)<=$O33, 1, 0), 0) -> 0 | AE33: =IF($N33<=AD$3+MOD(COLUMN()-Calendar!$O$2, 5), IF(AD$3+MOD(COLUMN()-Calendar!$O$2, 5)<=$O33, 1, 0), 0) -> 0 | AF33: =IF($N33<=AD$3+MOD(COLUMN()-Calendar!$O$2, 5), IF(AD$3+MOD(COLUMN()-Calendar!$O$2, 5)<=$O33, 1, 0), 0) -> 0 | AG33: =IF($N33<=AD$3+MOD(COLUMN()-Calendar!$O$2, 5), IF(AD$3+MOD(COLUMN()-Calendar!$O$2, 5)<=$O33, 1, 0), 0) -> 0 | AH33: =IF($N33<=AD$3+MOD(COLUMN()-Calendar!$O$2, 5), IF(AD$3+MOD(COLUMN()-Calendar!$O$2, 5)<=$O33, 1, 0), 0) -> 0 | AI33: =IF($N33<=AI$3+MOD(COLUMN()-Calendar!$O$2, 5), IF(AI$3+MOD(COLUMN()-Calendar!$O$2, 5)<=$O33, 1, 0), 0) -> 1 | AJ33: =IF($N33<=AI$3+MOD(COLUMN()-Calendar!$O$2, 5), IF(AI$3+MOD(COLUMN()-Calendar!$O$2, 5)<=$O33, 1, 0), 0) -> 1 | AK33: =IF($N33<=AI$3+MOD(COLUMN()-Calendar!$O$2, 5), IF(AI$3+MOD(COLUMN()-Calendar!$O$2, 5)<=$O33, 1, 0), 0) -> 1 | AL33: =IF($N33<=AI$3+MOD(COLUMN()-Calendar!$O$2, 5), IF(AI$3+MOD(COLUMN()-Calendar!$O$2, 5)<=$O33, 1, 0), 0) -> 1 | AM33: =IF($N33<=AI$3+MOD(COLUMN()-Calendar!$O$2, 5), IF(AI$3+MOD(COLUMN()-Calendar!$O$2, 5)<=$O33, 1, 0), 0) -> 1 | AN33: =IF($N33<=AN$3+MOD(COLUMN()-Calendar!$O$2, 5), IF(AN$3+MOD(COLUMN()-Calendar!$O$2, 5)<=$O33, 1, 0), 0) -> 1 | AO33: =IF($N33<=AN$3+MOD(COLUMN()-Calendar!$O$2, 5), IF(AN$3+MOD(COLUMN()-Calendar!$O$2, 5)<=$O33, 1, 0), 0) -> 1 | AP33: =IF($N33<=AN$3+MOD(COLUMN()-Calendar!$O$2, 5), IF(AN$3+MOD(COLUMN()-Calendar!$O$2, 5)<=$O33, 1, 0), 0) -> 1 | AQ33: =IF($N33<=AN$3+MOD(COLUMN()-Calendar!$O$2, 5), IF(AN$3+MOD(COLUMN()-Calendar!$O$2, 5)<=$O33, 1, 0), 0) -> 1 | AR33: =IF($N33<=AN$3+MOD(COLUMN()-Calendar!$O$2, 5), IF(AN$3+MOD(COLUMN()-Calendar!$O$2, 5)<=$O33, 1, 0), 0) -> 1 | AS33: =IF($N33<=AS$3+MOD(COLUMN()-Calendar!$O$2, 5), IF(AS$3+MOD(COLUMN()-Calendar!$O$2, 5)<=$O33, 1, 0), 0) -> 0 | AT33: =IF($N33<=AS$3+MOD(COLUMN()-Calendar!$O$2, 5), IF(AS$3+MOD(COLUMN()-Calendar!$O$2, 5)<=$O33, 1, 0), 0) -> 0 | AU33: =IF($N33<=AS$3+MOD(COLUMN()-Calendar!$O$2, 5), IF(AS$3+MOD(COLUMN()-Calendar!$O$2, 5)<=$O33, 1, 0), 0) -> 0 | AV33: =IF($N33<=AS$3+MOD(COLUMN()-Calendar!$O$2, 5), IF(AS$3+MOD(COLUMN()-Calendar!$O$2, 5)<=$O33, 1, 0), 0) -> 0 | AW33: =IF($N33<=AS$3+MOD(COLUMN()-Calendar!$O$2, 5), IF(AS$3+MOD(COLUMN()-Calendar!$O$2, 5)<=$O33, 1, 0), 0) -> 0
E34: 4112 | F34: Map Drawing Control 기능 개발 | N34: 46307 | O34: 46318 | P34: =IF(O34<>"", NETWORKDAYS(N34,O34,Calendar!$L$2:$L$43), "") -> 10 | Q34: =IF(C34<=9999, Q33, LEFT(C34, 2)) -> 구축 | R34: =IF(T34=4, VLOOKUP(O34, '주별 진척률'!$A$11:$B$169, 2, 0), "") -> W04 | S34: =IF(T34=4, IFERROR(VLOOKUP(W34, '주별 진척률'!$A$11:$B$169, 2, 0), ""), "") | T34: =IF(IFERROR(VALUE(E34), 0)>=1000, IF(IFERROR(VALUE(E34), 0)<=9999, 4, IF(RIGHT(D34,1)="0", 3, IF(RIGHT(C34,2)="00", 2, IF(RIGHT(B34,3)="000", 1, 0)))), IF(RIGHT(D34,1)="0", 3, IF(RIGHT(C34,2)="00", 2, IF(RIGHT(B34,3)="000", 1, 0)))) -> 4 | U34: =((1+(O34-N34))/(1+(MAX($O$5:$O$65)-MIN($N$5:$N$65)))) -> 0.4 | Y34: =IF($N34<=Y$3+MOD(COLUMN()-Calendar!$O$2, 5), IF(Y$3+MOD(COLUMN()-Calendar!$O$2, 5)<=$O34, 1, 0), 0) -> 0 | Z34: =IF($N34<=Y$3+MOD(COLUMN()-Calendar!$O$2, 5), IF(Y$3+MOD(COLUMN()-Calendar!$O$2, 5)<=$O34, 1, 0), 0) -> 0 | AA34: =IF($N34<=Y$3+MOD(COLUMN()-Calendar!$O$2, 5), IF(Y$3+MOD(COLUMN()-Calendar!$O$2, 5)<=$O34, 1, 0), 0) -> 0 | AB34: =IF($N34<=Y$3+MOD(COLUMN()-Calendar!$O$2, 5), IF(Y$3+MOD(COLUMN()-Calendar!$O$2, 5)<=$O34, 1, 0), 0) -> 0 | AC34: =IF($N34<=Y$3+MOD(COLUMN()-Calendar!$O$2, 5), IF(Y$3+MOD(COLUMN()-Calendar!$O$2, 5)<=$O34, 1, 0), 0) -> 0 | AD34: =IF($N34<=AD$3+MOD(COLUMN()-Calendar!$O$2, 5), IF(AD$3+MOD(COLUMN()-Calendar!$O$2, 5)<=$O34, 1, 0), 0) -> 0 | AE34: =IF($N34<=AD$3+MOD(COLUMN()-Calendar!$O$2, 5), IF(AD$3+MOD(COLUMN()-Calendar!$O$2, 5)<=$O34, 1, 0), 0) -> 0 | AF34: =IF($N34<=AD$3+MOD(COLUMN()-Calendar!$O$2, 5), IF(AD$3+MOD(COLUMN()-Calendar!$O$2, 5)<=$O34, 1, 0), 0) -> 0 | AG34: =IF($N34<=AD$3+MOD(COLUMN()-Calendar!$O$2, 5), IF(AD$3+MOD(COLUMN()-Calendar!$O$2, 5)<=$O34, 1, 0), 0) -> 0 | AH34: =IF($N34<=AD$3+MOD(COLUMN()-Calendar!$O$2, 5), IF(AD$3+MOD(COLUMN()-Calendar!$O$2, 5)<=$O34, 1, 0), 0) -> 0 | AI34: =IF($N34<=AI$3+MOD(COLUMN()-Calendar!$O$2, 5), IF(AI$3+MOD(COLUMN()-Calendar!$O$2, 5)<=$O34, 1, 0), 0) -> 1 | AJ34: =IF($N34<=AI$3+MOD(COLUMN()-Calendar!$O$2, 5), IF(AI$3+MOD(COLUMN()-Calendar!$O$2, 5)<=$O34, 1, 0), 0) -> 1 | AK34: =IF($N34<=AI$3+MOD(COLUMN()-Calendar!$O$2, 5), IF(AI$3+MOD(COLUMN()-Calendar!$O$2, 5)<=$O34, 1, 0), 0) -> 1 | AL34: =IF($N34<=AI$3+MOD(COLUMN()-Calendar!$O$2, 5), IF(AI$3+MOD(COLUMN()-Calendar!$O$2, 5)<=$O34, 1, 0), 0) -> 1 | AM34: =IF($N34<=AI$3+MOD(COLUMN()-Calendar!$O$2, 5), IF(AI$3+MOD(COLUMN()-Calendar!$O$2, 5)<=$O34, 1, 0), 0) -> 1 | AN34: =IF($N34<=AN$3+MOD(COLUMN()-Calendar!$O$2, 5), IF(AN$3+MOD(COLUMN()-Calendar!$O$2, 5)<=$O34, 1, 0), 0) -> 1 | AO34: =IF($N34<=AN$3+MOD(COLUMN()-Calendar!$O$2, 5), IF(AN$3+MOD(COLUMN()-Calendar!$O$2, 5)<=$O34, 1, 0), 0) -> 1 | AP34: =IF($N34<=AN$3+MOD(COLUMN()-Calendar!$O$2, 5), IF(AN$3+MOD(COLUMN()-Calendar!$O$2, 5)<=$O34, 1, 0), 0) -> 1 | AQ34: =IF($N34<=AN$3+MOD(COLUMN()-Calendar!$O$2, 5), IF(AN$3+MOD(COLUMN()-Calendar!$O$2, 5)<=$O34, 1, 0), 0) -> 1 | AR34: =IF($N34<=AN$3+MOD(COLUMN()-Calendar!$O$2, 5), IF(AN$3+MOD(COLUMN()-Calendar!$O$2, 5)<=$O34, 1, 0), 0) -> 1 | AS34: =IF($N34<=AS$3+MOD(COLUMN()-Calendar!$O$2, 5), IF(AS$3+MOD(COLUMN()-Calendar!$O$2, 5)<=$O34, 1, 0), 0) -> 0 | AT34: =IF($N34<=AS$3+MOD(COLUMN()-Calendar!$O$2, 5), IF(AS$3+MOD(COLUMN()-Calendar!$O$2, 5)<=$O34, 1, 0), 0) -> 0 | AU34: =IF($N34<=AS$3+MOD(COLUMN()-Calendar!$O$2, 5), IF(AS$3+MOD(COLUMN()-Calendar!$O$2, 5)<=$O34, 1, 0), 0) -> 0 | AV34: =IF($N34<=AS$3+MOD(COLUMN()-Calendar!$O$2, 5), IF(AS$3+MOD(COLUMN()-Calendar!$O$2, 5)<=$O34, 1, 0), 0) -> 0 | AW34: =IF($N34<=AS$3+MOD(COLUMN()-Calendar!$O$2, 5), IF(AS$3+MOD(COLUMN()-Calendar!$O$2, 5)<=$O34, 1, 0), 0) -> 0
E35: 4113 | F35: 기준정보 및 분석 Data 처리 개발 | N35: 46307 | O35: 46318 | P35: =IF(O35<>"", NETWORKDAYS(N35,O35,Calendar!$L$2:$L$43), "") -> 10 | Q35: =IF(C35<=9999, Q34, LEFT(C35, 2)) -> 구축 | R35: =IF(T35=4, VLOOKUP(O35, '주별 진척률'!$A$11:$B$169, 2, 0), "") -> W04 | S35: =IF(T35=4, IFERROR(VLOOKUP(W35, '주별 진척률'!$A$11:$B$169, 2, 0), ""), "") | T35: =IF(IFERROR(VALUE(E35), 0)>=1000, IF(IFERROR(VALUE(E35), 0)<=9999, 4, IF(RIGHT(D35,1)="0", 3, IF(RIGHT(C35,2)="00", 2, IF(RIGHT(B35,3)="000", 1, 0)))), IF(RIGHT(D35,1)="0", 3, IF(RIGHT(C35,2)="00", 2, IF(RIGHT(B35,3)="000", 1, 0)))) -> 4 | U35: =((1+(O35-N35))/(1+(MAX($O$5:$O$65)-MIN($N$5:$N$65)))) -> 0.4 | Y35: =IF($N35<=Y$3+MOD(COLUMN()-Calendar!$O$2, 5), IF(Y$3+MOD(COLUMN()-Calendar!$O$2, 5)<=$O35, 1, 0), 0) -> 0 | Z35: =IF($N35<=Y$3+MOD(COLUMN()-Calendar!$O$2, 5), IF(Y$3+MOD(COLUMN()-Calendar!$O$2, 5)<=$O35, 1, 0), 0) -> 0 | AA35: =IF($N35<=Y$3+MOD(COLUMN()-Calendar!$O$2, 5), IF(Y$3+MOD(COLUMN()-Calendar!$O$2, 5)<=$O35, 1, 0), 0) -> 0 | AB35: =IF($N35<=Y$3+MOD(COLUMN()-Calendar!$O$2, 5), IF(Y$3+MOD(COLUMN()-Calendar!$O$2, 5)<=$O35, 1, 0), 0) -> 0 | AC35: =IF($N35<=Y$3+MOD(COLUMN()-Calendar!$O$2, 5), IF(Y$3+MOD(COLUMN()-Calendar!$O$2, 5)<=$O35, 1, 0), 0) -> 0 | AD35: =IF($N35<=AD$3+MOD(COLUMN()-Calendar!$O$2, 5), IF(AD$3+MOD(COLUMN()-Calendar!$O$2, 5)<=$O35, 1, 0), 0) -> 0 | AE35: =IF($N35<=AD$3+MOD(COLUMN()-Calendar!$O$2, 5), IF(AD$3+MOD(COLUMN()-Calendar!$O$2, 5)<=$O35, 1, 0), 0) -> 0 | AF35: =IF($N35<=AD$3+MOD(COLUMN()-Calendar!$O$2, 5), IF(AD$3+MOD(COLUMN()-Calendar!$O$2, 5)<=$O35, 1, 0), 0) -> 0 | AG35: =IF($N35<=AD$3+MOD(COLUMN()-Calendar!$O$2, 5), IF(AD$3+MOD(COLUMN()-Calendar!$O$2, 5)<=$O35, 1, 0), 0) -> 0 | AH35: =IF($N35<=AD$3+MOD(COLUMN()-Calendar!$O$2, 5), IF(AD$3+MOD(COLUMN()-Calendar!$O$2, 5)<=$O35, 1, 0), 0) -> 0 | AI35: =IF($N35<=AI$3+MOD(COLUMN()-Calendar!$O$2, 5), IF(AI$3+MOD(COLUMN()-Calendar!$O$2, 5)<=$O35, 1, 0), 0) -> 1 | AJ35: =IF($N35<=AI$3+MOD(COLUMN()-Calendar!$O$2, 5), IF(AI$3+MOD(COLUMN()-Calendar!$O$2, 5)<=$O35, 1, 0), 0) -> 1 | AK35: =IF($N35<=AI$3+MOD(COLUMN()-Calendar!$O$2, 5), IF(AI$3+MOD(COLUMN()-Calendar!$O$2, 5)<=$O35, 1, 0), 0) -> 1 | AL35: =IF($N35<=AI$3+MOD(COLUMN()-Calendar!$O$2, 5), IF(AI$3+MOD(COLUMN()-Calendar!$O$2, 5)<=$O35, 1, 0), 0) -> 1 | AM35: =IF($N35<=AI$3+MOD(COLUMN()-Calendar!$O$2, 5), IF(AI$3+MOD(COLUMN()-Calendar!$O$2, 5)<=$O35, 1, 0), 0) -> 1 | AN35: =IF($N35<=AN$3+MOD(COLUMN()-Calendar!$O$2, 5), IF(AN$3+MOD(COLUMN()-Calendar!$O$2, 5)<=$O35, 1, 0), 0) -> 1 | AO35: =IF($N35<=AN$3+MOD(COLUMN()-Calendar!$O$2, 5), IF(AN$3+MOD(COLUMN()-Calendar!$O$2, 5)<=$O35, 1, 0), 0) -> 1 | AP35: =IF($N35<=AN$3+MOD(COLUMN()-Calendar!$O$2, 5), IF(AN$3+MOD(COLUMN()-Calendar!$O$2, 5)<=$O35, 1, 0), 0) -> 1 | AQ35: =IF($N35<=AN$3+MOD(COLUMN()-Calendar!$O$2, 5), IF(AN$3+MOD(COLUMN()-Calendar!$O$2, 5)<=$O35, 1, 0), 0) -> 1 | AR35: =IF($N35<=AN$3+MOD(COLUMN()-Calendar!$O$2, 5), IF(AN$3+MOD(COLUMN()-Calendar!$O$2, 5)<=$O35, 1, 0), 0) -> 1 | AS35: =IF($N35<=AS$3+MOD(COLUMN()-Calendar!$O$2, 5), IF(AS$3+MOD(COLUMN()-Calendar!$O$2, 5)<=$O35, 1, 0), 0) -> 0 | AT35: =IF($N35<=AS$3+MOD(COLUMN()-Calendar!$O$2, 5), IF(AS$3+MOD(COLUMN()-Calendar!$O$2, 5)<=$O35, 1, 0), 0) -> 0 | AU35: =IF($N35<=AS$3+MOD(COLUMN()-Calendar!$O$2, 5), IF(AS$3+MOD(COLUMN()-Calendar!$O$2, 5)<=$O35, 1, 0), 0) -> 0 | AV35: =IF($N35<=AS$3+MOD(COLUMN()-Calendar!$O$2, 5), IF(AS$3+MOD(COLUMN()-Calendar!$O$2, 5)<=$O35, 1, 0), 0) -> 0 | AW35: =IF($N35<=AS$3+MOD(COLUMN()-Calendar!$O$2, 5), IF(AS$3+MOD(COLUMN()-Calendar!$O$2, 5)<=$O35, 1, 0), 0) -> 0
E36: 4114 | F36: 좌표 변환 및 위치 Mapping 개발 | N36: 46307 | O36: 46318 | P36: =IF(O36<>"", NETWORKDAYS(N36,O36,Calendar!$L$2:$L$43), "") -> 10 | Q36: =IF(C36<=9999, Q35, LEFT(C36, 2)) -> 구축 | R36: =IF(T36=4, VLOOKUP(O36, '주별 진척률'!$A$11:$B$169, 2, 0), "") -> W04 | S36: =IF(T36=4, IFERROR(VLOOKUP(W36, '주별 진척률'!$A$11:$B$169, 2, 0), ""), "") | T36: =IF(IFERROR(VALUE(E36), 0)>=1000, IF(IFERROR(VALUE(E36), 0)<=9999, 4, IF(RIGHT(D36,1)="0", 3, IF(RIGHT(C36,2)="00", 2, IF(RIGHT(B36,3)="000", 1, 0)))), IF(RIGHT(D36,1)="0", 3, IF(RIGHT(C36,2)="00", 2, IF(RIGHT(B36,3)="000", 1, 0)))) -> 4 | U36: =((1+(O36-N36))/(1+(MAX($O$5:$O$65)-MIN($N$5:$N$65)))) -> 0.4 | Y36: =IF($N36<=Y$3+MOD(COLUMN()-Calendar!$O$2, 5), IF(Y$3+MOD(COLUMN()-Calendar!$O$2, 5)<=$O36, 1, 0), 0) -> 0 | Z36: =IF($N36<=Y$3+MOD(COLUMN()-Calendar!$O$2, 5), IF(Y$3+MOD(COLUMN()-Calendar!$O$2, 5)<=$O36, 1, 0), 0) -> 0 | AA36: =IF($N36<=Y$3+MOD(COLUMN()-Calendar!$O$2, 5), IF(Y$3+MOD(COLUMN()-Calendar!$O$2, 5)<=$O36, 1, 0), 0) -> 0 | AB36: =IF($N36<=Y$3+MOD(COLUMN()-Calendar!$O$2, 5), IF(Y$3+MOD(COLUMN()-Calendar!$O$2, 5)<=$O36, 1, 0), 0) -> 0 | AC36: =IF($N36<=Y$3+MOD(COLUMN()-Calendar!$O$2, 5), IF(Y$3+MOD(COLUMN()-Calendar!$O$2, 5)<=$O36, 1, 0), 0) -> 0 | AD36: =IF($N36<=AD$3+MOD(COLUMN()-Calendar!$O$2, 5), IF(AD$3+MOD(COLUMN()-Calendar!$O$2, 5)<=$O36, 1, 0), 0) -> 0 | AE36: =IF($N36<=AD$3+MOD(COLUMN()-Calendar!$O$2, 5), IF(AD$3+MOD(COLUMN()-Calendar!$O$2, 5)<=$O36, 1, 0), 0) -> 0 | AF36: =IF($N36<=AD$3+MOD(COLUMN()-Calendar!$O$2, 5), IF(AD$3+MOD(COLUMN()-Calendar!$O$2, 5)<=$O36, 1, 0), 0) -> 0 | AG36: =IF($N36<=AD$3+MOD(COLUMN()-Calendar!$O$2, 5), IF(AD$3+MOD(COLUMN()-Calendar!$O$2, 5)<=$O36, 1, 0), 0) -> 0 | AH36: =IF($N36<=AD$3+MOD(COLUMN()-Calendar!$O$2, 5), IF(AD$3+MOD(COLUMN()-Calendar!$O$2, 5)<=$O36, 1, 0), 0) -> 0 | AI36: =IF($N36<=AI$3+MOD(COLUMN()-Calendar!$O$2, 5), IF(AI$3+MOD(COLUMN()-Calendar!$O$2, 5)<=$O36, 1, 0), 0) -> 1 | AJ36: =IF($N36<=AI$3+MOD(COLUMN()-Calendar!$O$2, 5), IF(AI$3+MOD(COLUMN()-Calendar!$O$2, 5)<=$O36, 1, 0), 0) -> 1 | AK36: =IF($N36<=AI$3+MOD(COLUMN()-Calendar!$O$2, 5), IF(AI$3+MOD(COLUMN()-Calendar!$O$2, 5)<=$O36, 1, 0), 0) -> 1 | AL36: =IF($N36<=AI$3+MOD(COLUMN()-Calendar!$O$2, 5), IF(AI$3+MOD(COLUMN()-Calendar!$O$2, 5)<=$O36, 1, 0), 0) -> 1 | AM36: =IF($N36<=AI$3+MOD(COLUMN()-Calendar!$O$2, 5), IF(AI$3+MOD(COLUMN()-Calendar!$O$2, 5)<=$O36, 1, 0), 0) -> 1 | AN36: =IF($N36<=AN$3+MOD(COLUMN()-Calendar!$O$2, 5), IF(AN$3+MOD(COLUMN()-Calendar!$O$2, 5)<=$O36, 1, 0), 0) -> 1 | AO36: =IF($N36<=AN$3+MOD(COLUMN()-Calendar!$O$2, 5), IF(AN$3+MOD(COLUMN()-Calendar!$O$2, 5)<=$O36, 1, 0), 0) -> 1 | AP36: =IF($N36<=AN$3+MOD(COLUMN()-Calendar!$O$2, 5), IF(AN$3+MOD(COLUMN()-Calendar!$O$2, 5)<=$O36, 1, 0), 0) -> 1 | AQ36: =IF($N36<=AN$3+MOD(COLUMN()-Calendar!$O$2, 5), IF(AN$3+MOD(COLUMN()-Calendar!$O$2, 5)<=$O36, 1, 0), 0) -> 1 | AR36: =IF($N36<=AN$3+MOD(COLUMN()-Calendar!$O$2, 5), IF(AN$3+MOD(COLUMN()-Calendar!$O$2, 5)<=$O36, 1, 0), 0) -> 1 | AS36: =IF($N36<=AS$3+MOD(COLUMN()-Calendar!$O$2, 5), IF(AS$3+MOD(COLUMN()-Calendar!$O$2, 5)<=$O36, 1, 0), 0) -> 0 | AT36: =IF($N36<=AS$3+MOD(COLUMN()-Calendar!$O$2, 5), IF(AS$3+MOD(COLUMN()-Calendar!$O$2, 5)<=$O36, 1, 0), 0) -> 0 | AU36: =IF($N36<=AS$3+MOD(COLUMN()-Calendar!$O$2, 5), IF(AS$3+MOD(COLUMN()-Calendar!$O$2, 5)<=$O36, 1, 0), 0) -> 0 | AV36: =IF($N36<=AS$3+MOD(COLUMN()-Calendar!$O$2, 5), IF(AS$3+MOD(COLUMN()-Calendar!$O$2, 5)<=$O36, 1, 0), 0) -> 0 | AW36: =IF($N36<=AS$3+MOD(COLUMN()-Calendar!$O$2, 5), IF(AS$3+MOD(COLUMN()-Calendar!$O$2, 5)<=$O36, 1, 0), 0) -> 0
E37: 4115 | F37: Chain 영역 설정 및 분석 기능 개발 | N37: 46307 | O37: 46318 | P37: =IF(O37<>"", NETWORKDAYS(N37,O37,Calendar!$L$2:$L$43), "") -> 10 | Q37: =IF(C37<=9999, Q36, LEFT(C37, 2)) -> 구축 | R37: =IF(T37=4, VLOOKUP(O37, '주별 진척률'!$A$11:$B$169, 2, 0), "") -> W04 | S37: =IF(T37=4, IFERROR(VLOOKUP(W37, '주별 진척률'!$A$11:$B$169, 2, 0), ""), "") | T37: =IF(IFERROR(VALUE(E37), 0)>=1000, IF(IFERROR(VALUE(E37), 0)<=9999, 4, IF(RIGHT(D37,1)="0", 3, IF(RIGHT(C37,2)="00", 2, IF(RIGHT(B37,3)="000", 1, 0)))), IF(RIGHT(D37,1)="0", 3, IF(RIGHT(C37,2)="00", 2, IF(RIGHT(B37,3)="000", 1, 0)))) -> 4 | U37: =((1+(O37-N37))/(1+(MAX($O$5:$O$65)-MIN($N$5:$N$65)))) -> 0.4 | Y37: =IF($N37<=Y$3+MOD(COLUMN()-Calendar!$O$2, 5), IF(Y$3+MOD(COLUMN()-Calendar!$O$2, 5)<=$O37, 1, 0), 0) -> 0 | Z37: =IF($N37<=Y$3+MOD(COLUMN()-Calendar!$O$2, 5), IF(Y$3+MOD(COLUMN()-Calendar!$O$2, 5)<=$O37, 1, 0), 0) -> 0 | AA37: =IF($N37<=Y$3+MOD(COLUMN()-Calendar!$O$2, 5), IF(Y$3+MOD(COLUMN()-Calendar!$O$2, 5)<=$O37, 1, 0), 0) -> 0 | AB37: =IF($N37<=Y$3+MOD(COLUMN()-Calendar!$O$2, 5), IF(Y$3+MOD(COLUMN()-Calendar!$O$2, 5)<=$O37, 1, 0), 0) -> 0 | AC37: =IF($N37<=Y$3+MOD(COLUMN()-Calendar!$O$2, 5), IF(Y$3+MOD(COLUMN()-Calendar!$O$2, 5)<=$O37, 1, 0), 0) -> 0 | AD37: =IF($N37<=AD$3+MOD(COLUMN()-Calendar!$O$2, 5), IF(AD$3+MOD(COLUMN()-Calendar!$O$2, 5)<=$O37, 1, 0), 0) -> 0 | AE37: =IF($N37<=AD$3+MOD(COLUMN()-Calendar!$O$2, 5), IF(AD$3+MOD(COLUMN()-Calendar!$O$2, 5)<=$O37, 1, 0), 0) -> 0 | AF37: =IF($N37<=AD$3+MOD(COLUMN()-Calendar!$O$2, 5), IF(AD$3+MOD(COLUMN()-Calendar!$O$2, 5)<=$O37, 1, 0), 0) -> 0 | AG37: =IF($N37<=AD$3+MOD(COLUMN()-Calendar!$O$2, 5), IF(AD$3+MOD(COLUMN()-Calendar!$O$2, 5)<=$O37, 1, 0), 0) -> 0 | AH37: =IF($N37<=AD$3+MOD(COLUMN()-Calendar!$O$2, 5), IF(AD$3+MOD(COLUMN()-Calendar!$O$2, 5)<=$O37, 1, 0), 0) -> 0 | AI37: =IF($N37<=AI$3+MOD(COLUMN()-Calendar!$O$2, 5), IF(AI$3+MOD(COLUMN()-Calendar!$O$2, 5)<=$O37, 1, 0), 0) -> 1 | AJ37: =IF($N37<=AI$3+MOD(COLUMN()-Calendar!$O$2, 5), IF(AI$3+MOD(COLUMN()-Calendar!$O$2, 5)<=$O37, 1, 0), 0) -> 1 | AK37: =IF($N37<=AI$3+MOD(COLUMN()-Calendar!$O$2, 5), IF(AI$3+MOD(COLUMN()-Calendar!$O$2, 5)<=$O37, 1, 0), 0) -> 1 | AL37: =IF($N37<=AI$3+MOD(COLUMN()-Calendar!$O$2, 5), IF(AI$3+MOD(COLUMN()-Calendar!$O$2, 5)<=$O37, 1, 0), 0) -> 1 | AM37: =IF($N37<=AI$3+MOD(COLUMN()-Calendar!$O$2, 5), IF(AI$3+MOD(COLUMN()-Calendar!$O$2, 5)<=$O37, 1, 0), 0) -> 1 | AN37: =IF($N37<=AN$3+MOD(COLUMN()-Calendar!$O$2, 5), IF(AN$3+MOD(COLUMN()-Calendar!$O$2, 5)<=$O37, 1, 0), 0) -> 1 | AO37: =IF($N37<=AN$3+MOD(COLUMN()-Calendar!$O$2, 5), IF(AN$3+MOD(COLUMN()-Calendar!$O$2, 5)<=$O37, 1, 0), 0) -> 1 | AP37: =IF($N37<=AN$3+MOD(COLUMN()-Calendar!$O$2, 5), IF(AN$3+MOD(COLUMN()-Calendar!$O$2, 5)<=$O37, 1, 0), 0) -> 1 | AQ37: =IF($N37<=AN$3+MOD(COLUMN()-Calendar!$O$2, 5), IF(AN$3+MOD(COLUMN()-Calendar!$O$2, 5)<=$O37, 1, 0), 0) -> 1 | AR37: =IF($N37<=AN$3+MOD(COLUMN()-Calendar!$O$2, 5), IF(AN$3+MOD(COLUMN()-Calendar!$O$2, 5)<=$O37, 1, 0), 0) -> 1 | AS37: =IF($N37<=AS$3+MOD(COLUMN()-Calendar!$O$2, 5), IF(AS$3+MOD(COLUMN()-Calendar!$O$2, 5)<=$O37, 1, 0), 0) -> 0 | AT37: =IF($N37<=AS$3+MOD(COLUMN()-Calendar!$O$2, 5), IF(AS$3+MOD(COLUMN()-Calendar!$O$2, 5)<=$O37, 1, 0), 0) -> 0 | AU37: =IF($N37<=AS$3+MOD(COLUMN()-Calendar!$O$2, 5), IF(AS$3+MOD(COLUMN()-Calendar!$O$2, 5)<=$O37, 1, 0), 0) -> 0 | AV37: =IF($N37<=AS$3+MOD(COLUMN()-Calendar!$O$2, 5), IF(AS$3+MOD(COLUMN()-Calendar!$O$2, 5)<=$O37, 1, 0), 0) -> 0 | AW37: =IF($N37<=AS$3+MOD(COLUMN()-Calendar!$O$2, 5), IF(AS$3+MOD(COLUMN()-Calendar!$O$2, 5)<=$O37, 1, 0), 0) -> 0
B38: 4000 | C38: 4100 | D38: 4110 | E38: 4116 | F38: Offset / Tolerance 적용 기능 개발 | N38: 46307 | O38: 46318 | P38: =IF(O38<>"", NETWORKDAYS(N38,O38,Calendar!$L$2:$L$43), "") -> 10 | Q38: =IF(C38<=9999, Q33, LEFT(C38, 2)) -> 구축 | R38: =IF(T38=4, VLOOKUP(O38, '주별 진척률'!$A$11:$B$169, 2, 0), "") -> W04 | S38: =IF(T38=4, IFERROR(VLOOKUP(W38, '주별 진척률'!$A$11:$B$169, 2, 0), ""), "") | T38: =IF(IFERROR(VALUE(E38), 0)>=1000, IF(IFERROR(VALUE(E38), 0)<=9999, 4, IF(RIGHT(D38,1)="0", 3, IF(RIGHT(C38,2)="00", 2, IF(RIGHT(B38,3)="000", 1, 0)))), IF(RIGHT(D38,1)="0", 3, IF(RIGHT(C38,2)="00", 2, IF(RIGHT(B38,3)="000", 1, 0)))) -> 4 | U38: =((1+(O38-N38))/(1+(MAX($O$5:$O$65)-MIN($N$5:$N$65)))) -> 0.4 | X38: =IF(W38<>"", NETWORKDAYS(V38,W38,Calendar!$L$2:$L$43), "") | Y38: =IF($N38<=Y$3+MOD(COLUMN()-Calendar!$O$2, 5), IF(Y$3+MOD(COLUMN()-Calendar!$O$2, 5)<=$O38, 1, 0), 0) -> 0 | Z38: =IF($N38<=Y$3+MOD(COLUMN()-Calendar!$O$2, 5), IF(Y$3+MOD(COLUMN()-Calendar!$O$2, 5)<=$O38, 1, 0), 0) -> 0 | AA38: =IF($N38<=Y$3+MOD(COLUMN()-Calendar!$O$2, 5), IF(Y$3+MOD(COLUMN()-Calendar!$O$2, 5)<=$O38, 1, 0), 0) -> 0 | AB38: =IF($N38<=Y$3+MOD(COLUMN()-Calendar!$O$2, 5), IF(Y$3+MOD(COLUMN()-Calendar!$O$2, 5)<=$O38, 1, 0), 0) -> 0 | AC38: =IF($N38<=Y$3+MOD(COLUMN()-Calendar!$O$2, 5), IF(Y$3+MOD(COLUMN()-Calendar!$O$2, 5)<=$O38, 1, 0), 0) -> 0 | AD38: =IF($N38<=AD$3+MOD(COLUMN()-Calendar!$O$2, 5), IF(AD$3+MOD(COLUMN()-Calendar!$O$2, 5)<=$O38, 1, 0), 0) -> 0 | AE38: =IF($N38<=AD$3+MOD(COLUMN()-Calendar!$O$2, 5), IF(AD$3+MOD(COLUMN()-Calendar!$O$2, 5)<=$O38, 1, 0), 0) -> 0 | AF38: =IF($N38<=AD$3+MOD(COLUMN()-Calendar!$O$2, 5), IF(AD$3+MOD(COLUMN()-Calendar!$O$2, 5)<=$O38, 1, 0), 0) -> 0 | AG38: =IF($N38<=AD$3+MOD(COLUMN()-Calendar!$O$2, 5), IF(AD$3+MOD(COLUMN()-Calendar!$O$2, 5)<=$O38, 1, 0), 0) -> 0 | AH38: =IF($N38<=AD$3+MOD(COLUMN()-Calendar!$O$2, 5), IF(AD$3+MOD(COLUMN()-Calendar!$O$2, 5)<=$O38, 1, 0), 0) -> 0 | AI38: =IF($N38<=AI$3+MOD(COLUMN()-Calendar!$O$2, 5), IF(AI$3+MOD(COLUMN()-Calendar!$O$2, 5)<=$O38, 1, 0), 0) -> 1 | AJ38: =IF($N38<=AI$3+MOD(COLUMN()-Calendar!$O$2, 5), IF(AI$3+MOD(COLUMN()-Calendar!$O$2, 5)<=$O38, 1, 0), 0) -> 1 | AK38: =IF($N38<=AI$3+MOD(COLUMN()-Calendar!$O$2, 5), IF(AI$3+MOD(COLUMN()-Calendar!$O$2, 5)<=$O38, 1, 0), 0) -> 1 | AL38: =IF($N38<=AI$3+MOD(COLUMN()-Calendar!$O$2, 5), IF(AI$3+MOD(COLUMN()-Calendar!$O$2, 5)<=$O38, 1, 0), 0) -> 1 | AM38: =IF($N38<=AI$3+MOD(COLUMN()-Calendar!$O$2, 5), IF(AI$3+MOD(COLUMN()-Calendar!$O$2, 5)<=$O38, 1, 0), 0) -> 1 | AN38: =IF($N38<=AN$3+MOD(COLUMN()-Calendar!$O$2, 5), IF(AN$3+MOD(COLUMN()-Calendar!$O$2, 5)<=$O38, 1, 0), 0) -> 1 | AO38: =IF($N38<=AN$3+MOD(COLUMN()-Calendar!$O$2, 5), IF(AN$3+MOD(COLUMN()-Calendar!$O$2, 5)<=$O38, 1, 0), 0) -> 1 | AP38: =IF($N38<=AN$3+MOD(COLUMN()-Calendar!$O$2, 5), IF(AN$3+MOD(COLUMN()-Calendar!$O$2, 5)<=$O38, 1, 0), 0) -> 1 | AQ38: =IF($N38<=AN$3+MOD(COLUMN()-Calendar!$O$2, 5), IF(AN$3+MOD(COLUMN()-Calendar!$O$2, 5)<=$O38, 1, 0), 0) -> 1 | AR38: =IF($N38<=AN$3+MOD(COLUMN()-Calendar!$O$2, 5), IF(AN$3+MOD(COLUMN()-Calendar!$O$2, 5)<=$O38, 1, 0), 0) -> 1 | AS38: =IF($N38<=AS$3+MOD(COLUMN()-Calendar!$O$2, 5), IF(AS$3+MOD(COLUMN()-Calendar!$O$2, 5)<=$O38, 1, 0), 0) -> 0 | AT38: =IF($N38<=AS$3+MOD(COLUMN()-Calendar!$O$2, 5), IF(AS$3+MOD(COLUMN()-Calendar!$O$2, 5)<=$O38, 1, 0), 0) -> 0 | AU38: =IF($N38<=AS$3+MOD(COLUMN()-Calendar!$O$2, 5), IF(AS$3+MOD(COLUMN()-Calendar!$O$2, 5)<=$O38, 1, 0), 0) -> 0 | AV38: =IF($N38<=AS$3+MOD(COLUMN()-Calendar!$O$2, 5), IF(AS$3+MOD(COLUMN()-Calendar!$O$2, 5)<=$O38, 1, 0), 0) -> 0 | AW38: =IF($N38<=AS$3+MOD(COLUMN()-Calendar!$O$2, 5), IF(AS$3+MOD(COLUMN()-Calendar!$O$2, 5)<=$O38, 1, 0), 0) -> 0
B39: 4000 | C39: 4100 | D39: 4110 | E39: 4117 | F39: Correlation Logic 개발 | N39: 46307 | O39: 46318 | P39: =IF(O39<>"", NETWORKDAYS(N39,O39,Calendar!$L$2:$L$43), "") -> 10 | Q39: =IF(C39<=9999, Q38, LEFT(C39, 2)) -> 구축 | R39: =IF(T39=4, VLOOKUP(O39, '주별 진척률'!$A$11:$B$169, 2, 0), "") -> W04 | S39: =IF(T39=4, IFERROR(VLOOKUP(W39, '주별 진척률'!$A$11:$B$169, 2, 0), ""), "") | T39: =IF(IFERROR(VALUE(E39), 0)>=1000, IF(IFERROR(VALUE(E39), 0)<=9999, 4, IF(RIGHT(D39,1)="0", 3, IF(RIGHT(C39,2)="00", 2, IF(RIGHT(B39,3)="000", 1, 0)))), IF(RIGHT(D39,1)="0", 3, IF(RIGHT(C39,2)="00", 2, IF(RIGHT(B39,3)="000", 1, 0)))) -> 4 | U39: =((1+(O39-N39))/(1+(MAX($O$5:$O$65)-MIN($N$5:$N$65)))) -> 0.4 | X39: =IF(W39<>"", NETWORKDAYS(V39,W39,Calendar!$L$2:$L$43), "") | Y39: =IF($N39<=Y$3+MOD(COLUMN()-Calendar!$O$2, 5), IF(Y$3+MOD(COLUMN()-Calendar!$O$2, 5)<=$O39, 1, 0), 0) -> 0 | Z39: =IF($N39<=Y$3+MOD(COLUMN()-Calendar!$O$2, 5), IF(Y$3+MOD(COLUMN()-Calendar!$O$2, 5)<=$O39, 1, 0), 0) -> 0 | AA39: =IF($N39<=Y$3+MOD(COLUMN()-Calendar!$O$2, 5), IF(Y$3+MOD(COLUMN()-Calendar!$O$2, 5)<=$O39, 1, 0), 0) -> 0 | AB39: =IF($N39<=Y$3+MOD(COLUMN()-Calendar!$O$2, 5), IF(Y$3+MOD(COLUMN()-Calendar!$O$2, 5)<=$O39, 1, 0), 0) -> 0 | AC39: =IF($N39<=Y$3+MOD(COLUMN()-Calendar!$O$2, 5), IF(Y$3+MOD(COLUMN()-Calendar!$O$2, 5)<=$O39, 1, 0), 0) -> 0 | AD39: =IF($N39<=AD$3+MOD(COLUMN()-Calendar!$O$2, 5), IF(AD$3+MOD(COLUMN()-Calendar!$O$2, 5)<=$O39, 1, 0), 0) -> 0 | AE39: =IF($N39<=AD$3+MOD(COLUMN()-Calendar!$O$2, 5), IF(AD$3+MOD(COLUMN()-Calendar!$O$2, 5)<=$O39, 1, 0), 0) -> 0 | AF39: =IF($N39<=AD$3+MOD(COLUMN()-Calendar!$O$2, 5), IF(AD$3+MOD(COLUMN()-Calendar!$O$2, 5)<=$O39, 1, 0), 0) -> 0 | AG39: =IF($N39<=AD$3+MOD(COLUMN()-Calendar!$O$2, 5), IF(AD$3+MOD(COLUMN()-Calendar!$O$2, 5)<=$O39, 1, 0), 0) -> 0 | AH39: =IF($N39<=AD$3+MOD(COLUMN()-Calendar!$O$2, 5), IF(AD$3+MOD(COLUMN()-Calendar!$O$2, 5)<=$O39, 1, 0), 0) -> 0 | AI39: =IF($N39<=AI$3+MOD(COLUMN()-Calendar!$O$2, 5), IF(AI$3+MOD(COLUMN()-Calendar!$O$2, 5)<=$O39, 1, 0), 0) -> 1 | AJ39: =IF($N39<=AI$3+MOD(COLUMN()-Calendar!$O$2, 5), IF(AI$3+MOD(COLUMN()-Calendar!$O$2, 5)<=$O39, 1, 0), 0) -> 1 | AK39: =IF($N39<=AI$3+MOD(COLUMN()-Calendar!$O$2, 5), IF(AI$3+MOD(COLUMN()-Calendar!$O$2, 5)<=$O39, 1, 0), 0) -> 1 | AL39: =IF($N39<=AI$3+MOD(COLUMN()-Calendar!$O$2, 5), IF(AI$3+MOD(COLUMN()-Calendar!$O$2, 5)<=$O39, 1, 0), 0) -> 1 | AM39: =IF($N39<=AI$3+MOD(COLUMN()-Calendar!$O$2, 5), IF(AI$3+MOD(COLUMN()-Calendar!$O$2, 5)<=$O39, 1, 0), 0) -> 1 | AN39: =IF($N39<=AN$3+MOD(COLUMN()-Calendar!$O$2, 5), IF(AN$3+MOD(COLUMN()-Calendar!$O$2, 5)<=$O39, 1, 0), 0) -> 1 | AO39: =IF($N39<=AN$3+MOD(COLUMN()-Calendar!$O$2, 5), IF(AN$3+MOD(COLUMN()-Calendar!$O$2, 5)<=$O39, 1, 0), 0) -> 1 | AP39: =IF($N39<=AN$3+MOD(COLUMN()-Calendar!$O$2, 5), IF(AN$3+MOD(COLUMN()-Calendar!$O$2, 5)<=$O39, 1, 0), 0) -> 1 | AQ39: =IF($N39<=AN$3+MOD(COLUMN()-Calendar!$O$2, 5), IF(AN$3+MOD(COLUMN()-Calendar!$O$2, 5)<=$O39, 1, 0), 0) -> 1 | AR39: =IF($N39<=AN$3+MOD(COLUMN()-Calendar!$O$2, 5), IF(AN$3+MOD(COLUMN()-Calendar!$O$2, 5)<=$O39, 1, 0), 0) -> 1 | AS39: =IF($N39<=AS$3+MOD(COLUMN()-Calendar!$O$2, 5), IF(AS$3+MOD(COLUMN()-Calendar!$O$2, 5)<=$O39, 1, 0), 0) -> 0 | AT39: =IF($N39<=AS$3+MOD(COLUMN()-Calendar!$O$2, 5), IF(AS$3+MOD(COLUMN()-Calendar!$O$2, 5)<=$O39, 1, 0), 0) -> 0 | AU39: =IF($N39<=AS$3+MOD(COLUMN()-Calendar!$O$2, 5), IF(AS$3+MOD(COLUMN()-Calendar!$O$2, 5)<=$O39, 1, 0), 0) -> 0 | AV39: =IF($N39<=AS$3+MOD(COLUMN()-Calendar!$O$2, 5), IF(AS$3+MOD(COLUMN()-Calendar!$O$2, 5)<=$O39, 1, 0), 0) -> 0 | AW39: =IF($N39<=AS$3+MOD(COLUMN()-Calendar!$O$2, 5), IF(AS$3+MOD(COLUMN()-Calendar!$O$2, 5)<=$O39, 1, 0), 0) -> 0
B40: 4000 | C40: 4100 | D40: 4120 | E40: YMS, DMS 환경 Setting | I40: 소스코드 | N40: =MIN(N41:N44) -> 46314 | O40: =MAX(O41:O44) -> 46316 | P40: =IF(O40<>"", NETWORKDAYS(N40,O40,Calendar!$L$2:$L$43), "") -> 3 | Q40: =IF(C40<=9999,Q39, LEFT( C40, 2)) -> 구축 | R40: =IF(T40=4, VLOOKUP(O40, '주별 진척률'!$A$11:$B$169, 2, 0), "") | S40: =IF(T40=4, IFERROR(VLOOKUP(W40, '주별 진척률'!$A$11:$B$169, 2, 0), ""), "") | T40: =IF(IFERROR(VALUE(E40), 0)>=1000, IF(IFERROR(VALUE(E40), 0)<=9999, 4, IF(RIGHT(D40,1)="0", 3, IF(RIGHT(C40,2)="00", 2, IF(RIGHT(B40,3)="000", 1, 0)))), IF(RIGHT(D40,1)="0", 3, IF(RIGHT(C40,2)="00", 2, IF(RIGHT(B40,3)="000", 1, 0)))) -> 3 | U40: =((1+(O40-N40))/(1+(MAX($O$5:$O$65)-MIN($N$5:$N$65)))) -> 0.1 | V40: =MIN(V41:V44) -> 0 | W40: =MAX(W41:W44) -> 0 | X40: =IF(W40<>"", NETWORKDAYS(V40,W40,Calendar!$L$2:$L$43), "") -> 0 | Y40: =IF($N40<=Y$3+MOD(COLUMN()-Calendar!$O$2, 5), IF(Y$3+MOD(COLUMN()-Calendar!$O$2, 5)<=$O40, 1, 0), 0) -> 0 | Z40: =IF($N40<=Y$3+MOD(COLUMN()-Calendar!$O$2, 5), IF(Y$3+MOD(COLUMN()-Calendar!$O$2, 5)<=$O40, 1, 0), 0) -> 0 | AA40: =IF($N40<=Y$3+MOD(COLUMN()-Calendar!$O$2, 5), IF(Y$3+MOD(COLUMN()-Calendar!$O$2, 5)<=$O40, 1, 0), 0) -> 0 | AB40: =IF($N40<=Y$3+MOD(COLUMN()-Calendar!$O$2, 5), IF(Y$3+MOD(COLUMN()-Calendar!$O$2, 5)<=$O40, 1, 0), 0) -> 0 | AC40: =IF($N40<=Y$3+MOD(COLUMN()-Calendar!$O$2, 5), IF(Y$3+MOD(COLUMN()-Calendar!$O$2, 5)<=$O40, 1, 0), 0) -> 0 | AD40: =IF($N40<=AD$3+MOD(COLUMN()-Calendar!$O$2, 5), IF(AD$3+MOD(COLUMN()-Calendar!$O$2, 5)<=$O40, 1, 0), 0) -> 0 | AE40: =IF($N40<=AD$3+MOD(COLUMN()-Calendar!$O$2, 5), IF(AD$3+MOD(COLUMN()-Calendar!$O$2, 5)<=$O40, 1, 0), 0) -> 0 | AF40: =IF($N40<=AD$3+MOD(COLUMN()-Calendar!$O$2, 5), IF(AD$3+MOD(COLUMN()-Calendar!$O$2, 5)<=$O40, 1, 0), 0) -> 0 | AG40: =IF($N40<=AD$3+MOD(COLUMN()-Calendar!$O$2, 5), IF(AD$3+MOD(COLUMN()-Calendar!$O$2, 5)<=$O40, 1, 0), 0) -> 0 | AH40: =IF($N40<=AD$3+MOD(COLUMN()-Calendar!$O$2, 5), IF(AD$3+MOD(COLUMN()-Calendar!$O$2, 5)<=$O40, 1, 0), 0) -> 0 | AI40: =IF($N40<=AI$3+MOD(COLUMN()-Calendar!$O$2, 5), IF(AI$3+MOD(COLUMN()-Calendar!$O$2, 5)<=$O40, 1, 0), 0) -> 0 | AJ40: =IF($N40<=AI$3+MOD(COLUMN()-Calendar!$O$2, 5), IF(AI$3+MOD(COLUMN()-Calendar!$O$2, 5)<=$O40, 1, 0), 0) -> 0 | AK40: =IF($N40<=AI$3+MOD(COLUMN()-Calendar!$O$2, 5), IF(AI$3+MOD(COLUMN()-Calendar!$O$2, 5)<=$O40, 1, 0), 0) -> 0 | AL40: =IF($N40<=AI$3+MOD(COLUMN()-Calendar!$O$2, 5), IF(AI$3+MOD(COLUMN()-Calendar!$O$2, 5)<=$O40, 1, 0), 0) -> 0 | AM40: =IF($N40<=AI$3+MOD(COLUMN()-Calendar!$O$2, 5), IF(AI$3+MOD(COLUMN()-Calendar!$O$2, 5)<=$O40, 1, 0), 0) -> 0 | AN40: =IF($N40<=AN$3+MOD(COLUMN()-Calendar!$O$2, 5), IF(AN$3+MOD(COLUMN()-Calendar!$O$2, 5)<=$O40, 1, 0), 0) -> 1 | AO40: =IF($N40<=AN$3+MOD(COLUMN()-Calendar!$O$2, 5), IF(AN$3+MOD(COLUMN()-Calendar!$O$2, 5)<=$O40, 1, 0), 0) -> 1 | AP40: =IF($N40<=AN$3+MOD(COLUMN()-Calendar!$O$2, 5), IF(AN$3+MOD(COLUMN()-Calendar!$O$2, 5)<=$O40, 1, 0), 0) -> 1 | AQ40: =IF($N40<=AN$3+MOD(COLUMN()-Calendar!$O$2, 5), IF(AN$3+MOD(COLUMN()-Calendar!$O$2, 5)<=$O40, 1, 0), 0) -> 0 | AR40: =IF($N40<=AN$3+MOD(COLUMN()-Calendar!$O$2, 5), IF(AN$3+MOD(COLUMN()-Calendar!$O$2, 5)<=$O40, 1, 0), 0) -> 0 | AS40: =IF($N40<=AS$3+MOD(COLUMN()-Calendar!$O$2, 5), IF(AS$3+MOD(COLUMN()-Calendar!$O$2, 5)<=$O40, 1, 0), 0) -> 0 | AT40: =IF($N40<=AS$3+MOD(COLUMN()-Calendar!$O$2, 5), IF(AS$3+MOD(COLUMN()-Calendar!$O$2, 5)<=$O40, 1, 0), 0) -> 0 | AU40: =IF($N40<=AS$3+MOD(COLUMN()-Calendar!$O$2, 5), IF(AS$3+MOD(COLUMN()-Calendar!$O$2, 5)<=$O40, 1, 0), 0) -> 0 | AV40: =IF($N40<=AS$3+MOD(COLUMN()-Calendar!$O$2, 5), IF(AS$3+MOD(COLUMN()-Calendar!$O$2, 5)<=$O40, 1, 0), 0) -> 0 | AW40: =IF($N40<=AS$3+MOD(COLUMN()-Calendar!$O$2, 5), IF(AS$3+MOD(COLUMN()-Calendar!$O$2, 5)<=$O40, 1, 0), 0) -> 0
B41: 4000 | C41: 4100 | D41: 4120 | E41: 4121 | F41: 운영 Server 환경 Setup | N41: 46314 | O41: 46316 | P41: =IF(O41<>"", NETWORKDAYS(N41,O41,Calendar!$L$2:$L$43), "") -> 3 | Q41: =IF(C41<=9999, Q40, LEFT(C41, 2)) -> 구축 | R41: =IF(T41=4, VLOOKUP(O41, '주별 진척률'!$A$11:$B$169, 2, 0), "") -> W04 | S41: =IF(T41=4, IFERROR(VLOOKUP(W41, '주별 진척률'!$A$11:$B$169, 2, 0), ""), "") | T41: =IF(IFERROR(VALUE(E41), 0)>=1000, IF(IFERROR(VALUE(E41), 0)<=9999, 4, IF(RIGHT(D41,1)="0", 3, IF(RIGHT(C41,2)="00", 2, IF(RIGHT(B41,3)="000", 1, 0)))), IF(RIGHT(D41,1)="0", 3, IF(RIGHT(C41,2)="00", 2, IF(RIGHT(B41,3)="000", 1, 0)))) -> 4 | U41: =((1+(O41-N41))/(1+(MAX($O$5:$O$65)-MIN($N$5:$N$65)))) -> 0.1 | X41: =IF(W41<>"", NETWORKDAYS(V41,W41,Calendar!$L$2:$L$43), "") | Y41: =IF($N41<=Y$3+MOD(COLUMN()-Calendar!$O$2, 5), IF(Y$3+MOD(COLUMN()-Calendar!$O$2, 5)<=$O41, 1, 0), 0) -> 0 | Z41: =IF($N41<=Y$3+MOD(COLUMN()-Calendar!$O$2, 5), IF(Y$3+MOD(COLUMN()-Calendar!$O$2, 5)<=$O41, 1, 0), 0) -> 0 | AA41: =IF($N41<=Y$3+MOD(COLUMN()-Calendar!$O$2, 5), IF(Y$3+MOD(COLUMN()-Calendar!$O$2, 5)<=$O41, 1, 0), 0) -> 0 | AB41: =IF($N41<=Y$3+MOD(COLUMN()-Calendar!$O$2, 5), IF(Y$3+MOD(COLUMN()-Calendar!$O$2, 5)<=$O41, 1, 0), 0) -> 0 | AC41: =IF($N41<=Y$3+MOD(COLUMN()-Calendar!$O$2, 5), IF(Y$3+MOD(COLUMN()-Calendar!$O$2, 5)<=$O41, 1, 0), 0) -> 0 | AD41: =IF($N41<=AD$3+MOD(COLUMN()-Calendar!$O$2, 5), IF(AD$3+MOD(COLUMN()-Calendar!$O$2, 5)<=$O41, 1, 0), 0) -> 0 | AE41: =IF($N41<=AD$3+MOD(COLUMN()-Calendar!$O$2, 5), IF(AD$3+MOD(COLUMN()-Calendar!$O$2, 5)<=$O41, 1, 0), 0) -> 0 | AF41: =IF($N41<=AD$3+MOD(COLUMN()-Calendar!$O$2, 5), IF(AD$3+MOD(COLUMN()-Calendar!$O$2, 5)<=$O41, 1, 0), 0) -> 0 | AG41: =IF($N41<=AD$3+MOD(COLUMN()-Calendar!$O$2, 5), IF(AD$3+MOD(COLUMN()-Calendar!$O$2, 5)<=$O41, 1, 0), 0) -> 0 | AH41: =IF($N41<=AD$3+MOD(COLUMN()-Calendar!$O$2, 5), IF(AD$3+MOD(COLUMN()-Calendar!$O$2, 5)<=$O41, 1, 0), 0) -> 0 | AI41: =IF($N41<=AI$3+MOD(COLUMN()-Calendar!$O$2, 5), IF(AI$3+MOD(COLUMN()-Calendar!$O$2, 5)<=$O41, 1, 0), 0) -> 0 | AJ41: =IF($N41<=AI$3+MOD(COLUMN()-Calendar!$O$2, 5), IF(AI$3+MOD(COLUMN()-Calendar!$O$2, 5)<=$O41, 1, 0), 0) -> 0 | AK41: =IF($N41<=AI$3+MOD(COLUMN()-Calendar!$O$2, 5), IF(AI$3+MOD(COLUMN()-Calendar!$O$2, 5)<=$O41, 1, 0), 0) -> 0 | AL41: =IF($N41<=AI$3+MOD(COLUMN()-Calendar!$O$2, 5), IF(AI$3+MOD(COLUMN()-Calendar!$O$2, 5)<=$O41, 1, 0), 0) -> 0 | AM41: =IF($N41<=AI$3+MOD(COLUMN()-Calendar!$O$2, 5), IF(AI$3+MOD(COLUMN()-Calendar!$O$2, 5)<=$O41, 1, 0), 0) -> 0 | AN41: =IF($N41<=AN$3+MOD(COLUMN()-Calendar!$O$2, 5), IF(AN$3+MOD(COLUMN()-Calendar!$O$2, 5)<=$O41, 1, 0), 0) -> 1 | AO41: =IF($N41<=AN$3+MOD(COLUMN()-Calendar!$O$2, 5), IF(AN$3+MOD(COLUMN()-Calendar!$O$2, 5)<=$O41, 1, 0), 0) -> 1 | AP41: =IF($N41<=AN$3+MOD(COLUMN()-Calendar!$O$2, 5), IF(AN$3+MOD(COLUMN()-Calendar!$O$2, 5)<=$O41, 1, 0), 0) -> 1 | AQ41: =IF($N41<=AN$3+MOD(COLUMN()-Calendar!$O$2, 5), IF(AN$3+MOD(COLUMN()-Calendar!$O$2, 5)<=$O41, 1, 0), 0) -> 0 | AR41: =IF($N41<=AN$3+MOD(COLUMN()-Calendar!$O$2, 5), IF(AN$3+MOD(COLUMN()-Calendar!$O$2, 5)<=$O41, 1, 0), 0) -> 0 | AS41: =IF($N41<=AS$3+MOD(COLUMN()-Calendar!$O$2, 5), IF(AS$3+MOD(COLUMN()-Calendar!$O$2, 5)<=$O41, 1, 0), 0) -> 0 | AT41: =IF($N41<=AS$3+MOD(COLUMN()-Calendar!$O$2, 5), IF(AS$3+MOD(COLUMN()-Calendar!$O$2, 5)<=$O41, 1, 0), 0) -> 0 | AU41: =IF($N41<=AS$3+MOD(COLUMN()-Calendar!$O$2, 5), IF(AS$3+MOD(COLUMN()-Calendar!$O$2, 5)<=$O41, 1, 0), 0) -> 0 | AV41: =IF($N41<=AS$3+MOD(COLUMN()-Calendar!$O$2, 5), IF(AS$3+MOD(COLUMN()-Calendar!$O$2, 5)<=$O41, 1, 0), 0) -> 0 | AW41: =IF($N41<=AS$3+MOD(COLUMN()-Calendar!$O$2, 5), IF(AS$3+MOD(COLUMN()-Calendar!$O$2, 5)<=$O41, 1, 0), 0) -> 0
E42: 4122 | F42: 운영 기준 정보 및 대상 디바이스 Setup | N42: 46314 | O42: 46316 | P42: =IF(O42<>"", NETWORKDAYS(N42,O42,Calendar!$L$2:$L$43), "") -> 3 | Q42: =IF(C42<=9999, Q41, LEFT(C42, 2)) -> 구축 | R42: =IF(T42=4, VLOOKUP(O42, '주별 진척률'!$A$11:$B$169, 2, 0), "") -> W04 | S42: =IF(T42=4, IFERROR(VLOOKUP(W42, '주별 진척률'!$A$11:$B$169, 2, 0), ""), "") | T42: =IF(IFERROR(VALUE(E42), 0)>=1000, IF(IFERROR(VALUE(E42), 0)<=9999, 4, IF(RIGHT(D42,1)="0", 3, IF(RIGHT(C42,2)="00", 2, IF(RIGHT(B42,3)="000", 1, 0)))), IF(RIGHT(D42,1)="0", 3, IF(RIGHT(C42,2)="00", 2, IF(RIGHT(B42,3)="000", 1, 0)))) -> 4 | U42: =((1+(O42-N42))/(1+(MAX($O$5:$O$65)-MIN($N$5:$N$65)))) -> 0.1 | X42: =IF(W42<>"", NETWORKDAYS(V42,W42,Calendar!$L$2:$L$43), "") | Y42: =IF($N42<=Y$3+MOD(COLUMN()-Calendar!$O$2, 5), IF(Y$3+MOD(COLUMN()-Calendar!$O$2, 5)<=$O42, 1, 0), 0) -> 0 | Z42: =IF($N42<=Y$3+MOD(COLUMN()-Calendar!$O$2, 5), IF(Y$3+MOD(COLUMN()-Calendar!$O$2, 5)<=$O42, 1, 0), 0) -> 0 | AA42: =IF($N42<=Y$3+MOD(COLUMN()-Calendar!$O$2, 5), IF(Y$3+MOD(COLUMN()-Calendar!$O$2, 5)<=$O42, 1, 0), 0) -> 0 | AB42: =IF($N42<=Y$3+MOD(COLUMN()-Calendar!$O$2, 5), IF(Y$3+MOD(COLUMN()-Calendar!$O$2, 5)<=$O42, 1, 0), 0) -> 0 | AC42: =IF($N42<=Y$3+MOD(COLUMN()-Calendar!$O$2, 5), IF(Y$3+MOD(COLUMN()-Calendar!$O$2, 5)<=$O42, 1, 0), 0) -> 0 | AD42: =IF($N42<=AD$3+MOD(COLUMN()-Calendar!$O$2, 5), IF(AD$3+MOD(COLUMN()-Calendar!$O$2, 5)<=$O42, 1, 0), 0) -> 0 | AE42: =IF($N42<=AD$3+MOD(COLUMN()-Calendar!$O$2, 5), IF(AD$3+MOD(COLUMN()-Calendar!$O$2, 5)<=$O42, 1, 0), 0) -> 0 | AF42: =IF($N42<=AD$3+MOD(COLUMN()-Calendar!$O$2, 5), IF(AD$3+MOD(COLUMN()-Calendar!$O$2, 5)<=$O42, 1, 0), 0) -> 0 | AG42: =IF($N42<=AD$3+MOD(COLUMN()-Calendar!$O$2, 5), IF(AD$3+MOD(COLUMN()-Calendar!$O$2, 5)<=$O42, 1, 0), 0) -> 0 | AH42: =IF($N42<=AD$3+MOD(COLUMN()-Calendar!$O$2, 5), IF(AD$3+MOD(COLUMN()-Calendar!$O$2, 5)<=$O42, 1, 0), 0) -> 0 | AI42: =IF($N42<=AI$3+MOD(COLUMN()-Calendar!$O$2, 5), IF(AI$3+MOD(COLUMN()-Calendar!$O$2, 5)<=$O42, 1, 0), 0) -> 0 | AJ42: =IF($N42<=AI$3+MOD(COLUMN()-Calendar!$O$2, 5), IF(AI$3+MOD(COLUMN()-Calendar!$O$2, 5)<=$O42, 1, 0), 0) -> 0 | AK42: =IF($N42<=AI$3+MOD(COLUMN()-Calendar!$O$2, 5), IF(AI$3+MOD(COLUMN()-Calendar!$O$2, 5)<=$O42, 1, 0), 0) -> 0 | AL42: =IF($N42<=AI$3+MOD(COLUMN()-Calendar!$O$2, 5), IF(AI$3+MOD(COLUMN()-Calendar!$O$2, 5)<=$O42, 1, 0), 0) -> 0 | AM42: =IF($N42<=AI$3+MOD(COLUMN()-Calendar!$O$2, 5), IF(AI$3+MOD(COLUMN()-Calendar!$O$2, 5)<=$O42, 1, 0), 0) -> 0 | AN42: =IF($N42<=AN$3+MOD(COLUMN()-Calendar!$O$2, 5), IF(AN$3+MOD(COLUMN()-Calendar!$O$2, 5)<=$O42, 1, 0), 0) -> 1 | AO42: =IF($N42<=AN$3+MOD(COLUMN()-Calendar!$O$2, 5), IF(AN$3+MOD(COLUMN()-Calendar!$O$2, 5)<=$O42, 1, 0), 0) -> 1 | AP42: =IF($N42<=AN$3+MOD(COLUMN()-Calendar!$O$2, 5), IF(AN$3+MOD(COLUMN()-Calendar!$O$2, 5)<=$O42, 1, 0), 0) -> 1 | AQ42: =IF($N42<=AN$3+MOD(COLUMN()-Calendar!$O$2, 5), IF(AN$3+MOD(COLUMN()-Calendar!$O$2, 5)<=$O42, 1, 0), 0) -> 0 | AR42: =IF($N42<=AN$3+MOD(COLUMN()-Calendar!$O$2, 5), IF(AN$3+MOD(COLUMN()-Calendar!$O$2, 5)<=$O42, 1, 0), 0) -> 0 | AS42: =IF($N42<=AS$3+MOD(COLUMN()-Calendar!$O$2, 5), IF(AS$3+MOD(COLUMN()-Calendar!$O$2, 5)<=$O42, 1, 0), 0) -> 0 | AT42: =IF($N42<=AS$3+MOD(COLUMN()-Calendar!$O$2, 5), IF(AS$3+MOD(COLUMN()-Calendar!$O$2, 5)<=$O42, 1, 0), 0) -> 0 | AU42: =IF($N42<=AS$3+MOD(COLUMN()-Calendar!$O$2, 5), IF(AS$3+MOD(COLUMN()-Calendar!$O$2, 5)<=$O42, 1, 0), 0) -> 0 | AV42: =IF($N42<=AS$3+MOD(COLUMN()-Calendar!$O$2, 5), IF(AS$3+MOD(COLUMN()-Calendar!$O$2, 5)<=$O42, 1, 0), 0) -> 0 | AW42: =IF($N42<=AS$3+MOD(COLUMN()-Calendar!$O$2, 5), IF(AS$3+MOD(COLUMN()-Calendar!$O$2, 5)<=$O42, 1, 0), 0) -> 0
B43: 4000 | C43: 4100 | D43: 4120 | E43: 4123 | F43: 운영 Server Service 설치 | N43: 46314 | O43: 46316 | P43: =IF(O43<>"", NETWORKDAYS(N43,O43,Calendar!$L$2:$L$43), "") -> 3 | Q43: =IF(C43<=9999, Q41, LEFT(C43, 2)) -> 구축 | R43: =IF(T43=4, VLOOKUP(O43, '주별 진척률'!$A$11:$B$169, 2, 0), "") -> W04 | S43: =IF(T43=4, IFERROR(VLOOKUP(W43, '주별 진척률'!$A$11:$B$169, 2, 0), ""), "") | T43: =IF(IFERROR(VALUE(E43), 0)>=1000, IF(IFERROR(VALUE(E43), 0)<=9999, 4, IF(RIGHT(D43,1)="0", 3, IF(RIGHT(C43,2)="00", 2, IF(RIGHT(B43,3)="000", 1, 0)))), IF(RIGHT(D43,1)="0", 3, IF(RIGHT(C43,2)="00", 2, IF(RIGHT(B43,3)="000", 1, 0)))) -> 4 | U43: =((1+(O43-N43))/(1+(MAX($O$5:$O$65)-MIN($N$5:$N$65)))) -> 0.1 | X43: =IF(W43<>"", NETWORKDAYS(V43,W43,Calendar!$L$2:$L$43), "") | Y43: =IF($N43<=Y$3+MOD(COLUMN()-Calendar!$O$2, 5), IF(Y$3+MOD(COLUMN()-Calendar!$O$2, 5)<=$O43, 1, 0), 0) -> 0 | Z43: =IF($N43<=Y$3+MOD(COLUMN()-Calendar!$O$2, 5), IF(Y$3+MOD(COLUMN()-Calendar!$O$2, 5)<=$O43, 1, 0), 0) -> 0 | AA43: =IF($N43<=Y$3+MOD(COLUMN()-Calendar!$O$2, 5), IF(Y$3+MOD(COLUMN()-Calendar!$O$2, 5)<=$O43, 1, 0), 0) -> 0 | AB43: =IF($N43<=Y$3+MOD(COLUMN()-Calendar!$O$2, 5), IF(Y$3+MOD(COLUMN()-Calendar!$O$2, 5)<=$O43, 1, 0), 0) -> 0 | AC43: =IF($N43<=Y$3+MOD(COLUMN()-Calendar!$O$2, 5), IF(Y$3+MOD(COLUMN()-Calendar!$O$2, 5)<=$O43, 1, 0), 0) -> 0 | AD43: =IF($N43<=AD$3+MOD(COLUMN()-Calendar!$O$2, 5), IF(AD$3+MOD(COLUMN()-Calendar!$O$2, 5)<=$O43, 1, 0), 0) -> 0 | AE43: =IF($N43<=AD$3+MOD(COLUMN()-Calendar!$O$2, 5), IF(AD$3+MOD(COLUMN()-Calendar!$O$2, 5)<=$O43, 1, 0), 0) -> 0 | AF43: =IF($N43<=AD$3+MOD(COLUMN()-Calendar!$O$2, 5), IF(AD$3+MOD(COLUMN()-Calendar!$O$2, 5)<=$O43, 1, 0), 0) -> 0 | AG43: =IF($N43<=AD$3+MOD(COLUMN()-Calendar!$O$2, 5), IF(AD$3+MOD(COLUMN()-Calendar!$O$2, 5)<=$O43, 1, 0), 0) -> 0 | AH43: =IF($N43<=AD$3+MOD(COLUMN()-Calendar!$O$2, 5), IF(AD$3+MOD(COLUMN()-Calendar!$O$2, 5)<=$O43, 1, 0), 0) -> 0 | AI43: =IF($N43<=AI$3+MOD(COLUMN()-Calendar!$O$2, 5), IF(AI$3+MOD(COLUMN()-Calendar!$O$2, 5)<=$O43, 1, 0), 0) -> 0 | AJ43: =IF($N43<=AI$3+MOD(COLUMN()-Calendar!$O$2, 5), IF(AI$3+MOD(COLUMN()-Calendar!$O$2, 5)<=$O43, 1, 0), 0) -> 0 | AK43: =IF($N43<=AI$3+MOD(COLUMN()-Calendar!$O$2, 5), IF(AI$3+MOD(COLUMN()-Calendar!$O$2, 5)<=$O43, 1, 0), 0) -> 0 | AL43: =IF($N43<=AI$3+MOD(COLUMN()-Calendar!$O$2, 5), IF(AI$3+MOD(COLUMN()-Calendar!$O$2, 5)<=$O43, 1, 0), 0) -> 0 | AM43: =IF($N43<=AI$3+MOD(COLUMN()-Calendar!$O$2, 5), IF(AI$3+MOD(COLUMN()-Calendar!$O$2, 5)<=$O43, 1, 0), 0) -> 0 | AN43: =IF($N43<=AN$3+MOD(COLUMN()-Calendar!$O$2, 5), IF(AN$3+MOD(COLUMN()-Calendar!$O$2, 5)<=$O43, 1, 0), 0) -> 1 | AO43: =IF($N43<=AN$3+MOD(COLUMN()-Calendar!$O$2, 5), IF(AN$3+MOD(COLUMN()-Calendar!$O$2, 5)<=$O43, 1, 0), 0) -> 1 | AP43: =IF($N43<=AN$3+MOD(COLUMN()-Calendar!$O$2, 5), IF(AN$3+MOD(COLUMN()-Calendar!$O$2, 5)<=$O43, 1, 0), 0) -> 1 | AQ43: =IF($N43<=AN$3+MOD(COLUMN()-Calendar!$O$2, 5), IF(AN$3+MOD(COLUMN()-Calendar!$O$2, 5)<=$O43, 1, 0), 0) -> 0 | AR43: =IF($N43<=AN$3+MOD(COLUMN()-Calendar!$O$2, 5), IF(AN$3+MOD(COLUMN()-Calendar!$O$2, 5)<=$O43, 1, 0), 0) -> 0 | AS43: =IF($N43<=AS$3+MOD(COLUMN()-Calendar!$O$2, 5), IF(AS$3+MOD(COLUMN()-Calendar!$O$2, 5)<=$O43, 1, 0), 0) -> 0 | AT43: =IF($N43<=AS$3+MOD(COLUMN()-Calendar!$O$2, 5), IF(AS$3+MOD(COLUMN()-Calendar!$O$2, 5)<=$O43, 1, 0), 0) -> 0 | AU43: =IF($N43<=AS$3+MOD(COLUMN()-Calendar!$O$2, 5), IF(AS$3+MOD(COLUMN()-Calendar!$O$2, 5)<=$O43, 1, 0), 0) -> 0 | AV43: =IF($N43<=AS$3+MOD(COLUMN()-Calendar!$O$2, 5), IF(AS$3+MOD(COLUMN()-Calendar!$O$2, 5)<=$O43, 1, 0), 0) -> 0 | AW43: =IF($N43<=AS$3+MOD(COLUMN()-Calendar!$O$2, 5), IF(AS$3+MOD(COLUMN()-Calendar!$O$2, 5)<=$O43, 1, 0), 0) -> 0
B44: 4000 | C44: 4100 | D44: 4120 | E44: 4124 | F44: Client 설치 파일 생성 및 Server간 Interface 확인 | N44: 46314 | O44: 46316 | P44: =IF(O44<>"", NETWORKDAYS(N44,O44,Calendar!$L$2:$L$43), "") -> 3 | Q44: =IF(C44<=9999, Q43, LEFT(C44, 2)) -> 구축 | R44: =IF(T44=4, VLOOKUP(O44, '주별 진척률'!$A$11:$B$169, 2, 0), "") -> W04 | S44: =IF(T44=4, IFERROR(VLOOKUP(W44, '주별 진척률'!$A$11:$B$169, 2, 0), ""), "") | T44: =IF(IFERROR(VALUE(E44), 0)>=1000, IF(IFERROR(VALUE(E44), 0)<=9999, 4, IF(RIGHT(D44,1)="0", 3, IF(RIGHT(C44,2)="00", 2, IF(RIGHT(B44,3)="000", 1, 0)))), IF(RIGHT(D44,1)="0", 3, IF(RIGHT(C44,2)="00", 2, IF(RIGHT(B44,3)="000", 1, 0)))) -> 4 | U44: =((1+(O44-N44))/(1+(MAX($O$5:$O$65)-MIN($N$5:$N$65)))) -> 0.1 | X44: =IF(W44<>"", NETWORKDAYS(V44,W44,Calendar!$L$2:$L$43), "") | Y44: =IF($N44<=Y$3+MOD(COLUMN()-Calendar!$O$2, 5), IF(Y$3+MOD(COLUMN()-Calendar!$O$2, 5)<=$O44, 1, 0), 0) -> 0 | Z44: =IF($N44<=Y$3+MOD(COLUMN()-Calendar!$O$2, 5), IF(Y$3+MOD(COLUMN()-Calendar!$O$2, 5)<=$O44, 1, 0), 0) -> 0 | AA44: =IF($N44<=Y$3+MOD(COLUMN()-Calendar!$O$2, 5), IF(Y$3+MOD(COLUMN()-Calendar!$O$2, 5)<=$O44, 1, 0), 0) -> 0 | AB44: =IF($N44<=Y$3+MOD(COLUMN()-Calendar!$O$2, 5), IF(Y$3+MOD(COLUMN()-Calendar!$O$2, 5)<=$O44, 1, 0), 0) -> 0 | AC44: =IF($N44<=Y$3+MOD(COLUMN()-Calendar!$O$2, 5), IF(Y$3+MOD(COLUMN()-Calendar!$O$2, 5)<=$O44, 1, 0), 0) -> 0 | AD44: =IF($N44<=AD$3+MOD(COLUMN()-Calendar!$O$2, 5), IF(AD$3+MOD(COLUMN()-Calendar!$O$2, 5)<=$O44, 1, 0), 0) -> 0 | AE44: =IF($N44<=AD$3+MOD(COLUMN()-Calendar!$O$2, 5), IF(AD$3+MOD(COLUMN()-Calendar!$O$2, 5)<=$O44, 1, 0), 0) -> 0 | AF44: =IF($N44<=AD$3+MOD(COLUMN()-Calendar!$O$2, 5), IF(AD$3+MOD(COLUMN()-Calendar!$O$2, 5)<=$O44, 1, 0), 0) -> 0 | AG44: =IF($N44<=AD$3+MOD(COLUMN()-Calendar!$O$2, 5), IF(AD$3+MOD(COLUMN()-Calendar!$O$2, 5)<=$O44, 1, 0), 0) -> 0 | AH44: =IF($N44<=AD$3+MOD(COLUMN()-Calendar!$O$2, 5), IF(AD$3+MOD(COLUMN()-Calendar!$O$2, 5)<=$O44, 1, 0), 0) -> 0 | AI44: =IF($N44<=AI$3+MOD(COLUMN()-Calendar!$O$2, 5), IF(AI$3+MOD(COLUMN()-Calendar!$O$2, 5)<=$O44, 1, 0), 0) -> 0 | AJ44: =IF($N44<=AI$3+MOD(COLUMN()-Calendar!$O$2, 5), IF(AI$3+MOD(COLUMN()-Calendar!$O$2, 5)<=$O44, 1, 0), 0) -> 0 | AK44: =IF($N44<=AI$3+MOD(COLUMN()-Calendar!$O$2, 5), IF(AI$3+MOD(COLUMN()-Calendar!$O$2, 5)<=$O44, 1, 0), 0) -> 0 | AL44: =IF($N44<=AI$3+MOD(COLUMN()-Calendar!$O$2, 5), IF(AI$3+MOD(COLUMN()-Calendar!$O$2, 5)<=$O44, 1, 0), 0) -> 0 | AM44: =IF($N44<=AI$3+MOD(COLUMN()-Calendar!$O$2, 5), IF(AI$3+MOD(COLUMN()-Calendar!$O$2, 5)<=$O44, 1, 0), 0) -> 0 | AN44: =IF($N44<=AN$3+MOD(COLUMN()-Calendar!$O$2, 5), IF(AN$3+MOD(COLUMN()-Calendar!$O$2, 5)<=$O44, 1, 0), 0) -> 1 | AO44: =IF($N44<=AN$3+MOD(COLUMN()-Calendar!$O$2, 5), IF(AN$3+MOD(COLUMN()-Calendar!$O$2, 5)<=$O44, 1, 0), 0) -> 1 | AP44: =IF($N44<=AN$3+MOD(COLUMN()-Calendar!$O$2, 5), IF(AN$3+MOD(COLUMN()-Calendar!$O$2, 5)<=$O44, 1, 0), 0) -> 1 | AQ44: =IF($N44<=AN$3+MOD(COLUMN()-Calendar!$O$2, 5), IF(AN$3+MOD(COLUMN()-Calendar!$O$2, 5)<=$O44, 1, 0), 0) -> 0 | AR44: =IF($N44<=AN$3+MOD(COLUMN()-Calendar!$O$2, 5), IF(AN$3+MOD(COLUMN()-Calendar!$O$2, 5)<=$O44, 1, 0), 0) -> 0 | AS44: =IF($N44<=AS$3+MOD(COLUMN()-Calendar!$O$2, 5), IF(AS$3+MOD(COLUMN()-Calendar!$O$2, 5)<=$O44, 1, 0), 0) -> 0 | AT44: =IF($N44<=AS$3+MOD(COLUMN()-Calendar!$O$2, 5), IF(AS$3+MOD(COLUMN()-Calendar!$O$2, 5)<=$O44, 1, 0), 0) -> 0 | AU44: =IF($N44<=AS$3+MOD(COLUMN()-Calendar!$O$2, 5), IF(AS$3+MOD(COLUMN()-Calendar!$O$2, 5)<=$O44, 1, 0), 0) -> 0 | AV44: =IF($N44<=AS$3+MOD(COLUMN()-Calendar!$O$2, 5), IF(AS$3+MOD(COLUMN()-Calendar!$O$2, 5)<=$O44, 1, 0), 0) -> 0 | AW44: =IF($N44<=AS$3+MOD(COLUMN()-Calendar!$O$2, 5), IF(AS$3+MOD(COLUMN()-Calendar!$O$2, 5)<=$O44, 1, 0), 0) -> 0
B45: 4000 | C45: 4200 | D45: 테스트 및 검증 | N45: =MIN(N46:N49) -> 46317 | O45: =MAX(O46:O49) -> 46322 | P45: =IF(O45<>"", NETWORKDAYS(N45,O45,Calendar!$L$2:$L$43), "") -> 4 | Q45: =IF(C45<=9999,Q44, LEFT( C45, 2)) -> 구축 | R45: =IF(T45=4, VLOOKUP(O45, '주별 진척률'!$A$11:$B$169, 2, 0), "") | S45: =IF(T45=4, IFERROR(VLOOKUP(W45, '주별 진척률'!$A$11:$B$169, 2, 0), ""), "") | T45: =IF(IFERROR(VALUE(E45), 0)>=1000, IF(IFERROR(VALUE(E45), 0)<=9999, 4, IF(RIGHT(D45,1)="0", 3, IF(RIGHT(C45,2)="00", 2, IF(RIGHT(B45,3)="000", 1, 0)))), IF(RIGHT(D45,1)="0", 3, IF(RIGHT(C45,2)="00", 2, IF(RIGHT(B45,3)="000", 1, 0)))) -> 2 | U45: =((1+(O45-N45))/(1+(MAX($O$5:$O$65)-MIN($N$5:$N$65)))) -> 0.2 | V45: =MIN(V46:V49) -> 0 | W45: =MAX(W46:W49) -> 0 | X45: =IF(W45<>"", NETWORKDAYS(V45,W45,Calendar!$L$2:$L$43), "") -> 0 | Y45: =IF($N45<=Y$3+MOD(COLUMN()-Calendar!$O$2, 5), IF(Y$3+MOD(COLUMN()-Calendar!$O$2, 5)<=$O45, 1, 0), 0) -> 0 | Z45: =IF($N45<=Y$3+MOD(COLUMN()-Calendar!$O$2, 5), IF(Y$3+MOD(COLUMN()-Calendar!$O$2, 5)<=$O45, 1, 0), 0) -> 0 | AA45: =IF($N45<=Y$3+MOD(COLUMN()-Calendar!$O$2, 5), IF(Y$3+MOD(COLUMN()-Calendar!$O$2, 5)<=$O45, 1, 0), 0) -> 0 | AB45: =IF($N45<=Y$3+MOD(COLUMN()-Calendar!$O$2, 5), IF(Y$3+MOD(COLUMN()-Calendar!$O$2, 5)<=$O45, 1, 0), 0) -> 0 | AC45: =IF($N45<=Y$3+MOD(COLUMN()-Calendar!$O$2, 5), IF(Y$3+MOD(COLUMN()-Calendar!$O$2, 5)<=$O45, 1, 0), 0) -> 0 | AD45: =IF($N45<=AD$3+MOD(COLUMN()-Calendar!$O$2, 5), IF(AD$3+MOD(COLUMN()-Calendar!$O$2, 5)<=$O45, 1, 0), 0) -> 0 | AE45: =IF($N45<=AD$3+MOD(COLUMN()-Calendar!$O$2, 5), IF(AD$3+MOD(COLUMN()-Calendar!$O$2, 5)<=$O45, 1, 0), 0) -> 0 | AF45: =IF($N45<=AD$3+MOD(COLUMN()-Calendar!$O$2, 5), IF(AD$3+MOD(COLUMN()-Calendar!$O$2, 5)<=$O45, 1, 0), 0) -> 0 | AG45: =IF($N45<=AD$3+MOD(COLUMN()-Calendar!$O$2, 5), IF(AD$3+MOD(COLUMN()-Calendar!$O$2, 5)<=$O45, 1, 0), 0) -> 0 | AH45: =IF($N45<=AD$3+MOD(COLUMN()-Calendar!$O$2, 5), IF(AD$3+MOD(COLUMN()-Calendar!$O$2, 5)<=$O45, 1, 0), 0) -> 0 | AI45: =IF($N45<=AI$3+MOD(COLUMN()-Calendar!$O$2, 5), IF(AI$3+MOD(COLUMN()-Calendar!$O$2, 5)<=$O45, 1, 0), 0) -> 0 | AJ45: =IF($N45<=AI$3+MOD(COLUMN()-Calendar!$O$2, 5), IF(AI$3+MOD(COLUMN()-Calendar!$O$2, 5)<=$O45, 1, 0), 0) -> 0 | AK45: =IF($N45<=AI$3+MOD(COLUMN()-Calendar!$O$2, 5), IF(AI$3+MOD(COLUMN()-Calendar!$O$2, 5)<=$O45, 1, 0), 0) -> 0 | AL45: =IF($N45<=AI$3+MOD(COLUMN()-Calendar!$O$2, 5), IF(AI$3+MOD(COLUMN()-Calendar!$O$2, 5)<=$O45, 1, 0), 0) -> 0 | AM45: =IF($N45<=AI$3+MOD(COLUMN()-Calendar!$O$2, 5), IF(AI$3+MOD(COLUMN()-Calendar!$O$2, 5)<=$O45, 1, 0), 0) -> 0 | AN45: =IF($N45<=AN$3+MOD(COLUMN()-Calendar!$O$2, 5), IF(AN$3+MOD(COLUMN()-Calendar!$O$2, 5)<=$O45, 1, 0), 0) -> 0 | AO45: =IF($N45<=AN$3+MOD(COLUMN()-Calendar!$O$2, 5), IF(AN$3+MOD(COLUMN()-Calendar!$O$2, 5)<=$O45, 1, 0), 0) -> 0 | AP45: =IF($N45<=AN$3+MOD(COLUMN()-Calendar!$O$2, 5), IF(AN$3+MOD(COLUMN()-Calendar!$O$2, 5)<=$O45, 1, 0), 0) -> 0 | AQ45: =IF($N45<=AN$3+MOD(COLUMN()-Calendar!$O$2, 5), IF(AN$3+MOD(COLUMN()-Calendar!$O$2, 5)<=$O45, 1, 0), 0) -> 1 | AR45: =IF($N45<=AN$3+MOD(COLUMN()-Calendar!$O$2, 5), IF(AN$3+MOD(COLUMN()-Calendar!$O$2, 5)<=$O45, 1, 0), 0) -> 1 | AS45: =IF($N45<=AS$3+MOD(COLUMN()-Calendar!$O$2, 5), IF(AS$3+MOD(COLUMN()-Calendar!$O$2, 5)<=$O45, 1, 0), 0) -> 1 | AT45: =IF($N45<=AS$3+MOD(COLUMN()-Calendar!$O$2, 5), IF(AS$3+MOD(COLUMN()-Calendar!$O$2, 5)<=$O45, 1, 0), 0) -> 1 | AU45: =IF($N45<=AS$3+MOD(COLUMN()-Calendar!$O$2, 5), IF(AS$3+MOD(COLUMN()-Calendar!$O$2, 5)<=$O45, 1, 0), 0) -> 0 | AV45: =IF($N45<=AS$3+MOD(COLUMN()-Calendar!$O$2, 5), IF(AS$3+MOD(COLUMN()-Calendar!$O$2, 5)<=$O45, 1, 0), 0) -> 0 | AW45: =IF($N45<=AS$3+MOD(COLUMN()-Calendar!$O$2, 5), IF(AS$3+MOD(COLUMN()-Calendar!$O$2, 5)<=$O45, 1, 0), 0) -> 0
B46: 4000 | C46: 4300 | D46: 4310 | E46: 테스트 | N46: =MIN(N47:N49) -> 46317 | O46: =MAX(O47:O49) -> 46322 | P46: =IF(O46<>"", NETWORKDAYS(N46,O46,Calendar!$L$2:$L$43), "") -> 4 | Q46: =IF(C46<=9999, Q45, LEFT(C46, 2)) -> 구축 | R46: =IF(T46=4, VLOOKUP(O46, '주별 진척률'!$A$11:$B$169, 2, 0), "") | S46: =IF(T46=4, IFERROR(VLOOKUP(W46, '주별 진척률'!$A$11:$B$169, 2, 0), ""), "") | T46: =IF(IFERROR(VALUE(E46), 0)>=1000, IF(IFERROR(VALUE(E46), 0)<=9999, 4, IF(RIGHT(D46,1)="0", 3, IF(RIGHT(C46,2)="00", 2, IF(RIGHT(B46,3)="000", 1, 0)))), IF(RIGHT(D46,1)="0", 3, IF(RIGHT(C46,2)="00", 2, IF(RIGHT(B46,3)="000", 1, 0)))) -> 3 | U46: =((1+(O46-N46))/(1+(MAX($O$5:$O$65)-MIN($N$5:$N$65)))) -> 0.2 | V46: =MIN(V47:V49) -> 0 | W46: =MAX(W47:W49) -> 0 | X46: =IF(W46<>"", NETWORKDAYS(V46,W46,Calendar!$L$2:$L$43), "") -> 0 | Y46: =IF($N46<=Y$3+MOD(COLUMN()-Calendar!$O$2, 5), IF(Y$3+MOD(COLUMN()-Calendar!$O$2, 5)<=$O46, 1, 0), 0) -> 0 | Z46: =IF($N46<=Y$3+MOD(COLUMN()-Calendar!$O$2, 5), IF(Y$3+MOD(COLUMN()-Calendar!$O$2, 5)<=$O46, 1, 0), 0) -> 0 | AA46: =IF($N46<=Y$3+MOD(COLUMN()-Calendar!$O$2, 5), IF(Y$3+MOD(COLUMN()-Calendar!$O$2, 5)<=$O46, 1, 0), 0) -> 0 | AB46: =IF($N46<=Y$3+MOD(COLUMN()-Calendar!$O$2, 5), IF(Y$3+MOD(COLUMN()-Calendar!$O$2, 5)<=$O46, 1, 0), 0) -> 0 | AC46: =IF($N46<=Y$3+MOD(COLUMN()-Calendar!$O$2, 5), IF(Y$3+MOD(COLUMN()-Calendar!$O$2, 5)<=$O46, 1, 0), 0) -> 0 | AD46: =IF($N46<=AD$3+MOD(COLUMN()-Calendar!$O$2, 5), IF(AD$3+MOD(COLUMN()-Calendar!$O$2, 5)<=$O46, 1, 0), 0) -> 0 | AE46: =IF($N46<=AD$3+MOD(COLUMN()-Calendar!$O$2, 5), IF(AD$3+MOD(COLUMN()-Calendar!$O$2, 5)<=$O46, 1, 0), 0) -> 0 | AF46: =IF($N46<=AD$3+MOD(COLUMN()-Calendar!$O$2, 5), IF(AD$3+MOD(COLUMN()-Calendar!$O$2, 5)<=$O46, 1, 0), 0) -> 0 | AG46: =IF($N46<=AD$3+MOD(COLUMN()-Calendar!$O$2, 5), IF(AD$3+MOD(COLUMN()-Calendar!$O$2, 5)<=$O46, 1, 0), 0) -> 0 | AH46: =IF($N46<=AD$3+MOD(COLUMN()-Calendar!$O$2, 5), IF(AD$3+MOD(COLUMN()-Calendar!$O$2, 5)<=$O46, 1, 0), 0) -> 0 | AI46: =IF($N46<=AI$3+MOD(COLUMN()-Calendar!$O$2, 5), IF(AI$3+MOD(COLUMN()-Calendar!$O$2, 5)<=$O46, 1, 0), 0) -> 0 | AJ46: =IF($N46<=AI$3+MOD(COLUMN()-Calendar!$O$2, 5), IF(AI$3+MOD(COLUMN()-Calendar!$O$2, 5)<=$O46, 1, 0), 0) -> 0 | AK46: =IF($N46<=AI$3+MOD(COLUMN()-Calendar!$O$2, 5), IF(AI$3+MOD(COLUMN()-Calendar!$O$2, 5)<=$O46, 1, 0), 0) -> 0 | AL46: =IF($N46<=AI$3+MOD(COLUMN()-Calendar!$O$2, 5), IF(AI$3+MOD(COLUMN()-Calendar!$O$2, 5)<=$O46, 1, 0), 0) -> 0 | AM46: =IF($N46<=AI$3+MOD(COLUMN()-Calendar!$O$2, 5), IF(AI$3+MOD(COLUMN()-Calendar!$O$2, 5)<=$O46, 1, 0), 0) -> 0 | AN46: =IF($N46<=AN$3+MOD(COLUMN()-Calendar!$O$2, 5), IF(AN$3+MOD(COLUMN()-Calendar!$O$2, 5)<=$O46, 1, 0), 0) -> 0 | AO46: =IF($N46<=AN$3+MOD(COLUMN()-Calendar!$O$2, 5), IF(AN$3+MOD(COLUMN()-Calendar!$O$2, 5)<=$O46, 1, 0), 0) -> 0 | AP46: =IF($N46<=AN$3+MOD(COLUMN()-Calendar!$O$2, 5), IF(AN$3+MOD(COLUMN()-Calendar!$O$2, 5)<=$O46, 1, 0), 0) -> 0 | AQ46: =IF($N46<=AN$3+MOD(COLUMN()-Calendar!$O$2, 5), IF(AN$3+MOD(COLUMN()-Calendar!$O$2, 5)<=$O46, 1, 0), 0) -> 1 | AR46: =IF($N46<=AN$3+MOD(COLUMN()-Calendar!$O$2, 5), IF(AN$3+MOD(COLUMN()-Calendar!$O$2, 5)<=$O46, 1, 0), 0) -> 1 | AS46: =IF($N46<=AS$3+MOD(COLUMN()-Calendar!$O$2, 5), IF(AS$3+MOD(COLUMN()-Calendar!$O$2, 5)<=$O46, 1, 0), 0) -> 1 | AT46: =IF($N46<=AS$3+MOD(COLUMN()-Calendar!$O$2, 5), IF(AS$3+MOD(COLUMN()-Calendar!$O$2, 5)<=$O46, 1, 0), 0) -> 1 | AU46: =IF($N46<=AS$3+MOD(COLUMN()-Calendar!$O$2, 5), IF(AS$3+MOD(COLUMN()-Calendar!$O$2, 5)<=$O46, 1, 0), 0) -> 0 | AV46: =IF($N46<=AS$3+MOD(COLUMN()-Calendar!$O$2, 5), IF(AS$3+MOD(COLUMN()-Calendar!$O$2, 5)<=$O46, 1, 0), 0) -> 0 | AW46: =IF($N46<=AS$3+MOD(COLUMN()-Calendar!$O$2, 5), IF(AS$3+MOD(COLUMN()-Calendar!$O$2, 5)<=$O46, 1, 0), 0) -> 0
B47: 4000 | C47: 4300 | D47: 4310 | E47: 4311 | F47: 좌표 / Mapping 결과 검증 | N47: 46317 | O47: 46322 | P47: =IF(O47<>"", NETWORKDAYS(N47,O47,Calendar!$L$2:$L$43), "") -> 4 | Q47: =IF(C47<=9999, Q46, LEFT(C47, 2)) -> 구축 | R47: =IF(T47=4, VLOOKUP(O47, '주별 진척률'!$A$11:$B$169, 2, 0), "") -> W05 | S47: =IF(T47=4, IFERROR(VLOOKUP(W47, '주별 진척률'!$A$11:$B$169, 2, 0), ""), "") | T47: =IF(IFERROR(VALUE(E47), 0)>=1000, IF(IFERROR(VALUE(E47), 0)<=9999, 4, IF(RIGHT(D47,1)="0", 3, IF(RIGHT(C47,2)="00", 2, IF(RIGHT(B47,3)="000", 1, 0)))), IF(RIGHT(D47,1)="0", 3, IF(RIGHT(C47,2)="00", 2, IF(RIGHT(B47,3)="000", 1, 0)))) -> 4 | U47: =((1+(O47-N47))/(1+(MAX($O$5:$O$65)-MIN($N$5:$N$65)))) -> 0.2 | X47: =IF(W47<>"", NETWORKDAYS(V47,W47,Calendar!$L$2:$L$43), "") | Y47: =IF($N47<=Y$3+MOD(COLUMN()-Calendar!$O$2, 5), IF(Y$3+MOD(COLUMN()-Calendar!$O$2, 5)<=$O47, 1, 0), 0) -> 0 | Z47: =IF($N47<=Y$3+MOD(COLUMN()-Calendar!$O$2, 5), IF(Y$3+MOD(COLUMN()-Calendar!$O$2, 5)<=$O47, 1, 0), 0) -> 0 | AA47: =IF($N47<=Y$3+MOD(COLUMN()-Calendar!$O$2, 5), IF(Y$3+MOD(COLUMN()-Calendar!$O$2, 5)<=$O47, 1, 0), 0) -> 0 | AB47: =IF($N47<=Y$3+MOD(COLUMN()-Calendar!$O$2, 5), IF(Y$3+MOD(COLUMN()-Calendar!$O$2, 5)<=$O47, 1, 0), 0) -> 0 | AC47: =IF($N47<=Y$3+MOD(COLUMN()-Calendar!$O$2, 5), IF(Y$3+MOD(COLUMN()-Calendar!$O$2, 5)<=$O47, 1, 0), 0) -> 0 | AD47: =IF($N47<=AD$3+MOD(COLUMN()-Calendar!$O$2, 5), IF(AD$3+MOD(COLUMN()-Calendar!$O$2, 5)<=$O47, 1, 0), 0) -> 0 | AE47: =IF($N47<=AD$3+MOD(COLUMN()-Calendar!$O$2, 5), IF(AD$3+MOD(COLUMN()-Calendar!$O$2, 5)<=$O47, 1, 0), 0) -> 0 | AF47: =IF($N47<=AD$3+MOD(COLUMN()-Calendar!$O$2, 5), IF(AD$3+MOD(COLUMN()-Calendar!$O$2, 5)<=$O47, 1, 0), 0) -> 0 | AG47: =IF($N47<=AD$3+MOD(COLUMN()-Calendar!$O$2, 5), IF(AD$3+MOD(COLUMN()-Calendar!$O$2, 5)<=$O47, 1, 0), 0) -> 0 | AH47: =IF($N47<=AD$3+MOD(COLUMN()-Calendar!$O$2, 5), IF(AD$3+MOD(COLUMN()-Calendar!$O$2, 5)<=$O47, 1, 0), 0) -> 0 | AI47: =IF($N47<=AI$3+MOD(COLUMN()-Calendar!$O$2, 5), IF(AI$3+MOD(COLUMN()-Calendar!$O$2, 5)<=$O47, 1, 0), 0) -> 0 | AJ47: =IF($N47<=AI$3+MOD(COLUMN()-Calendar!$O$2, 5), IF(AI$3+MOD(COLUMN()-Calendar!$O$2, 5)<=$O47, 1, 0), 0) -> 0 | AK47: =IF($N47<=AI$3+MOD(COLUMN()-Calendar!$O$2, 5), IF(AI$3+MOD(COLUMN()-Calendar!$O$2, 5)<=$O47, 1, 0), 0) -> 0 | AL47: =IF($N47<=AI$3+MOD(COLUMN()-Calendar!$O$2, 5), IF(AI$3+MOD(COLUMN()-Calendar!$O$2, 5)<=$O47, 1, 0), 0) -> 0 | AM47: =IF($N47<=AI$3+MOD(COLUMN()-Calendar!$O$2, 5), IF(AI$3+MOD(COLUMN()-Calendar!$O$2, 5)<=$O47, 1, 0), 0) -> 0 | AN47: =IF($N47<=AN$3+MOD(COLUMN()-Calendar!$O$2, 5), IF(AN$3+MOD(COLUMN()-Calendar!$O$2, 5)<=$O47, 1, 0), 0) -> 0 | AO47: =IF($N47<=AN$3+MOD(COLUMN()-Calendar!$O$2, 5), IF(AN$3+MOD(COLUMN()-Calendar!$O$2, 5)<=$O47, 1, 0), 0) -> 0 | AP47: =IF($N47<=AN$3+MOD(COLUMN()-Calendar!$O$2, 5), IF(AN$3+MOD(COLUMN()-Calendar!$O$2, 5)<=$O47, 1, 0), 0) -> 0 | AQ47: =IF($N47<=AN$3+MOD(COLUMN()-Calendar!$O$2, 5), IF(AN$3+MOD(COLUMN()-Calendar!$O$2, 5)<=$O47, 1, 0), 0) -> 1 | AR47: =IF($N47<=AN$3+MOD(COLUMN()-Calendar!$O$2, 5), IF(AN$3+MOD(COLUMN()-Calendar!$O$2, 5)<=$O47, 1, 0), 0) -> 1 | AS47: =IF($N47<=AS$3+MOD(COLUMN()-Calendar!$O$2, 5), IF(AS$3+MOD(COLUMN()-Calendar!$O$2, 5)<=$O47, 1, 0), 0) -> 1 | AT47: =IF($N47<=AS$3+MOD(COLUMN()-Calendar!$O$2, 5), IF(AS$3+MOD(COLUMN()-Calendar!$O$2, 5)<=$O47, 1, 0), 0) -> 1 | AU47: =IF($N47<=AS$3+MOD(COLUMN()-Calendar!$O$2, 5), IF(AS$3+MOD(COLUMN()-Calendar!$O$2, 5)<=$O47, 1, 0), 0) -> 0 | AV47: =IF($N47<=AS$3+MOD(COLUMN()-Calendar!$O$2, 5), IF(AS$3+MOD(COLUMN()-Calendar!$O$2, 5)<=$O47, 1, 0), 0) -> 0 | AW47: =IF($N47<=AS$3+MOD(COLUMN()-Calendar!$O$2, 5), IF(AS$3+MOD(COLUMN()-Calendar!$O$2, 5)<=$O47, 1, 0), 0) -> 0
B48: 4000 | C48: 4300 | D48: 4310 | E48: 4312 | F48: Correlation 결과 검증 | N48: 46317 | O48: 46322 | P48: =IF(O48<>"", NETWORKDAYS(N48,O48,Calendar!$L$2:$L$43), "") -> 4 | Q48: =IF(C48<=9999, Q47, LEFT(C48, 2)) -> 구축 | R48: =IF(T48=4, VLOOKUP(O48, '주별 진척률'!$A$11:$B$169, 2, 0), "") -> W05 | S48: =IF(T48=4, IFERROR(VLOOKUP(W48, '주별 진척률'!$A$11:$B$169, 2, 0), ""), "") | T48: =IF(IFERROR(VALUE(E48), 0)>=1000, IF(IFERROR(VALUE(E48), 0)<=9999, 4, IF(RIGHT(D48,1)="0", 3, IF(RIGHT(C48,2)="00", 2, IF(RIGHT(B48,3)="000", 1, 0)))), IF(RIGHT(D48,1)="0", 3, IF(RIGHT(C48,2)="00", 2, IF(RIGHT(B48,3)="000", 1, 0)))) -> 4 | U48: =((1+(O48-N48))/(1+(MAX($O$5:$O$65)-MIN($N$5:$N$65)))) -> 0.2 | X48: =IF(W48<>"", NETWORKDAYS(V48,W48,Calendar!$L$2:$L$43), "") | Y48: =IF($N48<=Y$3+MOD(COLUMN()-Calendar!$O$2, 5), IF(Y$3+MOD(COLUMN()-Calendar!$O$2, 5)<=$O48, 1, 0), 0) -> 0 | Z48: =IF($N48<=Y$3+MOD(COLUMN()-Calendar!$O$2, 5), IF(Y$3+MOD(COLUMN()-Calendar!$O$2, 5)<=$O48, 1, 0), 0) -> 0 | AA48: =IF($N48<=Y$3+MOD(COLUMN()-Calendar!$O$2, 5), IF(Y$3+MOD(COLUMN()-Calendar!$O$2, 5)<=$O48, 1, 0), 0) -> 0 | AB48: =IF($N48<=Y$3+MOD(COLUMN()-Calendar!$O$2, 5), IF(Y$3+MOD(COLUMN()-Calendar!$O$2, 5)<=$O48, 1, 0), 0) -> 0 | AC48: =IF($N48<=Y$3+MOD(COLUMN()-Calendar!$O$2, 5), IF(Y$3+MOD(COLUMN()-Calendar!$O$2, 5)<=$O48, 1, 0), 0) -> 0 | AD48: =IF($N48<=AD$3+MOD(COLUMN()-Calendar!$O$2, 5), IF(AD$3+MOD(COLUMN()-Calendar!$O$2, 5)<=$O48, 1, 0), 0) -> 0 | AE48: =IF($N48<=AD$3+MOD(COLUMN()-Calendar!$O$2, 5), IF(AD$3+MOD(COLUMN()-Calendar!$O$2, 5)<=$O48, 1, 0), 0) -> 0 | AF48: =IF($N48<=AD$3+MOD(COLUMN()-Calendar!$O$2, 5), IF(AD$3+MOD(COLUMN()-Calendar!$O$2, 5)<=$O48, 1, 0), 0) -> 0 | AG48: =IF($N48<=AD$3+MOD(COLUMN()-Calendar!$O$2, 5), IF(AD$3+MOD(COLUMN()-Calendar!$O$2, 5)<=$O48, 1, 0), 0) -> 0 | AH48: =IF($N48<=AD$3+MOD(COLUMN()-Calendar!$O$2, 5), IF(AD$3+MOD(COLUMN()-Calendar!$O$2, 5)<=$O48, 1, 0), 0) -> 0 | AI48: =IF($N48<=AI$3+MOD(COLUMN()-Calendar!$O$2, 5), IF(AI$3+MOD(COLUMN()-Calendar!$O$2, 5)<=$O48, 1, 0), 0) -> 0 | AJ48: =IF($N48<=AI$3+MOD(COLUMN()-Calendar!$O$2, 5), IF(AI$3+MOD(COLUMN()-Calendar!$O$2, 5)<=$O48, 1, 0), 0) -> 0 | AK48: =IF($N48<=AI$3+MOD(COLUMN()-Calendar!$O$2, 5), IF(AI$3+MOD(COLUMN()-Calendar!$O$2, 5)<=$O48, 1, 0), 0) -> 0 | AL48: =IF($N48<=AI$3+MOD(COLUMN()-Calendar!$O$2, 5), IF(AI$3+MOD(COLUMN()-Calendar!$O$2, 5)<=$O48, 1, 0), 0) -> 0 | AM48: =IF($N48<=AI$3+MOD(COLUMN()-Calendar!$O$2, 5), IF(AI$3+MOD(COLUMN()-Calendar!$O$2, 5)<=$O48, 1, 0), 0) -> 0 | AN48: =IF($N48<=AN$3+MOD(COLUMN()-Calendar!$O$2, 5), IF(AN$3+MOD(COLUMN()-Calendar!$O$2, 5)<=$O48, 1, 0), 0) -> 0 | AO48: =IF($N48<=AN$3+MOD(COLUMN()-Calendar!$O$2, 5), IF(AN$3+MOD(COLUMN()-Calendar!$O$2, 5)<=$O48, 1, 0), 0) -> 0 | AP48: =IF($N48<=AN$3+MOD(COLUMN()-Calendar!$O$2, 5), IF(AN$3+MOD(COLUMN()-Calendar!$O$2, 5)<=$O48, 1, 0), 0) -> 0 | AQ48: =IF($N48<=AN$3+MOD(COLUMN()-Calendar!$O$2, 5), IF(AN$3+MOD(COLUMN()-Calendar!$O$2, 5)<=$O48, 1, 0), 0) -> 1 | AR48: =IF($N48<=AN$3+MOD(COLUMN()-Calendar!$O$2, 5), IF(AN$3+MOD(COLUMN()-Calendar!$O$2, 5)<=$O48, 1, 0), 0) -> 1 | AS48: =IF($N48<=AS$3+MOD(COLUMN()-Calendar!$O$2, 5), IF(AS$3+MOD(COLUMN()-Calendar!$O$2, 5)<=$O48, 1, 0), 0) -> 1 | AT48: =IF($N48<=AS$3+MOD(COLUMN()-Calendar!$O$2, 5), IF(AS$3+MOD(COLUMN()-Calendar!$O$2, 5)<=$O48, 1, 0), 0) -> 1 | AU48: =IF($N48<=AS$3+MOD(COLUMN()-Calendar!$O$2, 5), IF(AS$3+MOD(COLUMN()-Calendar!$O$2, 5)<=$O48, 1, 0), 0) -> 0 | AV48: =IF($N48<=AS$3+MOD(COLUMN()-Calendar!$O$2, 5), IF(AS$3+MOD(COLUMN()-Calendar!$O$2, 5)<=$O48, 1, 0), 0) -> 0 | AW48: =IF($N48<=AS$3+MOD(COLUMN()-Calendar!$O$2, 5), IF(AS$3+MOD(COLUMN()-Calendar!$O$2, 5)<=$O48, 1, 0), 0) -> 0
B49: 4000 | C49: 4300 | D49: 4310 | E49: 4313 | F49: 오류 수정 및 기능 보완 | N49: 46317 | O49: 46322 | P49: =IF(O49<>"", NETWORKDAYS(N49,O49,Calendar!$L$2:$L$43), "") -> 4 | Q49: =IF(C49<=9999, Q48, LEFT(C49, 2)) -> 구축 | R49: =IF(T49=4, VLOOKUP(O49, '주별 진척률'!$A$11:$B$169, 2, 0), "") -> W05 | S49: =IF(T49=4, IFERROR(VLOOKUP(W49, '주별 진척률'!$A$11:$B$169, 2, 0), ""), "") | T49: =IF(IFERROR(VALUE(E49), 0)>=1000, IF(IFERROR(VALUE(E49), 0)<=9999, 4, IF(RIGHT(D49,1)="0", 3, IF(RIGHT(C49,2)="00", 2, IF(RIGHT(B49,3)="000", 1, 0)))), IF(RIGHT(D49,1)="0", 3, IF(RIGHT(C49,2)="00", 2, IF(RIGHT(B49,3)="000", 1, 0)))) -> 4 | U49: =((1+(O49-N49))/(1+(MAX($O$5:$O$65)-MIN($N$5:$N$65)))) -> 0.2 | X49: =IF(W49<>"", NETWORKDAYS(V49,W49,Calendar!$L$2:$L$43), "") | Y49: =IF($N49<=Y$3+MOD(COLUMN()-Calendar!$O$2, 5), IF(Y$3+MOD(COLUMN()-Calendar!$O$2, 5)<=$O49, 1, 0), 0) -> 0 | Z49: =IF($N49<=Y$3+MOD(COLUMN()-Calendar!$O$2, 5), IF(Y$3+MOD(COLUMN()-Calendar!$O$2, 5)<=$O49, 1, 0), 0) -> 0 | AA49: =IF($N49<=Y$3+MOD(COLUMN()-Calendar!$O$2, 5), IF(Y$3+MOD(COLUMN()-Calendar!$O$2, 5)<=$O49, 1, 0), 0) -> 0 | AB49: =IF($N49<=Y$3+MOD(COLUMN()-Calendar!$O$2, 5), IF(Y$3+MOD(COLUMN()-Calendar!$O$2, 5)<=$O49, 1, 0), 0) -> 0 | AC49: =IF($N49<=Y$3+MOD(COLUMN()-Calendar!$O$2, 5), IF(Y$3+MOD(COLUMN()-Calendar!$O$2, 5)<=$O49, 1, 0), 0) -> 0 | AD49: =IF($N49<=AD$3+MOD(COLUMN()-Calendar!$O$2, 5), IF(AD$3+MOD(COLUMN()-Calendar!$O$2, 5)<=$O49, 1, 0), 0) -> 0 | AE49: =IF($N49<=AD$3+MOD(COLUMN()-Calendar!$O$2, 5), IF(AD$3+MOD(COLUMN()-Calendar!$O$2, 5)<=$O49, 1, 0), 0) -> 0 | AF49: =IF($N49<=AD$3+MOD(COLUMN()-Calendar!$O$2, 5), IF(AD$3+MOD(COLUMN()-Calendar!$O$2, 5)<=$O49, 1, 0), 0) -> 0 | AG49: =IF($N49<=AD$3+MOD(COLUMN()-Calendar!$O$2, 5), IF(AD$3+MOD(COLUMN()-Calendar!$O$2, 5)<=$O49, 1, 0), 0) -> 0 | AH49: =IF($N49<=AD$3+MOD(COLUMN()-Calendar!$O$2, 5), IF(AD$3+MOD(COLUMN()-Calendar!$O$2, 5)<=$O49, 1, 0), 0) -> 0 | AI49: =IF($N49<=AI$3+MOD(COLUMN()-Calendar!$O$2, 5), IF(AI$3+MOD(COLUMN()-Calendar!$O$2, 5)<=$O49, 1, 0), 0) -> 0 | AJ49: =IF($N49<=AI$3+MOD(COLUMN()-Calendar!$O$2, 5), IF(AI$3+MOD(COLUMN()-Calendar!$O$2, 5)<=$O49, 1, 0), 0) -> 0 | AK49: =IF($N49<=AI$3+MOD(COLUMN()-Calendar!$O$2, 5), IF(AI$3+MOD(COLUMN()-Calendar!$O$2, 5)<=$O49, 1, 0), 0) -> 0 | AL49: =IF($N49<=AI$3+MOD(COLUMN()-Calendar!$O$2, 5), IF(AI$3+MOD(COLUMN()-Calendar!$O$2, 5)<=$O49, 1, 0), 0) -> 0 | AM49: =IF($N49<=AI$3+MOD(COLUMN()-Calendar!$O$2, 5), IF(AI$3+MOD(COLUMN()-Calendar!$O$2, 5)<=$O49, 1, 0), 0) -> 0 | AN49: =IF($N49<=AN$3+MOD(COLUMN()-Calendar!$O$2, 5), IF(AN$3+MOD(COLUMN()-Calendar!$O$2, 5)<=$O49, 1, 0), 0) -> 0 | AO49: =IF($N49<=AN$3+MOD(COLUMN()-Calendar!$O$2, 5), IF(AN$3+MOD(COLUMN()-Calendar!$O$2, 5)<=$O49, 1, 0), 0) -> 0 | AP49: =IF($N49<=AN$3+MOD(COLUMN()-Calendar!$O$2, 5), IF(AN$3+MOD(COLUMN()-Calendar!$O$2, 5)<=$O49, 1, 0), 0) -> 0 | AQ49: =IF($N49<=AN$3+MOD(COLUMN()-Calendar!$O$2, 5), IF(AN$3+MOD(COLUMN()-Calendar!$O$2, 5)<=$O49, 1, 0), 0) -> 1 | AR49: =IF($N49<=AN$3+MOD(COLUMN()-Calendar!$O$2, 5), IF(AN$3+MOD(COLUMN()-Calendar!$O$2, 5)<=$O49, 1, 0), 0) -> 1 | AS49: =IF($N49<=AS$3+MOD(COLUMN()-Calendar!$O$2, 5), IF(AS$3+MOD(COLUMN()-Calendar!$O$2, 5)<=$O49, 1, 0), 0) -> 1 | AT49: =IF($N49<=AS$3+MOD(COLUMN()-Calendar!$O$2, 5), IF(AS$3+MOD(COLUMN()-Calendar!$O$2, 5)<=$O49, 1, 0), 0) -> 1 | AU49: =IF($N49<=AS$3+MOD(COLUMN()-Calendar!$O$2, 5), IF(AS$3+MOD(COLUMN()-Calendar!$O$2, 5)<=$O49, 1, 0), 0) -> 0 | AV49: =IF($N49<=AS$3+MOD(COLUMN()-Calendar!$O$2, 5), IF(AS$3+MOD(COLUMN()-Calendar!$O$2, 5)<=$O49, 1, 0), 0) -> 0 | AW49: =IF($N49<=AS$3+MOD(COLUMN()-Calendar!$O$2, 5), IF(AS$3+MOD(COLUMN()-Calendar!$O$2, 5)<=$O49, 1, 0), 0) -> 0
B50: 5000 | C50: 이행단계 | N50: =MIN(N51:N59) -> 46322 | O50: =MAX(O51:O59) -> 46324 | P50: =IF(O50<>"", NETWORKDAYS(N50,O50,Calendar!$L$2:$L$43), "") -> 3 | Q50: =IF(C50<=9999,#REF!, LEFT( C50, 2)) -> 이행 | R50: =IF(T50=4, VLOOKUP(O50, '주별 진척률'!$A$11:$B$169, 2, 0), "") | S50: =IF(T50=4, IFERROR(VLOOKUP(W50, '주별 진척률'!$A$11:$B$169, 2, 0), ""), "") | T50: =IF(IFERROR(VALUE(E50), 0)>=1000, IF(IFERROR(VALUE(E50), 0)<=9999, 4, IF(RIGHT(D50,1)="0", 3, IF(RIGHT(C50,2)="00", 2, IF(RIGHT(B50,3)="000", 1, 0)))), IF(RIGHT(D50,1)="0", 3, IF(RIGHT(C50,2)="00", 2, IF(RIGHT(B50,3)="000", 1, 0)))) -> 1 | U50: =((1+(O50-N50))/(1+(MAX($O$5:$O$65)-MIN($N$5:$N$65)))) -> 0.1 | V50: =MIN(V51:V59) -> 0 | W50: =MAX(W51:W59) -> 0 | X50: =IF(W50<>"", NETWORKDAYS(V50,W50,Calendar!$L$2:$L$43), "") -> 0 | Y50: =IF($N50<=Y$3+MOD(COLUMN()-Calendar!$O$2, 5), IF(Y$3+MOD(COLUMN()-Calendar!$O$2, 5)<=$O50, 1, 0), 0) -> 0 | Z50: =IF($N50<=Y$3+MOD(COLUMN()-Calendar!$O$2, 5), IF(Y$3+MOD(COLUMN()-Calendar!$O$2, 5)<=$O50, 1, 0), 0) -> 0 | AA50: =IF($N50<=Y$3+MOD(COLUMN()-Calendar!$O$2, 5), IF(Y$3+MOD(COLUMN()-Calendar!$O$2, 5)<=$O50, 1, 0), 0) -> 0 | AB50: =IF($N50<=Y$3+MOD(COLUMN()-Calendar!$O$2, 5), IF(Y$3+MOD(COLUMN()-Calendar!$O$2, 5)<=$O50, 1, 0), 0) -> 0 | AC50: =IF($N50<=Y$3+MOD(COLUMN()-Calendar!$O$2, 5), IF(Y$3+MOD(COLUMN()-Calendar!$O$2, 5)<=$O50, 1, 0), 0) -> 0 | AD50: =IF($N50<=AD$3+MOD(COLUMN()-Calendar!$O$2, 5), IF(AD$3+MOD(COLUMN()-Calendar!$O$2, 5)<=$O50, 1, 0), 0) -> 0 | AE50: =IF($N50<=AD$3+MOD(COLUMN()-Calendar!$O$2, 5), IF(AD$3+MOD(COLUMN()-Calendar!$O$2, 5)<=$O50, 1, 0), 0) -> 0 | AF50: =IF($N50<=AD$3+MOD(COLUMN()-Calendar!$O$2, 5), IF(AD$3+MOD(COLUMN()-Calendar!$O$2, 5)<=$O50, 1, 0), 0) -> 0 | AG50: =IF($N50<=AD$3+MOD(COLUMN()-Calendar!$O$2, 5), IF(AD$3+MOD(COLUMN()-Calendar!$O$2, 5)<=$O50, 1, 0), 0) -> 0 | AH50: =IF($N50<=AD$3+MOD(COLUMN()-Calendar!$O$2, 5), IF(AD$3+MOD(COLUMN()-Calendar!$O$2, 5)<=$O50, 1, 0), 0) -> 0 | AI50: =IF($N50<=AI$3+MOD(COLUMN()-Calendar!$O$2, 5), IF(AI$3+MOD(COLUMN()-Calendar!$O$2, 5)<=$O50, 1, 0), 0) -> 0 | AJ50: =IF($N50<=AI$3+MOD(COLUMN()-Calendar!$O$2, 5), IF(AI$3+MOD(COLUMN()-Calendar!$O$2, 5)<=$O50, 1, 0), 0) -> 0 | AK50: =IF($N50<=AI$3+MOD(COLUMN()-Calendar!$O$2, 5), IF(AI$3+MOD(COLUMN()-Calendar!$O$2, 5)<=$O50, 1, 0), 0) -> 0 | AL50: =IF($N50<=AI$3+MOD(COLUMN()-Calendar!$O$2, 5), IF(AI$3+MOD(COLUMN()-Calendar!$O$2, 5)<=$O50, 1, 0), 0) -> 0 | AM50: =IF($N50<=AI$3+MOD(COLUMN()-Calendar!$O$2, 5), IF(AI$3+MOD(COLUMN()-Calendar!$O$2, 5)<=$O50, 1, 0), 0) -> 0 | AN50: =IF($N50<=AN$3+MOD(COLUMN()-Calendar!$O$2, 5), IF(AN$3+MOD(COLUMN()-Calendar!$O$2, 5)<=$O50, 1, 0), 0) -> 0 | AO50: =IF($N50<=AN$3+MOD(COLUMN()-Calendar!$O$2, 5), IF(AN$3+MOD(COLUMN()-Calendar!$O$2, 5)<=$O50, 1, 0), 0) -> 0 | AP50: =IF($N50<=AN$3+MOD(COLUMN()-Calendar!$O$2, 5), IF(AN$3+MOD(COLUMN()-Calendar!$O$2, 5)<=$O50, 1, 0), 0) -> 0 | AQ50: =IF($N50<=AN$3+MOD(COLUMN()-Calendar!$O$2, 5), IF(AN$3+MOD(COLUMN()-Calendar!$O$2, 5)<=$O50, 1, 0), 0) -> 0 | AR50: =IF($N50<=AN$3+MOD(COLUMN()-Calendar!$O$2, 5), IF(AN$3+MOD(COLUMN()-Calendar!$O$2, 5)<=$O50, 1, 0), 0) -> 0 | AS50: =IF($N50<=AS$3+MOD(COLUMN()-Calendar!$O$2, 5), IF(AS$3+MOD(COLUMN()-Calendar!$O$2, 5)<=$O50, 1, 0), 0) -> 0 | AT50: =IF($N50<=AS$3+MOD(COLUMN()-Calendar!$O$2, 5), IF(AS$3+MOD(COLUMN()-Calendar!$O$2, 5)<=$O50, 1, 0), 0) -> 1 | AU50: =IF($N50<=AS$3+MOD(COLUMN()-Calendar!$O$2, 5), IF(AS$3+MOD(COLUMN()-Calendar!$O$2, 5)<=$O50, 1, 0), 0) -> 1 | AV50: =IF($N50<=AS$3+MOD(COLUMN()-Calendar!$O$2, 5), IF(AS$3+MOD(COLUMN()-Calendar!$O$2, 5)<=$O50, 1, 0), 0) -> 1 | AW50: =IF($N50<=AS$3+MOD(COLUMN()-Calendar!$O$2, 5), IF(AS$3+MOD(COLUMN()-Calendar!$O$2, 5)<=$O50, 1, 0), 0) -> 0
B51: 5000 | C51: 5100 | D51: 시스템 오픈 준비 | N51: =MIN(N52:N54) -> 46322 | O51: =MAX(O52:O54) -> 46322 | P51: =IF(O51<>"", NETWORKDAYS(N51,O51,Calendar!$L$2:$L$43), "") -> 1 | Q51: =IF(C51<=9999,Q50, LEFT( C51, 2)) -> 이행 | R51: =IF(T51=4, VLOOKUP(O51, '주별 진척률'!$A$11:$B$169, 2, 0), "") | S51: =IF(T51=4, IFERROR(VLOOKUP(W51, '주별 진척률'!$A$11:$B$169, 2, 0), ""), "") | T51: =IF(IFERROR(VALUE(E51), 0)>=1000, IF(IFERROR(VALUE(E51), 0)<=9999, 4, IF(RIGHT(D51,1)="0", 3, IF(RIGHT(C51,2)="00", 2, IF(RIGHT(B51,3)="000", 1, 0)))), IF(RIGHT(D51,1)="0", 3, IF(RIGHT(C51,2)="00", 2, IF(RIGHT(B51,3)="000", 1, 0)))) -> 2 | U51: =((1+(O51-N51))/(1+(MAX($O$5:$O$65)-MIN($N$5:$N$65)))) -> 0.033333333 | V51: =MIN(V52:V54) -> 0 | W51: =MAX(W52:W54) -> 0 | X51: =IF(W51<>"", NETWORKDAYS(V51,W51,Calendar!$L$2:$L$43), "") -> 0 | Y51: =IF($N51<=Y$3+MOD(COLUMN()-Calendar!$O$2, 5), IF(Y$3+MOD(COLUMN()-Calendar!$O$2, 5)<=$O51, 1, 0), 0) -> 0 | Z51: =IF($N51<=Y$3+MOD(COLUMN()-Calendar!$O$2, 5), IF(Y$3+MOD(COLUMN()-Calendar!$O$2, 5)<=$O51, 1, 0), 0) -> 0 | AA51: =IF($N51<=Y$3+MOD(COLUMN()-Calendar!$O$2, 5), IF(Y$3+MOD(COLUMN()-Calendar!$O$2, 5)<=$O51, 1, 0), 0) -> 0 | AB51: =IF($N51<=Y$3+MOD(COLUMN()-Calendar!$O$2, 5), IF(Y$3+MOD(COLUMN()-Calendar!$O$2, 5)<=$O51, 1, 0), 0) -> 0 | AC51: =IF($N51<=Y$3+MOD(COLUMN()-Calendar!$O$2, 5), IF(Y$3+MOD(COLUMN()-Calendar!$O$2, 5)<=$O51, 1, 0), 0) -> 0 | AD51: =IF($N51<=AD$3+MOD(COLUMN()-Calendar!$O$2, 5), IF(AD$3+MOD(COLUMN()-Calendar!$O$2, 5)<=$O51, 1, 0), 0) -> 0 | AE51: =IF($N51<=AD$3+MOD(COLUMN()-Calendar!$O$2, 5), IF(AD$3+MOD(COLUMN()-Calendar!$O$2, 5)<=$O51, 1, 0), 0) -> 0 | AF51: =IF($N51<=AD$3+MOD(COLUMN()-Calendar!$O$2, 5), IF(AD$3+MOD(COLUMN()-Calendar!$O$2, 5)<=$O51, 1, 0), 0) -> 0 | AG51: =IF($N51<=AD$3+MOD(COLUMN()-Calendar!$O$2, 5), IF(AD$3+MOD(COLUMN()-Calendar!$O$2, 5)<=$O51, 1, 0), 0) -> 0 | AH51: =IF($N51<=AD$3+MOD(COLUMN()-Calendar!$O$2, 5), IF(AD$3+MOD(COLUMN()-Calendar!$O$2, 5)<=$O51, 1, 0), 0) -> 0 | AI51: =IF($N51<=AI$3+MOD(COLUMN()-Calendar!$O$2, 5), IF(AI$3+MOD(COLUMN()-Calendar!$O$2, 5)<=$O51, 1, 0), 0) -> 0 | AJ51: =IF($N51<=AI$3+MOD(COLUMN()-Calendar!$O$2, 5), IF(AI$3+MOD(COLUMN()-Calendar!$O$2, 5)<=$O51, 1, 0), 0) -> 0 | AK51: =IF($N51<=AI$3+MOD(COLUMN()-Calendar!$O$2, 5), IF(AI$3+MOD(COLUMN()-Calendar!$O$2, 5)<=$O51, 1, 0), 0) -> 0 | AL51: =IF($N51<=AI$3+MOD(COLUMN()-Calendar!$O$2, 5), IF(AI$3+MOD(COLUMN()-Calendar!$O$2, 5)<=$O51, 1, 0), 0) -> 0 | AM51: =IF($N51<=AI$3+MOD(COLUMN()-Calendar!$O$2, 5), IF(AI$3+MOD(COLUMN()-Calendar!$O$2, 5)<=$O51, 1, 0), 0) -> 0 | AN51: =IF($N51<=AN$3+MOD(COLUMN()-Calendar!$O$2, 5), IF(AN$3+MOD(COLUMN()-Calendar!$O$2, 5)<=$O51, 1, 0), 0) -> 0 | AO51: =IF($N51<=AN$3+MOD(COLUMN()-Calendar!$O$2, 5), IF(AN$3+MOD(COLUMN()-Calendar!$O$2, 5)<=$O51, 1, 0), 0) -> 0 | AP51: =IF($N51<=AN$3+MOD(COLUMN()-Calendar!$O$2, 5), IF(AN$3+MOD(COLUMN()-Calendar!$O$2, 5)<=$O51, 1, 0), 0) -> 0 | AQ51: =IF($N51<=AN$3+MOD(COLUMN()-Calendar!$O$2, 5), IF(AN$3+MOD(COLUMN()-Calendar!$O$2, 5)<=$O51, 1, 0), 0) -> 0 | AR51: =IF($N51<=AN$3+MOD(COLUMN()-Calendar!$O$2, 5), IF(AN$3+MOD(COLUMN()-Calendar!$O$2, 5)<=$O51, 1, 0), 0) -> 0 | AS51: =IF($N51<=AS$3+MOD(COLUMN()-Calendar!$O$2, 5), IF(AS$3+MOD(COLUMN()-Calendar!$O$2, 5)<=$O51, 1, 0), 0) -> 0 | AT51: =IF($N51<=AS$3+MOD(COLUMN()-Calendar!$O$2, 5), IF(AS$3+MOD(COLUMN()-Calendar!$O$2, 5)<=$O51, 1, 0), 0) -> 1 | AU51: =IF($N51<=AS$3+MOD(COLUMN()-Calendar!$O$2, 5), IF(AS$3+MOD(COLUMN()-Calendar!$O$2, 5)<=$O51, 1, 0), 0) -> 0 | AV51: =IF($N51<=AS$3+MOD(COLUMN()-Calendar!$O$2, 5), IF(AS$3+MOD(COLUMN()-Calendar!$O$2, 5)<=$O51, 1, 0), 0) -> 0 | AW51: =IF($N51<=AS$3+MOD(COLUMN()-Calendar!$O$2, 5), IF(AS$3+MOD(COLUMN()-Calendar!$O$2, 5)<=$O51, 1, 0), 0) -> 0
B52: 5000 | C52: 5100 | D52: 5110 | E52: Key User 및 사용자 교육 | N52: =MIN(N53:N54) -> 46322 | O52: =MAX(O53:O54) -> 46322 | P52: =IF(O52<>"", NETWORKDAYS(N52,O52,Calendar!$L$2:$L$43), "") -> 1 | Q52: =IF(C52<=9999, Q51, LEFT(C52, 2)) -> 이행 | R52: =IF(T52=4, VLOOKUP(O52, '주별 진척률'!$A$11:$B$169, 2, 0), "") | S52: =IF(T52=4, IFERROR(VLOOKUP(W52, '주별 진척률'!$A$11:$B$169, 2, 0), ""), "") | T52: =IF(IFERROR(VALUE(E52), 0)>=1000, IF(IFERROR(VALUE(E52), 0)<=9999, 4, IF(RIGHT(D52,1)="0", 3, IF(RIGHT(C52,2)="00", 2, IF(RIGHT(B52,3)="000", 1, 0)))), IF(RIGHT(D52,1)="0", 3, IF(RIGHT(C52,2)="00", 2, IF(RIGHT(B52,3)="000", 1, 0)))) -> 3 | U52: =((1+(O52-N52))/(1+(MAX($O$5:$O$65)-MIN($N$5:$N$65)))) -> 0.033333333 | V52: =MIN(V53:V54) -> 0 | W52: =MAX(W53:W54) -> 0 | X52: =IF(W52<>"", NETWORKDAYS(V52,W52,Calendar!$L$2:$L$43), "") -> 0 | Y52: =IF($N52<=Y$3+MOD(COLUMN()-Calendar!$O$2, 5), IF(Y$3+MOD(COLUMN()-Calendar!$O$2, 5)<=$O52, 1, 0), 0) -> 0 | Z52: =IF($N52<=Y$3+MOD(COLUMN()-Calendar!$O$2, 5), IF(Y$3+MOD(COLUMN()-Calendar!$O$2, 5)<=$O52, 1, 0), 0) -> 0 | AA52: =IF($N52<=Y$3+MOD(COLUMN()-Calendar!$O$2, 5), IF(Y$3+MOD(COLUMN()-Calendar!$O$2, 5)<=$O52, 1, 0), 0) -> 0 | AB52: =IF($N52<=Y$3+MOD(COLUMN()-Calendar!$O$2, 5), IF(Y$3+MOD(COLUMN()-Calendar!$O$2, 5)<=$O52, 1, 0), 0) -> 0 | AC52: =IF($N52<=Y$3+MOD(COLUMN()-Calendar!$O$2, 5), IF(Y$3+MOD(COLUMN()-Calendar!$O$2, 5)<=$O52, 1, 0), 0) -> 0 | AD52: =IF($N52<=AD$3+MOD(COLUMN()-Calendar!$O$2, 5), IF(AD$3+MOD(COLUMN()-Calendar!$O$2, 5)<=$O52, 1, 0), 0) -> 0 | AE52: =IF($N52<=AD$3+MOD(COLUMN()-Calendar!$O$2, 5), IF(AD$3+MOD(COLUMN()-Calendar!$O$2, 5)<=$O52, 1, 0), 0) -> 0 | AF52: =IF($N52<=AD$3+MOD(COLUMN()-Calendar!$O$2, 5), IF(AD$3+MOD(COLUMN()-Calendar!$O$2, 5)<=$O52, 1, 0), 0) -> 0 | AG52: =IF($N52<=AD$3+MOD(COLUMN()-Calendar!$O$2, 5), IF(AD$3+MOD(COLUMN()-Calendar!$O$2, 5)<=$O52, 1, 0), 0) -> 0 | AH52: =IF($N52<=AD$3+MOD(COLUMN()-Calendar!$O$2, 5), IF(AD$3+MOD(COLUMN()-Calendar!$O$2, 5)<=$O52, 1, 0), 0) -> 0 | AI52: =IF($N52<=AI$3+MOD(COLUMN()-Calendar!$O$2, 5), IF(AI$3+MOD(COLUMN()-Calendar!$O$2, 5)<=$O52, 1, 0), 0) -> 0 | AJ52: =IF($N52<=AI$3+MOD(COLUMN()-Calendar!$O$2, 5), IF(AI$3+MOD(COLUMN()-Calendar!$O$2, 5)<=$O52, 1, 0), 0) -> 0 | AK52: =IF($N52<=AI$3+MOD(COLUMN()-Calendar!$O$2, 5), IF(AI$3+MOD(COLUMN()-Calendar!$O$2, 5)<=$O52, 1, 0), 0) -> 0 | AL52: =IF($N52<=AI$3+MOD(COLUMN()-Calendar!$O$2, 5), IF(AI$3+MOD(COLUMN()-Calendar!$O$2, 5)<=$O52, 1, 0), 0) -> 0 | AM52: =IF($N52<=AI$3+MOD(COLUMN()-Calendar!$O$2, 5), IF(AI$3+MOD(COLUMN()-Calendar!$O$2, 5)<=$O52, 1, 0), 0) -> 0 | AN52: =IF($N52<=AN$3+MOD(COLUMN()-Calendar!$O$2, 5), IF(AN$3+MOD(COLUMN()-Calendar!$O$2, 5)<=$O52, 1, 0), 0) -> 0 | AO52: =IF($N52<=AN$3+MOD(COLUMN()-Calendar!$O$2, 5), IF(AN$3+MOD(COLUMN()-Calendar!$O$2, 5)<=$O52, 1, 0), 0) -> 0 | AP52: =IF($N52<=AN$3+MOD(COLUMN()-Calendar!$O$2, 5), IF(AN$3+MOD(COLUMN()-Calendar!$O$2, 5)<=$O52, 1, 0), 0) -> 0 | AQ52: =IF($N52<=AN$3+MOD(COLUMN()-Calendar!$O$2, 5), IF(AN$3+MOD(COLUMN()-Calendar!$O$2, 5)<=$O52, 1, 0), 0) -> 0 | AR52: =IF($N52<=AN$3+MOD(COLUMN()-Calendar!$O$2, 5), IF(AN$3+MOD(COLUMN()-Calendar!$O$2, 5)<=$O52, 1, 0), 0) -> 0 | AS52: =IF($N52<=AS$3+MOD(COLUMN()-Calendar!$O$2, 5), IF(AS$3+MOD(COLUMN()-Calendar!$O$2, 5)<=$O52, 1, 0), 0) -> 0 | AT52: =IF($N52<=AS$3+MOD(COLUMN()-Calendar!$O$2, 5), IF(AS$3+MOD(COLUMN()-Calendar!$O$2, 5)<=$O52, 1, 0), 0) -> 1 | AU52: =IF($N52<=AS$3+MOD(COLUMN()-Calendar!$O$2, 5), IF(AS$3+MOD(COLUMN()-Calendar!$O$2, 5)<=$O52, 1, 0), 0) -> 0 | AV52: =IF($N52<=AS$3+MOD(COLUMN()-Calendar!$O$2, 5), IF(AS$3+MOD(COLUMN()-Calendar!$O$2, 5)<=$O52, 1, 0), 0) -> 0 | AW52: =IF($N52<=AS$3+MOD(COLUMN()-Calendar!$O$2, 5), IF(AS$3+MOD(COLUMN()-Calendar!$O$2, 5)<=$O52, 1, 0), 0) -> 0
B53: 5000 | C53: 5100 | D53: 5110 | E53: 5111 | F53: Key User 대상 주요 기능 사용법 교육 | N53: 46322 | O53: 46322 | P53: =IF(O53<>"", NETWORKDAYS(N53,O53,Calendar!$L$2:$L$43), "") -> 1 | Q53: =IF(C53<=9999, Q52, LEFT(C53, 2)) -> 이행 | R53: =IF(T53=4, VLOOKUP(O53, '주별 진척률'!$A$11:$B$169, 2, 0), "") -> W05 | S53: =IF(T53=4, IFERROR(VLOOKUP(W53, '주별 진척률'!$A$11:$B$169, 2, 0), ""), "") | T53: =IF(IFERROR(VALUE(E53), 0)>=1000, IF(IFERROR(VALUE(E53), 0)<=9999, 4, IF(RIGHT(D53,1)="0", 3, IF(RIGHT(C53,2)="00", 2, IF(RIGHT(B53,3)="000", 1, 0)))), IF(RIGHT(D53,1)="0", 3, IF(RIGHT(C53,2)="00", 2, IF(RIGHT(B53,3)="000", 1, 0)))) -> 4 | U53: =((1+(O53-N53))/(1+(MAX($O$5:$O$65)-MIN($N$5:$N$65)))) -> 0.033333333 | X53: =IF(W53<>"", NETWORKDAYS(V53,W53,Calendar!$L$2:$L$43), "") | Y53: =IF($N53<=Y$3+MOD(COLUMN()-Calendar!$O$2, 5), IF(Y$3+MOD(COLUMN()-Calendar!$O$2, 5)<=$O53, 1, 0), 0) -> 0 | Z53: =IF($N53<=Y$3+MOD(COLUMN()-Calendar!$O$2, 5), IF(Y$3+MOD(COLUMN()-Calendar!$O$2, 5)<=$O53, 1, 0), 0) -> 0 | AA53: =IF($N53<=Y$3+MOD(COLUMN()-Calendar!$O$2, 5), IF(Y$3+MOD(COLUMN()-Calendar!$O$2, 5)<=$O53, 1, 0), 0) -> 0 | AB53: =IF($N53<=Y$3+MOD(COLUMN()-Calendar!$O$2, 5), IF(Y$3+MOD(COLUMN()-Calendar!$O$2, 5)<=$O53, 1, 0), 0) -> 0 | AC53: =IF($N53<=Y$3+MOD(COLUMN()-Calendar!$O$2, 5), IF(Y$3+MOD(COLUMN()-Calendar!$O$2, 5)<=$O53, 1, 0), 0) -> 0 | AD53: =IF($N53<=AD$3+MOD(COLUMN()-Calendar!$O$2, 5), IF(AD$3+MOD(COLUMN()-Calendar!$O$2, 5)<=$O53, 1, 0), 0) -> 0 | AE53: =IF($N53<=AD$3+MOD(COLUMN()-Calendar!$O$2, 5), IF(AD$3+MOD(COLUMN()-Calendar!$O$2, 5)<=$O53, 1, 0), 0) -> 0 | AF53: =IF($N53<=AD$3+MOD(COLUMN()-Calendar!$O$2, 5), IF(AD$3+MOD(COLUMN()-Calendar!$O$2, 5)<=$O53, 1, 0), 0) -> 0 | AG53: =IF($N53<=AD$3+MOD(COLUMN()-Calendar!$O$2, 5), IF(AD$3+MOD(COLUMN()-Calendar!$O$2, 5)<=$O53, 1, 0), 0) -> 0 | AH53: =IF($N53<=AD$3+MOD(COLUMN()-Calendar!$O$2, 5), IF(AD$3+MOD(COLUMN()-Calendar!$O$2, 5)<=$O53, 1, 0), 0) -> 0 | AI53: =IF($N53<=AI$3+MOD(COLUMN()-Calendar!$O$2, 5), IF(AI$3+MOD(COLUMN()-Calendar!$O$2, 5)<=$O53, 1, 0), 0) -> 0 | AJ53: =IF($N53<=AI$3+MOD(COLUMN()-Calendar!$O$2, 5), IF(AI$3+MOD(COLUMN()-Calendar!$O$2, 5)<=$O53, 1, 0), 0) -> 0 | AK53: =IF($N53<=AI$3+MOD(COLUMN()-Calendar!$O$2, 5), IF(AI$3+MOD(COLUMN()-Calendar!$O$2, 5)<=$O53, 1, 0), 0) -> 0 | AL53: =IF($N53<=AI$3+MOD(COLUMN()-Calendar!$O$2, 5), IF(AI$3+MOD(COLUMN()-Calendar!$O$2, 5)<=$O53, 1, 0), 0) -> 0 | AM53: =IF($N53<=AI$3+MOD(COLUMN()-Calendar!$O$2, 5), IF(AI$3+MOD(COLUMN()-Calendar!$O$2, 5)<=$O53, 1, 0), 0) -> 0 | AN53: =IF($N53<=AN$3+MOD(COLUMN()-Calendar!$O$2, 5), IF(AN$3+MOD(COLUMN()-Calendar!$O$2, 5)<=$O53, 1, 0), 0) -> 0 | AO53: =IF($N53<=AN$3+MOD(COLUMN()-Calendar!$O$2, 5), IF(AN$3+MOD(COLUMN()-Calendar!$O$2, 5)<=$O53, 1, 0), 0) -> 0 | AP53: =IF($N53<=AN$3+MOD(COLUMN()-Calendar!$O$2, 5), IF(AN$3+MOD(COLUMN()-Calendar!$O$2, 5)<=$O53, 1, 0), 0) -> 0 | AQ53: =IF($N53<=AN$3+MOD(COLUMN()-Calendar!$O$2, 5), IF(AN$3+MOD(COLUMN()-Calendar!$O$2, 5)<=$O53, 1, 0), 0) -> 0 | AR53: =IF($N53<=AN$3+MOD(COLUMN()-Calendar!$O$2, 5), IF(AN$3+MOD(COLUMN()-Calendar!$O$2, 5)<=$O53, 1, 0), 0) -> 0 | AS53: =IF($N53<=AS$3+MOD(COLUMN()-Calendar!$O$2, 5), IF(AS$3+MOD(COLUMN()-Calendar!$O$2, 5)<=$O53, 1, 0), 0) -> 0 | AT53: =IF($N53<=AS$3+MOD(COLUMN()-Calendar!$O$2, 5), IF(AS$3+MOD(COLUMN()-Calendar!$O$2, 5)<=$O53, 1, 0), 0) -> 1 | AU53: =IF($N53<=AS$3+MOD(COLUMN()-Calendar!$O$2, 5), IF(AS$3+MOD(COLUMN()-Calendar!$O$2, 5)<=$O53, 1, 0), 0) -> 0 | AV53: =IF($N53<=AS$3+MOD(COLUMN()-Calendar!$O$2, 5), IF(AS$3+MOD(COLUMN()-Calendar!$O$2, 5)<=$O53, 1, 0), 0) -> 0 | AW53: =IF($N53<=AS$3+MOD(COLUMN()-Calendar!$O$2, 5), IF(AS$3+MOD(COLUMN()-Calendar!$O$2, 5)<=$O53, 1, 0), 0) -> 0
B54: 5000 | C54: 5100 | D54: 5110 | E54: 5112 | F54: 주요 유의사항 및 향후 운영 방법 전달 | N54: 46322 | O54: 46322 | P54: =IF(O54<>"", NETWORKDAYS(N54,O54,Calendar!$L$2:$L$43), "") -> 1 | Q54: =IF(C54<=9999,Q53, LEFT( C54, 2)) -> 이행 | R54: =IF(T54=4, VLOOKUP(O54, '주별 진척률'!$A$11:$B$169, 2, 0), "") -> W05 | S54: =IF(T54=4, IFERROR(VLOOKUP(W54, '주별 진척률'!$A$11:$B$169, 2, 0), ""), "") | T54: =IF(IFERROR(VALUE(E54), 0)>=1000, IF(IFERROR(VALUE(E54), 0)<=9999, 4, IF(RIGHT(D54,1)="0", 3, IF(RIGHT(C54,2)="00", 2, IF(RIGHT(B54,3)="000", 1, 0)))), IF(RIGHT(D54,1)="0", 3, IF(RIGHT(C54,2)="00", 2, IF(RIGHT(B54,3)="000", 1, 0)))) -> 4 | U54: =((1+(O54-N54))/(1+(MAX($O$5:$O$65)-MIN($N$5:$N$65)))) -> 0.033333333 | X54: =IF(W54<>"", NETWORKDAYS(V54,W54,Calendar!$L$2:$L$43), "") | Y54: =IF($N54<=Y$3+MOD(COLUMN()-Calendar!$O$2, 5), IF(Y$3+MOD(COLUMN()-Calendar!$O$2, 5)<=$O54, 1, 0), 0) -> 0 | Z54: =IF($N54<=Y$3+MOD(COLUMN()-Calendar!$O$2, 5), IF(Y$3+MOD(COLUMN()-Calendar!$O$2, 5)<=$O54, 1, 0), 0) -> 0 | AA54: =IF($N54<=Y$3+MOD(COLUMN()-Calendar!$O$2, 5), IF(Y$3+MOD(COLUMN()-Calendar!$O$2, 5)<=$O54, 1, 0), 0) -> 0 | AB54: =IF($N54<=Y$3+MOD(COLUMN()-Calendar!$O$2, 5), IF(Y$3+MOD(COLUMN()-Calendar!$O$2, 5)<=$O54, 1, 0), 0) -> 0 | AC54: =IF($N54<=Y$3+MOD(COLUMN()-Calendar!$O$2, 5), IF(Y$3+MOD(COLUMN()-Calendar!$O$2, 5)<=$O54, 1, 0), 0) -> 0 | AD54: =IF($N54<=AD$3+MOD(COLUMN()-Calendar!$O$2, 5), IF(AD$3+MOD(COLUMN()-Calendar!$O$2, 5)<=$O54, 1, 0), 0) -> 0 | AE54: =IF($N54<=AD$3+MOD(COLUMN()-Calendar!$O$2, 5), IF(AD$3+MOD(COLUMN()-Calendar!$O$2, 5)<=$O54, 1, 0), 0) -> 0 | AF54: =IF($N54<=AD$3+MOD(COLUMN()-Calendar!$O$2, 5), IF(AD$3+MOD(COLUMN()-Calendar!$O$2, 5)<=$O54, 1, 0), 0) -> 0 | AG54: =IF($N54<=AD$3+MOD(COLUMN()-Calendar!$O$2, 5), IF(AD$3+MOD(COLUMN()-Calendar!$O$2, 5)<=$O54, 1, 0), 0) -> 0 | AH54: =IF($N54<=AD$3+MOD(COLUMN()-Calendar!$O$2, 5), IF(AD$3+MOD(COLUMN()-Calendar!$O$2, 5)<=$O54, 1, 0), 0) -> 0 | AI54: =IF($N54<=AI$3+MOD(COLUMN()-Calendar!$O$2, 5), IF(AI$3+MOD(COLUMN()-Calendar!$O$2, 5)<=$O54, 1, 0), 0) -> 0 | AJ54: =IF($N54<=AI$3+MOD(COLUMN()-Calendar!$O$2, 5), IF(AI$3+MOD(COLUMN()-Calendar!$O$2, 5)<=$O54, 1, 0), 0) -> 0 | AK54: =IF($N54<=AI$3+MOD(COLUMN()-Calendar!$O$2, 5), IF(AI$3+MOD(COLUMN()-Calendar!$O$2, 5)<=$O54, 1, 0), 0) -> 0 | AL54: =IF($N54<=AI$3+MOD(COLUMN()-Calendar!$O$2, 5), IF(AI$3+MOD(COLUMN()-Calendar!$O$2, 5)<=$O54, 1, 0), 0) -> 0 | AM54: =IF($N54<=AI$3+MOD(COLUMN()-Calendar!$O$2, 5), IF(AI$3+MOD(COLUMN()-Calendar!$O$2, 5)<=$O54, 1, 0), 0) -> 0 | AN54: =IF($N54<=AN$3+MOD(COLUMN()-Calendar!$O$2, 5), IF(AN$3+MOD(COLUMN()-Calendar!$O$2, 5)<=$O54, 1, 0), 0) -> 0 | AO54: =IF($N54<=AN$3+MOD(COLUMN()-Calendar!$O$2, 5), IF(AN$3+MOD(COLUMN()-Calendar!$O$2, 5)<=$O54, 1, 0), 0) -> 0 | AP54: =IF($N54<=AN$3+MOD(COLUMN()-Calendar!$O$2, 5), IF(AN$3+MOD(COLUMN()-Calendar!$O$2, 5)<=$O54, 1, 0), 0) -> 0 | AQ54: =IF($N54<=AN$3+MOD(COLUMN()-Calendar!$O$2, 5), IF(AN$3+MOD(COLUMN()-Calendar!$O$2, 5)<=$O54, 1, 0), 0) -> 0 | AR54: =IF($N54<=AN$3+MOD(COLUMN()-Calendar!$O$2, 5), IF(AN$3+MOD(COLUMN()-Calendar!$O$2, 5)<=$O54, 1, 0), 0) -> 0 | AS54: =IF($N54<=AS$3+MOD(COLUMN()-Calendar!$O$2, 5), IF(AS$3+MOD(COLUMN()-Calendar!$O$2, 5)<=$O54, 1, 0), 0) -> 0 | AT54: =IF($N54<=AS$3+MOD(COLUMN()-Calendar!$O$2, 5), IF(AS$3+MOD(COLUMN()-Calendar!$O$2, 5)<=$O54, 1, 0), 0) -> 1 | AU54: =IF($N54<=AS$3+MOD(COLUMN()-Calendar!$O$2, 5), IF(AS$3+MOD(COLUMN()-Calendar!$O$2, 5)<=$O54, 1, 0), 0) -> 0 | AV54: =IF($N54<=AS$3+MOD(COLUMN()-Calendar!$O$2, 5), IF(AS$3+MOD(COLUMN()-Calendar!$O$2, 5)<=$O54, 1, 0), 0) -> 0 | AW54: =IF($N54<=AS$3+MOD(COLUMN()-Calendar!$O$2, 5), IF(AS$3+MOD(COLUMN()-Calendar!$O$2, 5)<=$O54, 1, 0), 0) -> 0
B55: 5000 | C55: 5200 | D55: Go-Live | N55: =MIN(N56:N59) -> 46322 | O55: =MAX(O56:O59) -> 46324 | P55: =IF(O55<>"", NETWORKDAYS(N55,O55,Calendar!$L$2:$L$43), "") -> 3 | Q55: =IF(C55<=9999,Q54, LEFT( C55, 2)) -> 이행 | R55: =IF(T55=4, VLOOKUP(O55, '주별 진척률'!$A$11:$B$169, 2, 0), "") | S55: =IF(T55=4, IFERROR(VLOOKUP(W55, '주별 진척률'!$A$11:$B$169, 2, 0), ""), "") | T55: =IF(IFERROR(VALUE(E55), 0)>=1000, IF(IFERROR(VALUE(E55), 0)<=9999, 4, IF(RIGHT(D55,1)="0", 3, IF(RIGHT(C55,2)="00", 2, IF(RIGHT(B55,3)="000", 1, 0)))), IF(RIGHT(D55,1)="0", 3, IF(RIGHT(C55,2)="00", 2, IF(RIGHT(B55,3)="000", 1, 0)))) -> 2 | U55: =((1+(O55-N55))/(1+(MAX($O$5:$O$65)-MIN($N$5:$N$65)))) -> 0.1 | V55: =MIN(V56:V57) -> 0 | W55: =MAX(W56:W57) -> 0 | X55: =IF(W55<>"", NETWORKDAYS(V55,W55,Calendar!$L$2:$L$43), "") -> 0 | Y55: =IF($N55<=Y$3+MOD(COLUMN()-Calendar!$O$2, 5), IF(Y$3+MOD(COLUMN()-Calendar!$O$2, 5)<=$O55, 1, 0), 0) -> 0 | Z55: =IF($N55<=Y$3+MOD(COLUMN()-Calendar!$O$2, 5), IF(Y$3+MOD(COLUMN()-Calendar!$O$2, 5)<=$O55, 1, 0), 0) -> 0 | AA55: =IF($N55<=Y$3+MOD(COLUMN()-Calendar!$O$2, 5), IF(Y$3+MOD(COLUMN()-Calendar!$O$2, 5)<=$O55, 1, 0), 0) -> 0 | AB55: =IF($N55<=Y$3+MOD(COLUMN()-Calendar!$O$2, 5), IF(Y$3+MOD(COLUMN()-Calendar!$O$2, 5)<=$O55, 1, 0), 0) -> 0 | AC55: =IF($N55<=Y$3+MOD(COLUMN()-Calendar!$O$2, 5), IF(Y$3+MOD(COLUMN()-Calendar!$O$2, 5)<=$O55, 1, 0), 0) -> 0 | AD55: =IF($N55<=AD$3+MOD(COLUMN()-Calendar!$O$2, 5), IF(AD$3+MOD(COLUMN()-Calendar!$O$2, 5)<=$O55, 1, 0), 0) -> 0 | AE55: =IF($N55<=AD$3+MOD(COLUMN()-Calendar!$O$2, 5), IF(AD$3+MOD(COLUMN()-Calendar!$O$2, 5)<=$O55, 1, 0), 0) -> 0 | AF55: =IF($N55<=AD$3+MOD(COLUMN()-Calendar!$O$2, 5), IF(AD$3+MOD(COLUMN()-Calendar!$O$2, 5)<=$O55, 1, 0), 0) -> 0 | AG55: =IF($N55<=AD$3+MOD(COLUMN()-Calendar!$O$2, 5), IF(AD$3+MOD(COLUMN()-Calendar!$O$2, 5)<=$O55, 1, 0), 0) -> 0 | AH55: =IF($N55<=AD$3+MOD(COLUMN()-Calendar!$O$2, 5), IF(AD$3+MOD(COLUMN()-Calendar!$O$2, 5)<=$O55, 1, 0), 0) -> 0 | AI55: =IF($N55<=AI$3+MOD(COLUMN()-Calendar!$O$2, 5), IF(AI$3+MOD(COLUMN()-Calendar!$O$2, 5)<=$O55, 1, 0), 0) -> 0 | AJ55: =IF($N55<=AI$3+MOD(COLUMN()-Calendar!$O$2, 5), IF(AI$3+MOD(COLUMN()-Calendar!$O$2, 5)<=$O55, 1, 0), 0) -> 0 | AK55: =IF($N55<=AI$3+MOD(COLUMN()-Calendar!$O$2, 5), IF(AI$3+MOD(COLUMN()-Calendar!$O$2, 5)<=$O55, 1, 0), 0) -> 0 | AL55: =IF($N55<=AI$3+MOD(COLUMN()-Calendar!$O$2, 5), IF(AI$3+MOD(COLUMN()-Calendar!$O$2, 5)<=$O55, 1, 0), 0) -> 0 | AM55: =IF($N55<=AI$3+MOD(COLUMN()-Calendar!$O$2, 5), IF(AI$3+MOD(COLUMN()-Calendar!$O$2, 5)<=$O55, 1, 0), 0) -> 0 | AN55: =IF($N55<=AN$3+MOD(COLUMN()-Calendar!$O$2, 5), IF(AN$3+MOD(COLUMN()-Calendar!$O$2, 5)<=$O55, 1, 0), 0) -> 0 | AO55: =IF($N55<=AN$3+MOD(COLUMN()-Calendar!$O$2, 5), IF(AN$3+MOD(COLUMN()-Calendar!$O$2, 5)<=$O55, 1, 0), 0) -> 0 | AP55: =IF($N55<=AN$3+MOD(COLUMN()-Calendar!$O$2, 5), IF(AN$3+MOD(COLUMN()-Calendar!$O$2, 5)<=$O55, 1, 0), 0) -> 0 | AQ55: =IF($N55<=AN$3+MOD(COLUMN()-Calendar!$O$2, 5), IF(AN$3+MOD(COLUMN()-Calendar!$O$2, 5)<=$O55, 1, 0), 0) -> 0 | AR55: =IF($N55<=AN$3+MOD(COLUMN()-Calendar!$O$2, 5), IF(AN$3+MOD(COLUMN()-Calendar!$O$2, 5)<=$O55, 1, 0), 0) -> 0 | AS55: =IF($N55<=AS$3+MOD(COLUMN()-Calendar!$O$2, 5), IF(AS$3+MOD(COLUMN()-Calendar!$O$2, 5)<=$O55, 1, 0), 0) -> 0 | AT55: =IF($N55<=AS$3+MOD(COLUMN()-Calendar!$O$2, 5), IF(AS$3+MOD(COLUMN()-Calendar!$O$2, 5)<=$O55, 1, 0), 0) -> 1 | AU55: =IF($N55<=AS$3+MOD(COLUMN()-Calendar!$O$2, 5), IF(AS$3+MOD(COLUMN()-Calendar!$O$2, 5)<=$O55, 1, 0), 0) -> 1 | AV55: =IF($N55<=AS$3+MOD(COLUMN()-Calendar!$O$2, 5), IF(AS$3+MOD(COLUMN()-Calendar!$O$2, 5)<=$O55, 1, 0), 0) -> 1 | AW55: =IF($N55<=AS$3+MOD(COLUMN()-Calendar!$O$2, 5), IF(AS$3+MOD(COLUMN()-Calendar!$O$2, 5)<=$O55, 1, 0), 0) -> 0
